residue,imf1,imf2,imf3,imf4,imf5,imf6,imf7,imf8
-0.014129168,-0.018555053,0.016733158,0.071374275,-0.031064452,0.085163675,0.033051959,0.014666415,0.017681413
-0.014132275,-0.018409194,0.016986081,0.070513796,-0.030350952,0.085020985,0.032965470,0.014649939,0.017678371
-0.014135384,-0.018035726,0.017099314,0.069519431,-0.029570626,0.084858652,0.032877903,0.014633347,0.017675311
-0.014138494,-0.017410079,0.017048888,0.068392647,-0.028725702,0.084676825,0.032789265,0.014616640,0.017672232
-0.014141605,-0.016507680,0.016810831,0.067134910,-0.027818403,0.084475655,0.032699562,0.014599817,0.017669135
-0.014144717,-0.015303959,0.016361174,0.065747690,-0.026850956,0.084255292,0.032608800,0.014582880,0.017666019
-0.014147831,-0.013774344,0.015675945,0.064232452,-0.025825585,0.084015886,0.032516985,0.014565828,0.017662885
-0.014150946,-0.011894263,0.014731175,0.062590664,-0.024744515,0.083757588,0.032424124,0.014548662,0.017659733
-0.014154062,0.015360854,0.013502893,0.060823794,-0.023609972,0.083480548,0.032330224,0.014531382,0.017656563
-0.014157180,0.004744115,0.010238593,0.058933308,-0.022424181,0.083184915,0.032235290,0.014513988,0.017653374
-0.014160299,-0.000577237,0.006771632,0.056920675,-0.021189368,0.082870841,0.032139329,0.014496481,0.017650168
-0.014163419,-0.000707421,0.003206831,0.054787361,-0.019907756,0.082538476,0.032042347,0.014478861,0.017646942
-0.014166540,-0.005750657,-0.000350989,0.052534834,-0.018581573,0.082187970,0.031944351,0.014461128,0.017643699
-0.014169663,0.005100035,-0.004708208,0.050164560,-0.017213042,0.081819473,0.031845347,0.014443283,0.017640438
-0.014172787,0.003935441,-0.006955011,0.047678009,-0.015804389,0.081433135,0.031745341,0.014425326,0.017637158
-0.014175912,-0.007686456,-0.008648780,0.045076646,-0.014357840,0.081029107,0.031644340,0.014407257,0.017633860
-0.014179039,-0.009943675,-0.009610894,0.042361939,-0.012875619,0.080607540,0.031542350,0.014389077,0.017630544
-0.014182167,-0.013014234,-0.009662736,0.039535356,-0.011359953,0.080168582,0.031439378,0.014370786,0.017627210
-0.014185296,0.001977737,-0.006676102,0.035594892,-0.009813065,0.079712385,0.031335429,0.014352384,0.017623858
-0.014188426,0.016123664,-0.002751556,0.031551754,-0.008237181,0.079239099,0.031230510,0.014333872,0.017620487
-0.014191558,-0.006187898,0.002716679,0.027413676,-0.006634527,0.078748874,0.031124628,0.014315249,0.017617099
-0.014194691,-0.013595431,0.008361419,0.023188395,-0.005007327,0.078241860,0.031017789,0.014296517,0.017613692
-0.014197825,-0.025494175,0.013572237,0.018883643,-0.003357808,0.077718208,0.030909999,0.014277675,0.017610268
-0.014200961,-0.014964391,0.017161847,0.013769038,-0.001688193,0.077178068,0.030801265,0.014258724,0.017606825
-0.014204098,0.012030720,0.019349473,0.008590624,-0.000000709,0.076621591,0.030691592,0.014239664,0.017603364
-0.014207236,0.035842937,0.019777481,0.003356325,0.001702420,0.076048925,0.030580988,0.014220496,0.017599886
-0.014210375,0.026977197,0.012935075,-0.001925932,0.003418968,0.075460223,0.030469459,0.014201219,0.017596389
-0.014213516,0.004551080,0.004698818,-0.007248222,0.005146709,0.074855633,0.030357010,0.014181835,0.017592874
-0.014216658,0.002835325,-0.004207885,-0.012602621,0.006883420,0.074235307,0.030243649,0.014162343,0.017589342
-0.014219801,-0.013899330,-0.013061629,-0.017981203,0.008626874,0.073599394,0.030129382,0.014142744,0.017585791
-0.014222946,0.008681716,-0.021202873,-0.023376042,0.010374847,0.072948046,0.030014215,0.014123037,0.017582223
-0.014226091,-0.003600649,-0.024458362,-0.028779213,0.012125112,0.072281411,0.029898154,0.014103225,0.017578636
-0.014229238,-0.002134746,-0.026445631,-0.034182792,0.013875446,0.071599641,0.029781206,0.014083305,0.017575032
-0.014232387,-0.006720913,-0.027370200,-0.039578852,0.015623622,0.070902885,0.029663377,0.014063280,0.017571410
-0.014235536,-0.017159489,-0.027437586,-0.044959469,0.017367415,0.070191294,0.029544674,0.014043150,0.017567770
-0.014238687,-0.013250814,-0.026853307,-0.050316717,0.019104601,0.069465019,0.029425103,0.014022913,0.017564112
-0.014241839,-0.010907728,-0.024710379,-0.055642671,0.020832953,0.068724209,0.029304669,0.014002572,0.017560436
-0.014244993,0.001292621,-0.022437512,-0.060929406,0.022550248,0.067969015,0.029183381,0.013982126,0.017556742
-0.014248147,0.013660584,-0.020350914,-0.066168996,0.024254259,0.067199587,0.029061243,0.013961576,0.017553031
-0.014251303,0.006567601,-0.018827881,-0.071353516,0.025942761,0.066416075,0.028938263,0.013940922,0.017549302
-0.014254460,-0.000174101,-0.017686499,-0.076475041,0.027613529,0.065618629,0.028814446,0.013920163,0.017545555
-0.014257619,-0.011691205,-0.016805939,-0.081525646,0.029264338,0.064807401,0.028689800,0.013899302,0.017541790
-0.014260779,-0.008110394,-0.016065377,-0.086497404,0.030892963,0.063982539,0.028564329,0.013878337,0.017538007
-0.014263940,-0.004366072,-0.015536266,-0.091382392,0.032497178,0.063144196,0.028438042,0.013857269,0.017534207
-0.014267102,-0.000909231,-0.014773470,-0.096172684,0.034074759,0.062292519,0.028310943,0.013836099,0.017530389
-0.014270265,0.007001415,-0.013524134,-0.100860354,0.035623479,0.061427661,0.028183040,0.013814827,0.017526554
-0.014273430,-0.002492865,-0.009935382,-0.105437478,0.037141114,0.060549771,0.028054339,0.013793453,0.017522700
-0.014276596,-0.012472318,-0.005932825,-0.109896129,0.038625439,0.059658999,0.027924846,0.013771977,0.017518829
-0.014279763,0.006638418,-0.001976568,-0.113349497,0.040074227,0.058755496,0.027794568,0.013750401,0.017514941
-0.014282932,0.015937204,0.001715242,-0.116675227,0.041485255,0.057839412,0.027663510,0.013728723,0.017511034
-0.014286102,0.017048529,0.002431365,-0.118784500,0.042856297,0.056910898,0.027531680,0.013706944,0.017507110
-0.014289273,0.013430883,0.002582383,-0.120544319,0.044185127,0.055970103,0.027399083,0.013685066,0.017503169
-0.014292445,0.009813758,0.002220295,-0.121734108,0.045469521,0.055017178,0.027265726,0.013663087,0.017499210
-0.014295619,-0.009073357,0.001397104,-0.122133290,0.046707253,0.054052273,0.027131616,0.013641009,0.017495233
-0.014298794,0.006014109,0.000649731,-0.121284868,0.048262545,0.052472670,0.026996758,0.013618831,0.017491239
-0.014301970,-0.006191490,0.000738868,-0.118916723,0.049766834,0.050881762,0.026861159,0.013596555,0.017487227
-0.014305147,0.014583961,-0.009142426,-0.109494442,0.051218003,0.049280071,0.026724826,0.013574179,0.017483198
-0.014308326,-0.009942268,-0.004189887,-0.099537976,0.052613936,0.047668123,0.026587764,0.013551706,0.017479151
-0.014311505,-0.037742539,0.003112281,-0.088589173,0.053952516,0.046046441,0.026449981,0.013529134,0.017475087
-0.014314687,-0.073415829,0.012501130,-0.076784521,0.055231628,0.044415548,0.026311482,0.013506465,0.017471005
-0.014317869,-0.101561115,0.023713711,-0.064260507,0.056449155,0.042775970,0.026172274,0.013483698,0.017466906
-0.014321053,-0.141777374,0.036487074,-0.051153621,0.057602981,0.041128228,0.026032363,0.013460834,0.017462789
-0.014324237,-0.193663583,0.050558271,-0.037600350,0.058690990,0.039472849,0.025891755,0.013437873,0.017458655
-0.014327424,-0.246818719,0.065664352,-0.023737183,0.059711064,0.037810354,0.025750457,0.013414816,0.017454503
-0.014330611,-0.275841759,0.081542369,-0.009700607,0.060661089,0.036141269,0.025608476,0.013391663,0.017450334
-0.014333800,-0.325331681,0.097929372,0.004372889,0.061538947,0.034466117,0.025465817,0.013368413,0.017446148
-0.014336989,-0.404887461,0.114562412,0.018346816,0.062342522,0.032785421,0.025322488,0.013345069,0.017441944
-0.014340181,-0.464108076,0.131178541,0.032084687,0.063069698,0.031099707,0.025178493,0.013321629,0.017437723
-0.014343373,-0.497196090,0.152118396,0.045450014,0.063718359,0.029409497,0.025033840,0.013298094,0.017433485
-0.014346567,-0.468955911,0.172324457,0.058306309,0.064286388,0.027715316,0.024888535,0.013274465,0.017429229
-0.014349761,-0.403795533,0.191342795,0.070517082,0.064771669,0.026017687,0.024742585,0.013250741,0.017424956
-0.014352957,-0.321122949,0.208719475,0.081945847,0.065172086,0.024317135,0.024595995,0.013226924,0.017420666
-0.014356155,-0.195346155,0.224000568,0.092456114,0.065485523,0.022614183,0.024448773,0.013203013,0.017416358
-0.014359353,-0.025873144,0.236732140,0.101911396,0.065709862,0.020909355,0.024300924,0.013179008,0.017412033
-0.014362553,0.212888090,0.246460261,0.110175205,0.065842988,0.019203175,0.024152455,0.013154911,0.017407691
-0.014365754,0.446529552,0.252730997,0.117111051,0.065882785,0.017496167,0.024003372,0.013130721,0.017403332
-0.014368957,0.600643247,0.255090417,0.122582448,0.065827136,0.015788855,0.023853681,0.013106439,0.017398955
-0.014372160,0.660821183,0.266055338,0.115819893,0.063336190,0.014081762,0.023703390,0.013082064,0.017394562
-0.014375365,0.634761415,0.229761793,0.107643561,0.060755153,0.012375413,0.023552503,0.013057598,0.017390151
-0.014378571,0.443836202,0.189642363,0.098240610,0.058091495,0.010670331,0.023401029,0.013033041,0.017385723
-0.014381778,0.151523854,0.147023577,0.087798201,0.055352687,0.008967041,0.023248972,0.013008392,0.017381277
-0.014384987,-0.123697321,0.103231965,0.076503494,0.052546199,0.007266065,0.023096339,0.012983653,0.017376815
-0.014388196,-0.263349013,0.059594056,0.064543649,0.049679502,0.005567929,0.022943138,0.012958823,0.017372335
-0.014391407,-0.273952914,0.017436380,0.052105826,0.046760066,0.003873156,0.022789373,0.012933903,0.017367839
-0.014394620,-0.209972155,-0.018973092,0.039377186,0.043795363,0.002182269,0.022635052,0.012908894,0.017363325
-0.014397833,-0.104823137,-0.051413120,0.026544888,0.040792863,0.000495793,0.022480180,0.012883795,0.017358794
-0.014401048,-0.019863706,-0.078721021,0.013796092,0.037760036,-0.001185748,0.022324765,0.012858606,0.017354246
-0.014404264,0.023548298,-0.099734114,0.001317958,0.034704353,-0.002861831,0.022168812,0.012833329,0.017349681
-0.014407481,0.014885508,-0.084120195,-0.010702354,0.031633285,-0.004531932,0.022012328,0.012807963,0.017345100
-0.014410699,0.000442478,-0.064132506,-0.021314155,0.028554302,-0.006195526,0.021855319,0.012782510,0.017340501
-0.014413919,0.010864696,-0.044826527,-0.031115457,0.025474875,-0.007852090,0.021697791,0.012756968,0.017335885
-0.014417140,0.009450921,-0.024674533,-0.039940742,0.022402475,-0.009501101,0.021539752,0.012731339,0.017331252
-0.014420362,0.013020367,-0.005669257,-0.047624495,0.019344572,-0.011142033,0.021381207,0.012705622,0.017326602
-0.014423585,0.013392251,0.010196565,-0.054001197,0.016308636,-0.012774364,0.021222162,0.012679818,0.017321935
-0.014426809,0.003444761,0.012810490,-0.051844593,0.013302140,-0.014397569,0.021062625,0.012653928,0.017317251
-0.014430035,-0.009083033,0.011730554,-0.048459793,0.010332552,-0.016011125,0.020902600,0.012627952,0.017312551
-0.014433262,-0.010393088,0.008395083,-0.044091164,0.007407344,-0.017614508,0.020742096,0.012601889,0.017307833
-0.014436490,0.009031437,0.003523604,-0.039206816,0.004757723,-0.019207193,0.020581117,0.012575741,0.017303099
-0.014439720,-0.008518180,0.000061209,-0.033826065,0.002166109,-0.020788657,0.020419671,0.012549508,0.017298347
-0.014442950,0.000742955,-0.000314170,-0.028418424,-0.000361344,-0.022358376,0.020257764,0.012523189,0.017293579
-0.014446182,0.004139062,0.000069078,-0.022986411,-0.002818480,-0.023915826,0.020095402,0.012496786,0.017288794
-0.014449415,-0.003149671,0.001253054,-0.017759000,-0.005199143,-0.025460484,0.019932591,0.012470298,0.017283992
-0.014452650,0.001909089,-0.000011515,-0.012525937,-0.007497178,-0.026991824,0.019769338,0.012443727,0.017279173
-0.014455885,0.007424259,-0.001425587,-0.007701869,-0.009706430,-0.028509325,0.019605649,0.012417071,0.017274338
-0.014459122,0.002748775,-0.002373365,-0.003262212,-0.011820742,-0.030012461,0.019441531,0.012390332,0.017269486
-0.014462360,0.003009570,-0.003013054,0.000817616,-0.013833960,-0.031500708,0.019276990,0.012363510,0.017264617
-0.014465599,-0.011919346,-0.003249930,0.004562199,-0.015739926,-0.032973544,0.019112032,0.012336605,0.017259731
-0.014468840,-0.022163966,-0.002625408,0.005549049,-0.015449280,-0.034430443,0.018946664,0.012309618,0.017254829
-0.014472081,-0.004136594,-0.000133503,0.006272476,-0.015050542,-0.035870883,0.018780891,0.012282548,0.017249909
-0.014475324,0.003819510,0.002526591,0.006779720,-0.014549029,-0.037294338,0.018614721,0.012255397,0.017244973
-0.014478568,0.022074775,0.004941992,0.007118020,-0.013950055,-0.038700286,0.018448160,0.012228164,0.017240021
-0.014481813,0.008139834,0.004788525,0.007105701,-0.013258937,-0.040088203,0.018281214,0.012200850,0.017235052
-0.014485060,0.009800442,0.004040449,0.006987533,-0.012480988,-0.041457564,0.018113889,0.012173455,0.017230066
-0.014488308,0.001982558,0.002760735,0.006779374,-0.011621526,-0.042807845,0.017946192,0.012145979,0.017225063
-0.014491557,-0.005387858,0.001012349,0.006497079,-0.010685863,-0.044138524,0.017778129,0.012118423,0.017220044
-0.014494807,0.004007352,-0.002533936,0.006156503,-0.009679317,-0.045449075,0.017609707,0.012090787,0.017215008
-0.014498058,0.001601628,-0.004322632,0.005773503,-0.008607202,-0.046738976,0.017440931,0.012063072,0.017209956
-0.014501311,-0.001164880,-0.005804960,0.005363934,-0.007474833,-0.048007702,0.017271809,0.012035277,0.017204887
-0.014504564,-0.009466249,-0.006817912,0.004943652,-0.006287526,-0.049254729,0.017102346,0.012007403,0.017199801
-0.014507819,-0.009538456,-0.006481158,0.004873085,-0.005050596,-0.050479533,0.016932549,0.011979450,0.017194699
-0.014511076,0.004831369,-0.005658801,0.004808254,-0.003769358,-0.051681591,0.016762424,0.011951419,0.017189581
-0.014514333,0.013794193,-0.004497621,0.004749754,-0.002449127,-0.052860378,0.016591978,0.011923310,0.017184446
-0.014517592,0.012500989,-0.003144397,0.004698176,-0.001095218,-0.054015372,0.016421217,0.011895124,0.017179294
-0.014520851,0.010956028,-0.001599210,0.004654116,0.000021290,-0.054880285,0.016250148,0.011866859,0.017174126
-0.014524112,-0.000619636,-0.000078921,0.004740028,0.000317159,-0.054998531,0.016078776,0.011838518,0.017168942
-0.014527375,-0.012151651,0.001346306,0.004833403,0.000707766,-0.055167176,0.015907108,0.011810100,0.017163741
-0.014530638,0.011264328,0.002776319,0.004933593,0.001129556,-0.055326215,0.015735150,0.011781606,0.017158523
-0.014533903,0.010395888,0.003447721,0.005039950,0.001579051,-0.055475719,0.015562910,0.011753035,0.017153289
-0.014537169,0.004781614,0.003826119,0.005151826,0.002052774,-0.055615762,0.015390392,0.011724389,0.017148039
-0.014540436,0.004431946,0.003905264,0.005268574,0.002547246,-0.055746415,0.015217604,0.011695667,0.017142773
-0.014543704,-0.000642672,0.003678902,0.005389545,0.003058990,-0.055867750,0.015044552,0.011666869,0.017137490
-0.014546973,-0.000431798,0.002910243,0.005744631,0.003584528,-0.055979838,0.014871242,0.011637997,0.017132190
-0.014550244,-0.004924989,0.001834649,0.006091571,0.004120382,-0.056082753,0.014697681,0.011609051,0.017126875
-0.014553516,0.007092626,-0.000747486,0.006418643,0.004663075,-0.056176566,0.014523874,0.011580030,0.017121543
-0.014556789,-0.001607240,-0.002592610,0.006714125,0.005209128,-0.056261350,0.014349829,0.011550935,0.017116194
-0.014560063,-0.010806215,-0.003903832,0.006966296,0.005755063,-0.056337175,0.014175552,0.011521767,0.017110830
-0.014563338,-0.015778940,-0.004391244,0.007163433,0.006297404,-0.056404115,0.014001048,0.011492525,0.017105449
-0.014566615,-0.013575786,-0.001853929,0.007158535,0.006832671,-0.056462241,0.013826325,0.011463210,0.017100052
-0.014569893,-0.011725035,0.001105862,0.007085675,0.007357388,-0.056511625,0.013651388,0.011433823,0.017094638
-0.014573172,0.000469298,0.003796893,0.006943650,0.007868076,-0.056552340,0.013476245,0.011404364,0.017089209
-0.014576452,0.008703202,0.005527922,0.006731254,0.008361257,-0.056584456,0.013300901,0.011374832,0.017083763
-0.014579734,-0.004912649,0.004555456,0.005845026,0.009073279,-0.056608048,0.013125363,0.011345228,0.017078301
-0.014583016,0.004751470,0.000372984,0.004901201,0.009764755,-0.056623186,0.012949637,0.011315554,0.017072822
-0.014586300,-0.007229855,-0.002108428,0.003913756,0.010436126,-0.056629942,0.012773729,0.011285808,0.017067328
-0.014589585,0.009126882,-0.002886641,0.002896670,0.011087829,-0.056628389,0.012597647,0.011255991,0.017061818
-0.014592871,0.005062066,-0.003216391,0.001863922,0.011720305,-0.056618598,0.012421395,0.011226104,0.017056291
-0.014596159,0.005737506,-0.003273841,0.000829490,0.012333992,-0.056600642,0.012244981,0.011196147,0.017050748
-0.014599447,-0.003788568,-0.003131573,-0.000192647,0.012929329,-0.056574593,0.012068411,0.011166120,0.017045189
-0.014602737,-0.003457924,-0.002862170,-0.001188510,0.013506755,-0.056540522,0.011891692,0.011136024,0.017039614
-0.014606028,-0.013212334,-0.002538214,-0.002144122,0.014066711,-0.056498502,0.011714829,0.011105858,0.017034023
-0.014609320,0.001338943,-0.001551425,-0.003058874,0.014609634,-0.056448605,0.011537829,0.011075624,0.017028416
-0.014612613,0.000916683,-0.000633125,-0.003922596,0.015135964,-0.056390902,0.011360698,0.011045321,0.017022793
-0.014615908,0.005574171,0.000166226,-0.004738487,0.015646139,-0.056325466,0.011183443,0.011014950,0.017017153
-0.014619203,0.010364693,0.000796169,-0.005509747,0.016140600,-0.056252369,0.011006070,0.010984511,0.017011498
-0.014622500,-0.009416935,0.000871221,-0.006146083,0.016619785,-0.056171683,0.010828586,0.010954004,0.017005827
-0.014625798,-0.008598720,0.000340618,-0.006769098,0.017084134,-0.056083480,0.010650996,0.010923430,0.017000140
-0.014629098,-0.002694322,-0.000254245,-0.007406900,0.017534084,-0.055987831,0.010473308,0.010892790,0.016994437
-0.014632398,0.008193658,-0.000783033,-0.008087598,0.017970077,-0.055884810,0.010295527,0.010862082,0.016988718
-0.014635700,0.008962620,-0.001115410,-0.008839300,0.018392549,-0.055774488,0.010117660,0.010831308,0.016982982
-0.014639002,0.009283555,-0.000894633,-0.009690117,0.018801942,-0.055656936,0.009939713,0.010800469,0.016977232
-0.014642306,-0.005578185,-0.000358317,-0.010668155,0.019198694,-0.055532228,0.009761693,0.010769563,0.016971465
-0.014645612,-0.010583658,0.000944537,-0.012263733,0.019583243,-0.055400435,0.009583606,0.010738592,0.016965682
-0.014648918,-0.010573168,0.002557467,-0.014180456,0.019956030,-0.055261629,0.009405458,0.010707557,0.016959883
-0.014652225,-0.000499246,0.004236473,-0.016222170,0.020317493,-0.055115882,0.009227255,0.010676456,0.016954069
-0.014655534,-0.000193669,0.005783809,-0.018359723,0.020668071,-0.054963266,0.009049005,0.010645291,0.016948238
-0.014658844,0.010511787,0.007001729,-0.020563967,0.021008204,-0.054803854,0.008870713,0.010614062,0.016942392
-0.014662155,-0.002215162,0.006692993,-0.022805752,0.021338330,-0.054637717,0.008692386,0.010582770,0.016936530
-0.014665467,-0.009458818,0.005912378,-0.025055929,0.021658889,-0.054464927,0.008514030,0.010551413,0.016930653
-0.014668781,-0.006303986,0.004715168,-0.027285347,0.021970319,-0.054285556,0.008335651,0.010519994,0.016924759
-0.014672095,-0.002835474,0.003156647,-0.029464857,0.022273061,-0.054099677,0.008157256,0.010488512,0.016918850
-0.014675411,-0.004138089,0.001292097,-0.031565310,0.022567553,-0.053907361,0.007978851,0.010456967,0.016912925
-0.014678728,0.005991639,-0.002111473,-0.033557556,0.022854234,-0.053708681,0.007800443,0.010425360,0.016906984
-0.014682046,-0.000655013,-0.003874864,-0.035412445,0.023133543,-0.053503708,0.007622038,0.010393692,0.016901027
-0.014685365,-0.013176344,-0.004929302,-0.037100829,0.023405919,-0.053292515,0.007443641,0.010361961,0.016895055
-0.014688685,0.001065163,-0.003642043,-0.037893339,0.023671802,-0.053075173,0.007265261,0.010330170,0.016889067
-0.014692007,0.009578139,-0.001821536,-0.038490534,0.023931631,-0.052852778,0.007087926,0.010298318,0.016883064
-0.014695330,0.012838992,0.000055779,-0.038892752,0.024185844,-0.052624378,0.006910618,0.010266405,0.016877045
-0.014698654,0.006722691,0.001114898,-0.039381440,0.024715987,-0.052390043,0.006733342,0.010234431,0.016871010
-0.014701979,-0.009051563,0.001636587,-0.039675282,0.025240843,-0.052149846,0.006556106,0.010202398,0.016864959
-0.014705305,-0.009107461,0.001244501,-0.039774069,0.025760301,-0.051903857,0.006378914,0.010170305,0.016858893
-0.014708633,0.001036931,-0.000922857,-0.038298058,0.026274251,-0.051652148,0.006201771,0.010138153,0.016852811
-0.014711961,0.001122094,-0.003204911,-0.036648132,0.026782583,-0.051394790,0.006024683,0.010105942,0.016846714
-0.014715291,0.005888508,-0.005629485,-0.034536772,0.027285186,-0.051131853,0.005847655,0.010073672,0.016840601
-0.014718622,0.003459870,-0.006000311,-0.032283766,0.027781949,-0.050863410,0.005670694,0.010041344,0.016834473
-0.014721954,-0.004507253,-0.005962858,-0.029900036,0.028272762,-0.050589531,0.005493805,0.010008958,0.016828329
-0.014725287,-0.012973081,-0.005545812,-0.027396502,0.028757515,-0.050310287,0.005316992,0.009976514,0.016822170
-0.014728622,-0.002953053,-0.003722634,-0.024784084,0.029236095,-0.050025750,0.005140262,0.009944012,0.016815995
-0.014731957,0.016745077,-0.001674475,-0.022073705,0.029708394,-0.049735991,0.004963621,0.009911454,0.016809805
-0.014735294,0.016258334,0.000472738,-0.019276285,0.030174300,-0.049441081,0.004787073,0.009878839,0.016803599
-0.014738632,0.010899620,0.002417200,-0.016402744,0.030633703,-0.049141092,0.004610624,0.009846167,0.016797378
-0.014741971,-0.004564653,0.004403594,-0.013464005,0.031086492,-0.048836094,0.004434280,0.009813439,0.016791141
-0.014745311,-0.015192195,0.006500727,-0.010470987,0.031532556,-0.048526158,0.004258046,0.009780655,0.016784889
-0.014748652,0.002979505,0.009757187,-0.007434611,0.031971786,-0.048211357,0.004081928,0.009747816,0.016778621
-0.014751995,0.010993832,0.013140684,-0.004365799,0.032404070,-0.047891761,0.003905931,0.009714922,0.016772338
-0.014755338,0.003914392,0.016598710,-0.001275471,0.032829298,-0.047567441,0.003730061,0.009681972,0.016766040
-0.014758683,0.006804790,0.020078755,0.001825451,0.033247359,-0.047238468,0.003554323,0.009648968,0.016759726
-0.014762029,-0.005669326,0.023926270,0.004926048,0.033658143,-0.046904914,0.003378723,0.009615910,0.016753397
-0.014765376,-0.006783808,0.026428203,0.008015397,0.034061539,-0.046566850,0.003203267,0.009582798,0.016747053
-0.014768725,-0.007682552,0.028739547,0.011082578,0.034457436,-0.046224347,0.003027959,0.009549633,0.016740693
-0.014772074,-0.003359118,0.030864957,0.014116671,0.034845724,-0.045877476,0.002852806,0.009516414,0.016734318
-0.014775425,0.011192936,0.032809091,0.017106754,0.035226293,-0.045526309,0.002677813,0.009483142,0.016727928
-0.014778776,0.010980049,0.034576604,0.020041906,0.035599031,-0.045170916,0.002502985,0.009449817,0.016721523
-0.014782129,0.006678058,0.035502758,0.022911206,0.035963829,-0.044811369,0.002328328,0.009416440,0.016715102
-0.014785483,-0.012359621,0.036245233,0.025703734,0.036320575,-0.044447739,0.002153847,0.009383011,0.016708666
-0.014788839,-0.005444226,0.036126364,0.028408568,0.036669159,-0.044080098,0.001979548,0.009349531,0.016702215
-0.014792195,0.001848224,0.035733266,0.031014788,0.037009470,-0.043708516,0.001805437,0.009315999,0.016695749
-0.014795552,0.014607660,0.034987105,0.033511473,0.037341398,-0.043333064,0.001631519,0.009282416,0.016689267
-0.014798911,-0.000609934,0.032342995,0.035887702,0.037664833,-0.042953814,0.001457800,0.009248782,0.016682770
-0.014802271,-0.000384357,0.030754386,0.036769999,0.037979663,-0.042570838,0.001284284,0.009215098,0.016676258
-0.014805632,-0.009829353,0.028968124,0.037525437,0.038285778,-0.042184205,0.001110978,0.009181363,0.016669731
-0.014808994,-0.008658690,0.026693635,0.038158536,0.038583067,-0.041793988,0.000937887,0.009147579,0.016663189
-0.014812357,0.007513785,0.024540423,0.038673814,0.038871421,-0.041400257,0.000765017,0.009113745,0.016656632
-0.014815721,-0.001567202,0.022759419,0.039075789,0.039150727,-0.041003085,0.000592373,0.009079863,0.016650060
-0.014819087,-0.005822524,0.021267154,0.039368980,0.039420876,-0.040602541,0.000419960,0.009045931,0.016643472
-0.014822454,0.004869602,0.019937501,0.039557907,0.039681758,-0.040198697,0.000247785,0.009011951,0.016636870
-0.014825821,-0.003838511,0.018113806,0.039647086,0.039933260,-0.039791625,0.000075852,0.008977922,0.016630252
-0.014829190,0.004012566,0.014832296,0.039641038,0.040175274,-0.039381395,-0.000095832,0.008943846,0.016623620
-0.014832560,0.007530481,0.010980981,0.039544280,0.040407688,-0.038968079,-0.000267263,0.008909722,0.016616972
-0.014835931,-0.004049900,0.007320652,0.039361332,0.040630392,-0.038551748,-0.000438435,0.008875551,0.016610310
-0.014839304,0.003264141,0.004854249,0.039096711,0.040843275,-0.038132474,-0.000609341,0.008841333,0.016603632
-0.014842677,0.004155043,0.003894989,0.038754938,0.041046226,-0.037710326,-0.000779978,0.008807068,0.016596940
-0.014846052,-0.000248697,0.003310033,0.038423471,0.041156194,-0.037285377,-0.000950339,0.008772757,0.016590232
-0.014849428,-0.004603951,0.002751910,0.038023401,0.041256496,-0.036857698,-0.001120418,0.008738400,0.016583510
-0.014852805,0.002043624,0.001261935,0.037558760,0.041347509,-0.036427360,-0.001290211,0.008703998,0.016576773
-0.014856183,0.008968222,-0.000438430,0.037033580,0.041429608,-0.035994433,-0.001459711,0.008669550,0.016570020
-0.014859562,-0.003962111,-0.002221573,0.036451892,0.041503169,-0.035558991,-0.001628914,0.008635057,0.016563253
-0.014862942,-0.006948776,-0.003890434,0.035817730,0.041568570,-0.035121102,-0.001797813,0.008600519,0.016556471
-0.014866323,-0.015210537,-0.005230595,0.035135123,0.041626186,-0.034680840,-0.001966403,0.008565937,0.016549674
-0.014869706,-0.000114928,-0.004878863,0.034408105,0.041676393,-0.034238274,-0.002134679,0.008531311,0.016542863
-0.014873090,0.004625424,-0.003307398,0.032821153,0.041719568,-0.033793476,-0.002302635,0.008496641,0.016536036
-0.014876474,0.014149120,-0.001484058,0.031203209,0.041756086,-0.033346518,-0.002470265,0.008461927,0.016529195
-0.014879860,-0.006192892,0.000230512,0.029563664,0.041786324,-0.032897470,-0.002637565,0.008427171,0.016522339
-0.014883247,-0.006450273,0.001876272,0.027911904,0.041810659,-0.032446404,-0.002804528,0.008392371,0.016515468
-0.014886636,-0.011460340,0.003280840,0.026257319,0.041829465,-0.031993391,-0.002971149,0.008357529,0.016508582
-0.014890025,-0.000692708,0.003919869,0.024593562,0.041843121,-0.031538501,-0.003137422,0.008322645,0.016501682
-0.014893415,0.000353794,0.004275090,0.022937417,0.041852000,-0.031081807,-0.003303343,0.008287719,0.016494767
-0.014896807,0.011548040,0.004476271,0.021289932,0.041856481,-0.030623380,-0.003468905,0.008252752,0.016487837
-0.014900200,0.008044890,0.004367193,0.019652157,0.041856939,-0.030163290,-0.003634102,0.008217743,0.016480893
-0.014903593,-0.005606835,0.004397675,0.018025138,0.041853750,-0.029701609,-0.003798931,0.008182694,0.016473933
-0.014906988,-0.009572324,0.004731548,0.016409925,0.041847290,-0.029238408,-0.003963384,0.008147604,0.016466959
-0.014910384,0.000465066,0.006050808,0.014807567,0.041837937,-0.028773758,-0.004127456,0.008112473,0.016459971
-0.014913782,0.005499318,0.007360114,0.013219110,0.041826065,-0.028307731,-0.004291143,0.008077303,0.016452968
-0.014917180,-0.003832902,0.008021441,0.011645605,0.041812051,-0.027840397,-0.004454437,0.008042093,0.016445950
-0.014920579,0.004514748,0.005987086,0.010088099,0.041796271,-0.027371828,-0.004617335,0.008006843,0.016438918
-0.014923980,-0.010944882,0.002742842,0.008547640,0.041779102,-0.026902096,-0.004779830,0.007971555,0.016431871
-0.014927382,-0.006095272,-0.000829171,0.007025278,0.041760919,-0.026431270,-0.004941916,0.007936228,0.016424809
-0.014930784,-0.006579303,-0.004087433,0.005522060,0.041742099,-0.025959423,-0.005103589,0.007900862,0.016417733
-0.014934188,0.006223091,-0.005653367,0.004039035,0.041723018,-0.025486625,-0.005264843,0.007865459,0.016410642
-0.014937593,0.001696565,-0.004912988,0.002577251,0.041704053,-0.025012948,-0.005425672,0.007830018,0.016403537
-0.014940999,-0.008534990,-0.003680274,0.001326485,0.041685578,-0.024538464,-0.005586070,0.007794539,0.016396417
-0.014944407,-0.009574122,-0.001660810,0.000094558,0.041667972,-0.024063242,-0.005746033,0.007759023,0.016389283
-0.014947815,-0.005780419,0.000508133,-0.001121981,0.041651609,-0.023587355,-0.005905554,0.007723471,0.016382134
-0.014951225,0.003047269,0.002628544,-0.002326584,0.041636866,-0.023110873,-0.006064629,0.007687882,0.016374971
-0.014954635,0.012110095,0.004502413,-0.003522701,0.041624119,-0.022633868,-0.006223251,0.007652257,0.016367793
-0.014958047,0.012229281,0.004994691,-0.004396818,0.041613745,-0.022156411,-0.006381416,0.007616596,0.016360601
-0.014961460,0.007706342,0.005119345,-0.005264729,0.041606119,-0.021678573,-0.006539117,0.007580899,0.016353395
-0.014964874,0.003462865,0.004953306,-0.006125261,0.041601618,-0.021200426,-0.006696349,0.007545168,0.016346174
-0.014968289,-0.010579561,0.004573502,-0.006977242,0.041600618,-0.020722040,-0.006853106,0.007509401,0.016338939
-0.014971705,0.011109221,0.003448293,-0.007819501,0.041603495,-0.020243487,-0.007009384,0.007473600,0.016331689
-0.014975122,0.007521034,0.002584373,-0.008650864,0.041610626,-0.019764838,-0.007165176,0.007437765,0.016324425
-0.014978540,0.003865766,0.001770372,-0.009470162,0.041622386,-0.019286164,-0.007320477,0.007401895,0.016317147
-0.014981960,0.000130678,0.001017544,-0.010276220,0.041639152,-0.018807536,-0.007475282,0.007365993,0.016309854
-0.014985380,-0.003696967,0.000337145,-0.011067868,0.041661299,-0.018329026,-0.007629585,0.007330056,0.016302547
-0.014988802,-0.017629906,-0.000259571,-0.011843933,0.041689205,-0.017850704,-0.007783380,0.007294087,0.016295226
-0.014992225,-0.002081191,-0.000361035,-0.012603243,0.041723245,-0.017372642,-0.007936662,0.007258085,0.016287890
-0.014995649,0.008434876,-0.000454428,-0.013344627,0.041763796,-0.016894912,-0.008089425,0.007222051,0.016280541
-0.014999074,0.019003679,-0.000626617,-0.014066912,0.041811233,-0.016417584,-0.008241665,0.007185985,0.016273176
-0.015002500,0.000192597,-0.001446464,-0.014768926,0.041865933,-0.015940729,-0.008393375,0.007149887,0.016265798
-0.015005927,-0.013503011,-0.002410810,-0.015449498,0.041928272,-0.015464419,-0.008544549,0.007113758,0.016258406
-0.015009356,-0.017105791,-0.003498492,-0.016107455,0.041998627,-0.014988725,-0.008695183,0.007077598,0.016250999
-0.015012785,-0.000861648,-0.004465089,-0.016741625,0.042077373,-0.014513718,-0.008845271,0.007041407,0.016243578
-0.015016215,0.015340486,-0.005423150,-0.017350837,0.042164887,-0.014039469,-0.008994807,0.007005185,0.016236143
-0.015019647,0.011055934,-0.005929482,-0.017933918,0.042261544,-0.013566050,-0.009143786,0.006968934,0.016228694
-0.015023080,0.006572566,-0.006273439,-0.018489697,0.042367722,-0.013093531,-0.009292202,0.006932652,0.016221230
-0.015026514,-0.003154232,-0.006411887,-0.019017000,0.042483796,-0.012621984,-0.009440050,0.006896342,0.016213753
-0.015029948,-0.013169079,-0.006729871,-0.018807619,0.042331282,-0.012151481,-0.009587325,0.006860002,0.016206261
-0.015033384,-0.009329730,-0.005949423,-0.018561183,0.042189664,-0.011682091,-0.009734020,0.006823633,0.016198756
-0.015036822,-0.000746501,-0.004968194,-0.018270281,0.042059566,-0.011213887,-0.009880130,0.006787235,0.016191236
-0.015040260,0.002657151,-0.003870695,-0.017927506,0.041941609,-0.010746940,-0.010025650,0.006750810,0.016183702
-0.015043699,0.005957771,-0.002741436,-0.017525448,0.041836418,-0.010281320,-0.010170574,0.006714356,0.016176154
-0.015047139,0.003628492,-0.001061521,-0.017056698,0.041744616,-0.009817100,-0.010314896,0.006677875,0.016168592
-0.015050581,-0.003833683,0.000664084,-0.016513847,0.041666827,-0.009354350,-0.010458612,0.006641367,0.016161016
-0.015054024,0.003664788,0.002333869,-0.015889485,0.041603673,-0.008893141,-0.010601715,0.006604832,0.016153426
-0.015057467,-0.004956874,0.005020645,-0.015176205,0.041555777,-0.008433544,-0.010744201,0.006568270,0.016145823
-0.015060912,0.007150383,0.006867393,-0.014366597,0.041523764,-0.007975632,-0.010886063,0.006531681,0.016138205
-0.015064358,-0.004391484,0.007244189,-0.013453252,0.041508257,-0.007519475,-0.011027296,0.006495067,0.016130573
-0.015067805,-0.005367864,0.006928457,-0.012428760,0.041509878,-0.007065143,-0.011167895,0.006458427,0.016122927
-0.015071253,-0.010822576,0.005956046,-0.011285713,0.041529251,-0.006612709,-0.011307854,0.006421762,0.016115268
-0.015074702,-0.010414635,0.003120459,-0.009159154,0.041567000,-0.006162244,-0.011447167,0.006385072,0.016107594
-0.015078152,0.005236147,-0.000098826,-0.006909310,0.041623747,-0.005713819,-0.011585829,0.006348357,0.016099907
-0.015081603,0.015894760,-0.003464677,-0.004538858,0.041700116,-0.005267504,-0.011723835,0.006311618,0.016092205
-0.015085056,0.001440220,-0.006853990,-0.002050477,0.041796731,-0.004823372,-0.011861178,0.006274854,0.016084490
-0.015088509,-0.008417354,-0.009974765,0.000553155,0.041914214,-0.004381493,-0.011997854,0.006238067,0.016076761
-0.015091964,-0.018853813,-0.013218377,0.003838708,0.042053189,-0.003941938,-0.012133857,0.006201256,0.016069018
-0.015095419,-0.012070759,-0.013790728,0.007213127,0.042214279,-0.003504780,-0.012269182,0.006164423,0.016061261
-0.015098876,-0.005872791,-0.013864070,0.010652705,0.042398108,-0.003070088,-0.012403822,0.006127566,0.016053491
-0.015102334,-0.005090255,-0.013584909,0.014133736,0.042605298,-0.002637934,-0.012537773,0.006090687,0.016045707
-0.015105793,0.000446501,-0.013099749,0.017632513,0.042836473,-0.002208390,-0.012671028,0.006053786,0.016037909
-0.015109253,0.005907132,-0.012555094,0.021125330,0.043092257,-0.001781527,-0.012803583,0.006016863,0.016030097
-0.015112714,-0.004496120,-0.011140040,0.024588480,0.043373273,-0.001357415,-0.012935431,0.005979918,0.016022272
-0.015116176,-0.009135407,-0.010459285,0.027998256,0.043680143,-0.000936126,-0.013066568,0.005942952,0.016014432
-0.015119639,-0.008859321,-0.009641089,0.031330953,0.044013492,-0.000517731,-0.013196988,0.005905965,0.016006579
-0.015123103,0.006103789,-0.008433953,0.034562863,0.044373942,-0.000102301,-0.013326685,0.005868958,0.015998713
-0.015126569,-0.000229802,-0.005831005,0.037670279,0.044762117,0.000310092,-0.013455653,0.005831930,0.015990833
-0.015130035,-0.011865324,-0.002803866,0.040629496,0.045178641,0.000719377,-0.013583888,0.005794883,0.015982939
-0.015133503,0.011565653,0.000302183,0.043416807,0.045624135,0.001125484,-0.013711384,0.005757815,0.015975031
-0.015136971,0.010304847,0.003268572,0.046008505,0.046099225,0.001528340,-0.013838135,0.005720729,0.015967110
-0.015140441,0.019723013,0.005747695,0.048380883,0.046604533,0.001927876,-0.013964135,0.005683623,0.015959175
-0.015143912,0.020190905,0.007391947,0.050510236,0.047140682,0.002324018,-0.014089379,0.005646499,0.015951227
-0.015147383,0.015259433,0.005636559,0.051409862,0.047708296,0.002716697,-0.014213863,0.005609356,0.015943265
-0.015150856,0.006200131,0.003270521,0.052018682,0.048307997,0.003105841,-0.014337579,0.005572196,0.015935289
-0.015154330,-0.007535312,0.000865659,0.052312621,0.048940410,0.003491379,-0.014460523,0.005535017,0.015927300
-0.015157805,0.004760302,-0.002261710,0.052267606,0.049606158,0.003873240,-0.014582689,0.005497822,0.015919298
-0.015161281,-0.000177308,-0.002823785,0.051859561,0.050305864,0.004251352,-0.014704071,0.005460609,0.015911282
-0.015164758,-0.000580987,-0.000418631,0.048488018,0.051470969,0.004625645,-0.014824665,0.005423379,0.015903252
-0.015168237,-0.001177097,0.002524022,0.044742733,0.052667875,0.004996047,-0.014944464,0.005386133,0.015895209
-0.015171716,-0.006692000,0.005720020,0.040637070,0.053893802,0.005362487,-0.015063463,0.005348870,0.015887152
-0.015175196,-0.011852059,0.008885207,0.036184390,0.055145969,0.005724893,-0.015181656,0.005311592,0.015879082
-0.015178678,-0.016383635,0.013223493,0.029909992,0.056421596,0.006083195,-0.015299039,0.005274299,0.015870999
-0.015182160,-0.008158591,0.015088898,0.023334565,0.057717902,0.006437322,-0.015415605,0.005236990,0.015862902
-0.015185644,0.011012059,0.016262652,0.016490737,0.059032107,0.006787201,-0.015531348,0.005199666,0.015854792
-0.015189128,0.026171802,0.016671491,0.009411132,0.060361431,0.007132763,-0.015646265,0.005162328,0.015846668
-0.015192614,0.037364124,0.016242146,0.002128379,0.061703093,0.007473936,-0.015760348,0.005124975,0.015838531
-0.015196101,0.007981860,0.011552003,-0.005324898,0.063054313,0.007810648,-0.015873592,0.005087609,0.015830381
-0.015199589,-0.020768095,0.006364384,-0.012916071,0.064412311,0.008142828,-0.015985993,0.005050229,0.015822217
-0.015203078,-0.009329495,0.001093265,-0.020612514,0.065774307,0.008470406,-0.016097543,0.005012835,0.015814040
-0.015206568,-0.013146095,-0.003847382,-0.028381601,0.067137519,0.008793309,-0.016208239,0.004975429,0.015805850
-0.015210059,-0.012661650,-0.008043581,-0.036190706,0.068499168,0.009111468,-0.016318074,0.004938010,0.015797646
-0.015213551,-0.023319914,-0.011081359,-0.044007202,0.069856473,0.009424810,-0.016427042,0.004900579,0.015789429
-0.015217044,-0.018313066,-0.009798318,-0.051798463,0.071206654,0.009733264,-0.016535139,0.004863136,0.015781199
-0.015220538,-0.009576973,-0.007288372,-0.059531863,0.072546930,0.010036760,-0.016642359,0.004825681,0.015772955
-0.015224033,0.003204073,-0.003897009,-0.067174775,0.073874522,0.010335226,-0.016748696,0.004788214,0.015764699
-0.015227529,-0.002447204,0.002394853,-0.074266158,0.075186649,0.010628591,-0.016854144,0.004750737,0.015756429
-0.015231027,0.005138181,0.004016405,-0.079901345,0.076480530,0.010916783,-0.016958699,0.004713249,0.015748146
-0.015234525,0.000925969,0.002266283,-0.085341867,0.077753385,0.011199732,-0.017062354,0.004675750,0.015739849
-0.015238025,-0.007407244,-0.000595995,-0.090520991,0.079002435,0.011477366,-0.017165105,0.004638241,0.015731540
-0.015241525,-0.005909614,-0.003586156,-0.095371988,0.080224897,0.011749614,-0.017266945,0.004600723,0.015723217
-0.015245027,0.003453327,-0.004802557,-0.099828125,0.081417993,0.012016405,-0.017367869,0.004563195,0.015714882
-0.015248529,0.005796791,-0.004424294,-0.103822672,0.082578941,0.012277667,-0.017467872,0.004525657,0.015706533
-0.015252033,-0.002305479,-0.004088994,-0.107288898,0.083704962,0.012533330,-0.017566948,0.004488111,0.015698171
-0.015255538,0.004305008,-0.004019035,-0.110160071,0.084793275,0.012783323,-0.017665092,0.004450557,0.015689796
-0.015259043,-0.008658537,-0.000446549,-0.111914425,0.085841099,0.013027573,-0.017762297,0.004412994,0.015681407
-0.015262550,0.007612832,0.008203198,-0.112805946,0.086718808,0.013266011,-0.017858559,0.004375423,0.015673006
-0.015266058,-0.004530560,0.014508526,-0.112887388,0.087550573,0.013498564,-0.017953873,0.004337845,0.015664592
-0.015269567,-0.000184577,0.013493944,-0.112084654,0.088333721,0.013725161,-0.018048231,0.004300260,0.015656165
-0.015273077,0.011000072,0.004474654,-0.105059499,0.089065578,0.013945732,-0.018141630,0.004262667,0.015647724
-0.015276588,-0.011312864,-0.006862198,-0.097160079,0.089743469,0.014160205,-0.018234063,0.004225068,0.015639271
-0.015280100,-0.018900834,-0.018652416,-0.088470400,0.090364721,0.014368509,-0.018325525,0.004187463,0.015630805
-0.015283613,-0.002838990,-0.029734104,-0.079074469,0.090926658,0.014570573,-0.018416010,0.004149851,0.015622326
-0.015287127,0.008547929,-0.041695776,-0.069056290,0.091426607,0.014766325,-0.018505514,0.004112234,0.015613833
-0.015290642,0.016372783,-0.055563549,-0.058499869,0.091861893,0.014955695,-0.018594029,0.004074612,0.015605328
-0.015294159,0.018212805,-0.073827908,-0.047489212,0.092229843,0.015138610,-0.018681552,0.004036985,0.015596810
-0.015297676,0.005877696,-0.093211811,-0.036108324,0.092527782,0.015315001,-0.018768076,0.003999353,0.015588279
-0.015301194,-0.002358475,-0.111902583,-0.024441212,0.092753035,0.015484795,-0.018853596,0.003961716,0.015579735
-0.015304714,0.012271949,-0.133581132,-0.012571881,0.092902929,0.015647922,-0.018938106,0.003924075,0.015571179
-0.015308234,-0.025384024,-0.128246682,-0.000345376,0.092974789,0.015804310,-0.019021600,0.003886431,0.015562609
-0.015311755,-0.092851435,-0.118049934,0.011916781,0.092965941,0.015953889,-0.019104075,0.003848783,0.015554027
-0.015315278,-0.139621731,-0.103414138,0.024132031,0.093167040,0.015678057,-0.019060322,0.003811132,0.015545431
-0.015318801,-0.200186362,-0.084762545,0.036217811,0.093281897,0.015395471,-0.019015551,0.003773479,0.015536823
-0.015322326,-0.269036775,-0.062518406,0.048091562,0.093307652,0.015106259,-0.018969768,0.003735822,0.015528202
-0.015325851,-0.330664421,-0.037104973,0.059670723,0.093241446,0.014810547,-0.018922981,0.003698164,0.015519569
-0.015329378,-0.346344060,-0.002162183,0.070872733,0.093080417,0.014508465,-0.018875198,0.003660504,0.015510922
-0.015332906,-0.303318297,0.034637869,0.081615031,0.092821706,0.014200138,-0.018826425,0.003622842,0.015502263
-0.015336434,-0.235613048,0.072406399,0.091815056,0.092462454,0.013885695,-0.018776670,0.003585179,0.015493591
-0.015339964,-0.142254230,0.110254625,0.101390249,0.091999799,0.013565262,-0.018723672,0.003545247,0.015484907
-0.015343495,-0.042267762,0.147293764,0.110258047,0.091430884,0.013238967,-0.018669707,0.003505314,0.015476209
-0.015347027,0.165320442,0.182635034,0.118335890,0.090752846,0.012906938,-0.018614781,0.003465381,0.015467499
-0.015350559,0.381484462,0.215389652,0.125541218,0.089962827,0.012569301,-0.018558903,0.003425448,0.015458777
-0.015354093,0.577198383,0.244668835,0.131791470,0.089057967,0.012226184,-0.018502080,0.003385515,0.015450041
-0.015357628,0.703436287,0.269583802,0.137004084,0.088035405,0.011877715,-0.018444319,0.003345583,0.015441294
-0.015361164,0.746172256,0.289245768,0.141096500,0.086892283,0.011524021,-0.018385626,0.003305651,0.015432533
-0.015364701,0.740012946,0.271730830,0.134217259,0.082797189,0.011165229,-0.018326011,0.003265720,0.015423760
-0.015368239,0.625256005,0.249013568,0.126257439,0.078586696,0.010801467,-0.018265479,0.003225790,0.015414974
-0.015371778,0.400831654,0.222033439,0.117339221,0.074268824,0.010432862,-0.018204038,0.003185862,0.015406176
-0.015375318,0.120670113,0.191729901,0.107584786,0.069851594,0.010059542,-0.018141696,0.003145936,0.015397365
-0.015378859,-0.106298397,0.159042412,0.097116313,0.065343028,0.009681633,-0.018078460,0.003106012,0.015388541
-0.015382401,-0.216143656,0.124910429,0.086055983,0.060751146,0.009299263,-0.018014337,0.003066090,0.015379705
-0.015385944,-0.284935444,0.090273412,0.074525976,0.056083969,0.008912560,-0.017949334,0.003026171,0.015370857
-0.015389488,-0.293743539,0.056070816,0.062648472,0.051349520,0.008521651,-0.017883459,0.002986254,0.015361996
-0.015393033,-0.268637723,0.023242100,0.050545652,0.046555819,0.008126663,-0.017816719,0.002946341,0.015353122
-0.015396580,-0.203412416,-0.004548634,0.038339696,0.041710887,0.007727724,-0.017749122,0.002906431,0.015344236
-0.015400127,-0.131247455,-0.029251875,0.026152785,0.036822745,0.007324961,-0.017680674,0.002866525,0.015335338
-0.015403675,-0.058047317,-0.050093465,0.014107097,0.031899415,0.006918501,-0.017611384,0.002826623,0.015326427
-0.015407224,-0.024716481,-0.066299248,0.002324815,0.026948917,0.006508472,-0.017541257,0.002786725,0.015317504
-0.015410774,0.007840575,-0.077095068,-0.009071882,0.021979273,0.006095002,-0.017470303,0.002746831,0.015308568
-0.015414326,0.000328324,-0.058389776,-0.019886756,0.016998504,0.005678217,-0.017398527,0.002706942,0.015299620
-0.015417878,0.008117014,-0.040609363,-0.030072207,0.012014631,0.005258245,-0.017325938,0.002667059,0.015290660
-0.015421431,0.005123598,-0.022800579,-0.039506580,0.007035676,0.004835214,-0.017252543,0.002627180,0.015281687
-0.015424986,0.003702746,-0.007447892,-0.048068216,0.002069659,0.004409250,-0.017178348,0.002587307,0.015272702
-0.015428541,-0.011352753,0.005526111,-0.055635459,-0.002875399,0.003980481,-0.017103362,0.002547440,0.015263704
-0.015432097,-0.000217810,0.008729176,-0.054649288,-0.007791476,0.003549035,-0.017027591,0.002507579,0.015254694
-0.015435655,0.001498765,0.010316733,-0.052664462,-0.012670551,0.003115038,-0.016951043,0.002467725,0.015245672
-0.015439213,0.003548434,0.010646574,-0.049798379,-0.017504603,0.002678619,-0.016873726,0.002427877,0.015236638
-0.015442772,0.015682660,0.010076491,-0.046168432,-0.022285611,0.002239905,-0.016795646,0.002388036,0.015227591
-0.015446333,-0.001495072,0.008112254,-0.041892020,-0.027005553,0.001799022,-0.016716810,0.002348202,0.015218532
-0.015449894,-0.013973190,0.005851543,-0.037086536,-0.031656409,0.001356099,-0.016637228,0.002308375,0.015209461
-0.015453456,-0.012745096,0.004397017,-0.032064452,-0.036035083,0.000911263,-0.016556904,0.002268557,0.015200378
-0.015457020,-0.001982188,0.003029326,-0.026747746,-0.040328971,0.000464641,-0.016475848,0.002228746,0.015191282
-0.015460584,0.003287140,0.001886119,-0.021253470,-0.044530396,0.000016360,-0.016394065,0.002188943,0.015182175
-0.015464150,0.008034492,0.001143451,-0.015737080,-0.048631680,-0.000433451,-0.016311564,0.002149149,0.015173055
-0.015467716,-0.009259881,0.002389865,-0.010275169,-0.052625145,-0.000884667,-0.016228352,0.002109364,0.015163923
-0.015471284,-0.001292163,0.003428741,-0.004982731,-0.056503113,-0.001337158,-0.016144436,0.002069588,0.015154779
-0.015474852,0.006834650,0.004470273,0.000025236,-0.060257906,-0.001790799,-0.016059823,0.002029822,0.015145622
-0.015478422,0.015431553,0.005310665,0.004633738,-0.063881847,-0.002245461,-0.015974521,0.001990064,0.015136454
-0.015481992,0.001292531,0.004473769,0.006369938,-0.065220060,-0.002701018,-0.015888538,0.001950317,0.015127273
-0.015485564,0.002768539,0.003351777,0.007642261,-0.066424232,-0.003157341,-0.015801879,0.001910580,0.015118081
-0.015489136,-0.010306478,0.002064528,0.008501291,-0.067498856,-0.003614304,-0.015714553,0.001870853,0.015108876
-0.015492710,-0.013098574,0.000731863,0.008997611,-0.068448419,-0.004071778,-0.015626568,0.001831137,0.015099660
-0.015496284,-0.010756710,-0.000543472,0.009181807,-0.069277414,-0.004529638,-0.015537929,0.001791432,0.015090431
-0.015499859,0.011459963,-0.001548540,0.009104461,-0.069990331,-0.004987754,-0.015448646,0.001751739,0.015081190
-0.015503436,0.013226795,-0.002004904,0.008816158,-0.070591660,-0.005446001,-0.015358724,0.001712056,0.015071937
-0.015507013,0.009638757,-0.002053750,0.008367482,-0.071085890,-0.005904250,-0.015268171,0.001672386,0.015062673
-0.015510592,0.000708224,-0.001753667,0.007809018,-0.071477514,-0.006362374,-0.015176995,0.001632727,0.015053396
-0.015514171,-0.008552428,-0.001163245,0.007191348,-0.071771020,-0.006820246,-0.015085203,0.001593081,0.015044107
-0.015517752,0.006155319,0.000355068,0.006582774,-0.071970900,-0.007277739,-0.014992803,0.001553447,0.015034807
-0.015521333,-0.003677850,0.000774974,0.006523280,-0.072081643,-0.007734724,-0.014899801,0.001513826,0.015025494
-0.015524916,0.003036317,-0.000453794,0.006479246,-0.072107741,-0.008191075,-0.014806204,0.001474219,0.015016170
-0.015528499,-0.001413726,-0.000601803,0.006437161,-0.072053683,-0.008646665,-0.014712021,0.001434624,0.015006834
-0.015532084,-0.006229902,-0.000449246,0.006383508,-0.071923960,-0.009101365,-0.014617259,0.001395044,0.014997485
-0.015535669,-0.002213026,0.000956325,0.006171025,-0.071723062,-0.009555049,-0.014521924,0.001355477,0.014988125
-0.015539256,0.006337618,0.002784139,0.005934135,-0.071455480,-0.010007588,-0.014426025,0.001315924,0.014978754
-0.015542843,0.004605267,0.004854654,0.005673516,-0.071125703,-0.010458857,-0.014329568,0.001276386,0.014969370
-0.015546432,0.007773160,0.006988324,0.005389842,-0.070738223,-0.010908727,-0.014232560,0.001236863,0.014959974
-0.015550021,0.011024537,0.009005605,0.005083790,-0.070484544,-0.011170056,-0.014135010,0.001197355,0.014950567
-0.015553611,-0.005203900,0.010473489,0.004756033,-0.070182072,-0.011429802,-0.014036924,0.001157862,0.014941148
-0.015557203,-0.011175873,0.011659393,0.004407249,-0.069835226,-0.011687908,-0.013938310,0.001118384,0.014931717
-0.015560795,0.008257604,0.012418025,0.004038112,-0.069448426,-0.011944319,-0.013839176,0.001078922,0.014922275
-0.015564389,0.007811055,0.013038556,0.003649298,-0.069026091,-0.012198976,-0.013739527,0.001039477,0.014912820
-0.015567983,0.012358251,0.013650909,0.003241482,-0.068572642,-0.012451824,-0.013639372,0.001000047,0.014903354
-0.015571578,0.011631263,0.014526708,0.002815339,-0.068092497,-0.012702805,-0.013538718,0.000960634,0.014893876
-0.015575175,-0.014204626,0.015504365,0.002371546,-0.067590077,-0.012951864,-0.013437573,0.000921239,0.014884387
-0.015578772,-0.010116145,0.016554303,0.001910778,-0.067069802,-0.013198942,-0.013335943,0.000881860,0.014874886
-0.015582370,-0.001031293,0.017608215,0.001433710,-0.066536090,-0.013443984,-0.013233836,0.000842499,0.014865373
-0.015585970,0.003131617,0.018588110,0.000941017,-0.065993363,-0.013686933,-0.013131260,0.000803155,0.014855849
-0.015589570,0.017454270,0.019415996,0.000433375,-0.065446038,-0.013927731,-0.013028221,0.000763829,0.014846313
-0.015593171,0.002774740,0.019089984,0.000017040,-0.064836607,-0.014166323,-0.012924727,0.000724522,0.014836765
-0.015596773,-0.001686203,0.018554398,-0.000868073,-0.063770129,-0.014402652,-0.012820785,0.000685233,0.014827206
-0.015600377,-0.015951399,0.017829664,-0.001759785,-0.062706416,-0.014636660,-0.012716403,0.000645963,0.014817635
-0.015603981,-0.004839606,0.016732123,-0.002656282,-0.061644918,-0.014868291,-0.012611588,0.000606712,0.014808053
-0.015607586,0.006396752,0.015511785,-0.003555751,-0.060585081,-0.015097489,-0.012506347,0.000567480,0.014798459
-0.015611192,0.007709334,0.014214575,-0.004456378,-0.059526354,-0.015324196,-0.012400688,0.000528268,0.014788853
-0.015614799,0.014049798,0.012886419,-0.005356348,-0.058468186,-0.015548356,-0.012294617,0.000489076,0.014779236
-0.015618407,-0.004477437,0.011420483,-0.006253848,-0.057410025,-0.015769913,-0.012188142,0.000449904,0.014769608
-0.015622017,-0.013014061,0.009956041,-0.007301642,-0.056196739,-0.015988808,-0.012081271,0.000410752,0.014759968
-0.015625627,-0.011549645,0.008480250,-0.008342468,-0.054983227,-0.016204987,-0.011974011,0.000371621,0.014750317
-0.015629238,0.004923667,0.006982836,-0.009373643,-0.053769805,-0.016418391,-0.011866369,0.000332511,0.014740654
-0.015632850,0.011413091,0.005454170,-0.010392481,-0.052556791,-0.016628965,-0.011758353,0.000293422,0.014730979
-0.015636463,0.003173928,0.003636534,-0.011396301,-0.051344504,-0.016836651,-0.011649969,0.000254354,0.014721294
-0.015640077,-0.005046176,0.001779867,-0.012382419,-0.050133261,-0.017041393,-0.011541225,0.000215308,0.014711597
-0.015643692,-0.008251490,-0.000113977,-0.013348149,-0.048923379,-0.017243134,-0.011432128,0.000176284,0.014701888
-0.015647307,-0.006314533,-0.002174896,-0.014290810,-0.047715178,-0.017441818,-0.011322687,0.000137283,0.014692168
-0.015650924,0.005794172,-0.004434781,-0.015207718,-0.046508974,-0.017637387,-0.011212907,0.000098304,0.014682437
-0.015654542,0.003284445,-0.007105867,-0.016096188,-0.045305085,-0.017829785,-0.011102797,0.000059348,0.014672694
-0.015658161,-0.003939512,-0.010094774,-0.016953538,-0.044103830,-0.018018955,-0.010992363,0.000020415,0.014662940
-0.015661781,0.004923915,-0.014205529,-0.017777083,-0.042905526,-0.018204841,-0.010881613,-0.000018495,0.014653175
-0.015665402,-0.007316469,-0.017249354,-0.018564140,-0.041710491,-0.018387385,-0.010770555,-0.000057381,0.014643399
-0.015669023,-0.000401894,-0.019487433,-0.019312025,-0.040519043,-0.018566531,-0.010659195,-0.000096243,0.014633611
-0.015672646,0.001276832,-0.021531374,-0.020018055,-0.039331500,-0.018742223,-0.010547542,-0.000135081,0.014623812
-0.015676270,0.012982270,-0.023646156,-0.020679546,-0.038148179,-0.018914403,-0.010435601,-0.000173895,0.014614001
-0.015679894,0.005672283,-0.026792054,-0.021293815,-0.036969398,-0.019083015,-0.010323381,-0.000212684,0.014604180
-0.015683520,-0.011414073,-0.030210541,-0.021858177,-0.035795476,-0.019248002,-0.010210889,-0.000251448,0.014594347
-0.015687146,-0.013342440,-0.033838390,-0.022369949,-0.034626730,-0.019409307,-0.010098132,-0.000290187,0.014584503
-0.015690774,-0.005394830,-0.037396005,-0.022826448,-0.033463477,-0.019566874,-0.009985118,-0.000328900,0.014574648
-0.015694402,0.012531273,-0.040988318,-0.023224990,-0.032306036,-0.019720646,-0.009871853,-0.000367587,0.014564782
-0.015698032,0.005128271,-0.044310145,-0.023562891,-0.031154725,-0.019870566,-0.009758346,-0.000406248,0.014554904
-0.015701662,0.002599287,-0.047567025,-0.023837467,-0.030009862,-0.020016577,-0.009644603,-0.000444883,0.014545015
-0.015705294,-0.000046303,-0.050770750,-0.024046036,-0.028871763,-0.020158624,-0.009530632,-0.000483492,0.014535116
-0.015708926,-0.012799123,-0.053933111,-0.024185913,-0.027740748,-0.020296648,-0.009416440,-0.000522073,0.014525205
-0.015712559,-0.001072296,-0.056643401,-0.024254415,-0.026617133,-0.020430593,-0.009302035,-0.000560628,0.014515283
-0.015716194,0.005531056,-0.059300914,-0.024248857,-0.025501238,-0.020560403,-0.009187423,-0.000599155,0.014505350
-0.015719829,0.011985315,-0.061882445,-0.024166558,-0.024393379,-0.020686021,-0.009072613,-0.000637654,0.014495406
-0.015723465,0.007245348,-0.063345279,-0.024004832,-0.023293874,-0.020807390,-0.008957611,-0.000676126,0.014485451
-0.015727102,-0.007785239,-0.065986893,-0.022369540,-0.022203042,-0.020924453,-0.008842424,-0.000714569,0.014475484
-0.015730740,-0.013222350,-0.068293505,-0.020658291,-0.021121200,-0.021037154,-0.008727061,-0.000752984,0.014465507
-0.015734379,-0.000846129,-0.068478554,-0.018877236,-0.020048666,-0.021145436,-0.008611528,-0.000791370,0.014455519
-0.015738019,0.005906336,-0.068098530,-0.017032526,-0.018985757,-0.021249242,-0.008495832,-0.000829727,0.014445520
-0.015741660,0.006933719,-0.067045689,-0.015130313,-0.017932793,-0.021348515,-0.008379982,-0.000868054,0.014435510
-0.015745302,0.007134695,-0.065212284,-0.013176750,-0.016890090,-0.021443199,-0.008263984,-0.000906353,0.014425489
-0.015748945,0.006407938,-0.062490571,-0.011177987,-0.015857966,-0.021533238,-0.008147846,-0.000944621,0.014415456
-0.015752588,-0.007971733,-0.056148947,-0.009140177,-0.014836740,-0.021618573,-0.008031574,-0.000982859,0.014405414
-0.015756233,0.010076745,-0.047262057,-0.007069472,-0.013826728,-0.021699149,-0.007915177,-0.001021067,0.014395360
-0.015759879,0.012467253,-0.037737360,-0.004972023,-0.012828250,-0.021774909,-0.007798661,-0.001059244,0.014385295
-0.015763526,0.024477837,-0.027846485,-0.002853981,-0.011841622,-0.021845795,-0.007682035,-0.001097391,0.014375219
-0.015767173,0.016386547,-0.017861060,-0.000721500,-0.010867163,-0.021911753,-0.007565304,-0.001135506,0.014365133
-0.015770822,0.008471431,-0.008052713,0.001419270,-0.009905190,-0.021957436,-0.007463765,-0.001173589,0.014355035
-0.015774471,-0.008674004,0.000991468,0.003562176,-0.008956021,-0.021998079,-0.007362134,-0.001211641,0.014344927
-0.015778122,0.006267175,0.007960971,0.005701068,-0.008019975,-0.022033626,-0.007260416,-0.001249661,0.014334808
-0.015781773,0.012023682,0.014133501,0.007829792,-0.007097368,-0.022064024,-0.007158617,-0.001287649,0.014324679
-0.015785425,0.013660809,0.019450186,0.009942198,-0.006188519,-0.022089217,-0.007056742,-0.001325604,0.014314538
-0.015789078,0.003383277,0.021712726,0.012032133,-0.005293746,-0.022109152,-0.006954796,-0.001363527,0.014304387
-0.015792733,-0.011171487,0.023290112,0.014093446,-0.004413367,-0.022123775,-0.006852783,-0.001401416,0.014294225
-0.015796388,-0.013868882,0.023054164,0.016119985,-0.003547698,-0.022133029,-0.006750709,-0.001439272,0.014284052
-0.015800044,-0.006143318,0.022445713,0.018105598,-0.002697059,-0.022136862,-0.006648579,-0.001477095,0.014273868
-0.015803701,0.001928543,0.021547840,0.020044133,-0.001861767,-0.022135219,-0.006546397,-0.001514883,0.014263674
-0.015807359,0.010270036,0.020443628,0.021929439,-0.001042139,-0.022128045,-0.006444169,-0.001552638,0.014253469
-0.015811018,0.009293775,0.018726887,0.023755364,-0.000238495,-0.022115286,-0.006341900,-0.001590358,0.014243254
-0.015814678,-0.011309104,0.016712897,0.025515756,0.000548850,-0.022096888,-0.006239594,-0.001628043,0.014233027
-0.015818338,-0.010643784,0.013776567,0.026941158,0.001319575,-0.022072795,-0.006137258,-0.001665694,0.014222790
-0.015822000,-0.004600682,0.010548994,0.028291161,0.002073365,-0.022042955,-0.006034895,-0.001703309,0.014212543
-0.015825663,0.006644188,0.007210174,0.029562048,0.002809901,-0.022007311,-0.005932511,-0.001740889,0.014202285
-0.015829326,0.007914814,0.003940104,0.030750104,0.003528864,-0.021965810,-0.005830111,-0.001778433,0.014192016
-0.015832991,0.019035183,0.000918781,0.031851613,0.004229938,-0.021918398,-0.005727700,-0.001815941,0.014181737
-0.015836656,-0.004272239,-0.002572279,0.032862859,0.004912805,-0.021865019,-0.005625283,-0.001853412,0.014171447
-0.015840323,-0.013762493,-0.004774050,0.033780128,0.005577145,-0.021805620,-0.005522865,-0.001890847,0.014161147
-0.015843990,0.007229058,-0.001323146,0.033575663,0.006222643,-0.021740146,-0.005420450,-0.001928246,0.014150836
-0.015847658,-0.003617656,0.004055222,0.033295014,0.006848980,-0.021668542,-0.005318045,-0.001965607,0.014140514
-0.015851327,0.005729081,0.004308096,0.032959692,0.007455837,-0.021590755,-0.005215654,-0.002002931,0.014130182
-0.015854997,0.007878015,0.001833126,0.032563568,0.008042898,-0.021506729,-0.005113281,-0.002040217,0.014119840
-0.015858669,-0.009105293,-0.001476076,0.032147737,0.008609845,-0.021416411,-0.005010933,-0.002077465,0.014109487
-0.015862340,-0.011461092,-0.004392449,0.031725656,0.009156358,-0.021319746,-0.004908614,-0.002114675,0.014099124
-0.015866013,0.003128950,-0.004022592,0.031085860,0.009682122,-0.021216679,-0.004806329,-0.002151847,0.014088750
-0.015869687,0.006842498,-0.002762199,0.030446647,0.010186817,-0.021107156,-0.004704083,-0.002188979,0.014078366
-0.015873362,-0.004819130,-0.001105698,0.029801393,0.010670127,-0.020991123,-0.004601881,-0.002226073,0.014067971
-0.015877038,0.004783491,-0.000685621,0.029639661,0.010635545,-0.020868525,-0.004499728,-0.002263128,0.014057566
-0.015880714,-0.006337715,0.000492999,0.029457906,0.010579676,-0.020739308,-0.004397630,-0.002300143,0.014047151
-0.015884392,-0.007615066,0.001869375,0.029248770,0.010502937,-0.020603417,-0.004295590,-0.002337118,0.014036725
-0.015888070,-0.004083691,0.003485526,0.029004892,0.010405744,-0.020460798,-0.004193615,-0.002374054,0.014026289
-0.015891750,0.009514382,0.005090373,0.028718915,0.010288514,-0.020311397,-0.004091709,-0.002410948,0.014015842
-0.015895430,0.013437125,0.006432835,0.028383480,0.010151665,-0.020155158,-0.003989877,-0.002447803,0.014005386
-0.015899111,-0.000852834,0.006423679,0.027624727,0.009995612,-0.019992028,-0.003888125,-0.002484616,0.013994919
-0.015902793,-0.004574254,0.005910163,0.026813691,0.009820772,-0.019821953,-0.003786457,-0.002521388,0.013984441
-0.015906476,-0.012741240,0.004901392,0.025954904,0.009627563,-0.019644877,-0.003684878,-0.002558119,0.013973954
-0.015910160,-0.005176983,0.003215557,0.025052900,0.009416400,-0.019460746,-0.003583393,-0.002594808,0.013963456
-0.015913845,0.012630402,0.001335774,0.024112211,0.009187702,-0.019269507,-0.003482008,-0.002631455,0.013952948
-0.015917531,0.000634485,-0.000696525,0.023137372,0.008941884,-0.019071103,-0.003380727,-0.002668060,0.013942430
-0.015921218,0.003291926,-0.002343003,0.022132914,0.008170108,-0.018356228,-0.003279556,-0.002704623,0.013931901
-0.015924905,0.005310160,-0.003316092,0.021103372,0.007382332,-0.017634365,-0.003178499,-0.002741143,0.013921363
-0.015928594,-0.008603380,-0.003328225,0.020053277,0.006579258,-0.016905746,-0.003077562,-0.002777619,0.013910814
-0.015932284,0.004838509,-0.000442786,0.018758344,0.005761587,-0.016170603,-0.002976748,-0.002814053,0.013900255
-0.015935974,-0.002450576,0.003188239,0.017456498,0.004930023,-0.015429166,-0.002876065,-0.002850442,0.013889686
-0.015939665,0.003951589,0.003038997,0.016250899,0.004085267,-0.014681667,-0.002775516,-0.002886788,0.013879106
-0.015943358,-0.003117859,0.001362526,0.015050905,0.003228023,-0.013928336,-0.002675106,-0.002923090,0.013868517
-0.015947051,-0.009528082,-0.000975889,0.013859929,0.002358991,-0.013169404,-0.002574841,-0.002959348,0.013857918
-0.015950745,-0.010839003,-0.003420206,0.012681383,0.001478874,-0.012405103,-0.002474726,-0.002995560,0.013847308
-0.015954440,-0.003341208,-0.004683718,0.011518681,0.000588375,-0.011635664,-0.002374765,-0.003031728,0.013836688
-0.015958136,-0.001247939,-0.005557061,0.010375235,-0.000311804,-0.010861317,-0.002274963,-0.003067851,0.013826059
-0.015961832,0.005496895,-0.006100207,0.009254458,-0.001220962,-0.010082295,-0.002175327,-0.003103928,0.013815419
-0.015965530,0.011949388,-0.006373126,0.008159762,-0.002138395,-0.009298827,-0.002075860,-0.003139960,0.013804769
-0.015969229,-0.006947085,-0.006323075,0.007094560,-0.003063401,-0.008511145,-0.001976567,-0.003175945,0.013794110
-0.015972928,-0.011057162,-0.006089294,0.006062264,-0.003995279,-0.007719480,-0.001877454,-0.003211884,0.013783440
-0.015976629,-0.005990087,-0.005066418,0.005066288,-0.004933326,-0.006924064,-0.001778526,-0.003247777,0.013772760
-0.015980330,0.003867330,-0.004067213,0.004305740,-0.005876839,-0.006125126,-0.001679788,-0.003283623,0.013762071
-0.015984032,0.008496389,-0.002877962,0.003585138,-0.006825117,-0.005322899,-0.001581245,-0.003319422,0.013751371
-0.015987735,0.007159072,-0.000761329,0.002904696,-0.007777457,-0.004517613,-0.001482901,-0.003355173,0.013740662
-0.015991439,-0.009259904,0.001397289,0.002264629,-0.008733157,-0.003709500,-0.001384762,-0.003390877,0.013729942
-0.015995144,-0.010595140,0.003431812,0.001665151,-0.009691514,-0.002898790,-0.001286833,-0.003426533,0.013719213
-0.015998850,-0.011068130,0.004563054,0.001106475,-0.010651827,-0.002085714,-0.001189118,-0.003462141,0.013708474
-0.016002557,0.013802051,0.005309409,0.000588816,-0.011613393,-0.001270505,-0.001091624,-0.003497700,0.013697725
-0.016006265,0.004995517,0.004518560,0.000283911,-0.012575510,-0.000453391,-0.000994354,-0.003533211,0.013686966
-0.016009973,0.001536720,0.003341131,0.000016215,-0.013537476,0.000365394,-0.000897315,-0.003568673,0.013676197
-0.016013683,-0.001663804,0.001870144,-0.000218292,-0.014498588,0.001185621,-0.000800510,-0.003604085,0.013665419
-0.016017393,-0.014695521,0.000198618,-0.000423632,-0.015458144,0.002007057,-0.000703945,-0.003639448,0.013654631
-0.016021104,0.007140371,-0.001368694,-0.000603827,-0.016415443,0.002829473,-0.000607625,-0.003674761,0.013643833
-0.016024816,0.013945742,-0.002930107,-0.000762898,-0.017369780,0.003652637,-0.000511555,-0.003710024,0.013633025
-0.016028529,0.015555462,-0.004316936,-0.000904866,-0.018320455,0.004476317,-0.000415740,-0.003745237,0.013622207
-0.016032243,0.011940478,-0.005496572,-0.001033753,-0.019266766,0.005300283,-0.000320185,-0.003780400,0.013611380
-0.016035958,-0.006983531,-0.006381141,-0.001153580,-0.020208009,0.006124304,-0.000224895,-0.003815511,0.013600543
-0.016039674,-0.011300884,-0.006882767,-0.001268369,-0.021143483,0.006948149,-0.000129875,-0.003850571,0.013589696
-0.016043390,-0.007024537,-0.006216491,-0.001001165,-0.022221909,0.007771586,-0.000035131,-0.003885580,0.013578840
-0.016047108,-0.003131993,-0.005166777,-0.000738141,-0.023294915,0.008594385,0.000059334,-0.003920537,0.013567974
-0.016050826,0.005470611,-0.003821003,-0.000484492,-0.024363551,0.009416315,0.000153514,-0.003955443,0.013557098
-0.016054546,-0.001959955,-0.001429456,-0.000245415,-0.025428868,0.010237143,0.000247403,-0.003990296,0.013546213
-0.016058266,-0.004372432,0.000963086,-0.000026106,-0.026491919,0.011056640,0.000340997,-0.004025096,0.013535318
-0.016061987,-0.005652667,0.002248955,0.000013017,-0.027398530,0.011874574,0.000434291,-0.004059844,0.013524413
-0.016065709,-0.006657994,0.003291968,0.000023498,-0.028306495,0.012690715,0.000527280,-0.004094539,0.013513499
-0.016069432,0.007654238,0.004055956,0.000001658,-0.029218381,0.013504830,0.000619959,-0.004129181,0.013502575
-0.016073156,0.007806161,0.003898126,0.000081384,-0.030147177,0.014316690,0.000712322,-0.004163769,0.013491642
-0.016076880,0.003237831,0.003494749,-0.000511165,-0.030144379,0.014835305,0.000804365,-0.004198303,0.013480699
-0.016080606,-0.006131214,0.002915470,-0.001143872,-0.030121934,0.015351332,0.000896083,-0.004232783,0.013469746
-0.016084332,-0.010381437,0.002229935,-0.001820021,-0.030065635,0.015864667,0.000987471,-0.004267209,0.013458784
-0.016088059,-0.009563001,0.001477490,-0.002542897,-0.029961274,0.016375208,0.001078523,-0.004301580,0.013447813
-0.016091788,0.001216550,0.000754861,-0.003315782,-0.029794642,0.016882853,0.001169235,-0.004335896,0.013436832
-0.016095517,0.011879973,0.000128474,-0.004141962,-0.029551530,0.017387499,0.001259601,-0.004370158,0.013425841
-0.016099247,-0.002642450,-0.000342770,-0.005024720,-0.029217732,0.017889045,0.001349617,-0.004404363,0.013414842
-0.016102977,-0.002390333,-0.000630075,-0.006704918,-0.028041458,0.018387388,0.001439278,-0.004438513,0.013403832
-0.016106709,-0.012395763,-0.000809783,-0.008333824,-0.026762909,0.018882425,0.001528578,-0.004472607,0.013392813
-0.016110442,-0.008631962,0.000160075,-0.009977455,-0.025384703,0.019374056,0.001617513,-0.004506645,0.013381785
-0.016114175,-0.000086691,0.001238395,-0.011604222,-0.023909460,0.019862176,0.001706077,-0.004540626,0.013370748
-0.016117910,0.008311153,0.002325209,-0.013182532,-0.022339799,0.020346684,0.001794266,-0.004574551,0.013359701
-0.016121645,-0.003367431,0.003320652,-0.014680793,-0.020678341,0.020827478,0.001882074,-0.004608418,0.013348645
-0.016125381,-0.005051865,0.004125281,-0.016067413,-0.018927704,0.021304456,0.001969497,-0.004642228,0.013337579
-0.016129118,-0.006300417,0.004268499,-0.017310802,-0.017090508,0.021777515,0.002056529,-0.004675981,0.013326504
-0.016132856,0.002813675,0.003794679,-0.018379366,-0.015169372,0.022246552,0.002143166,-0.004709675,0.013315420
-0.016136595,-0.002440457,0.002405823,-0.019241515,-0.013166917,0.022711467,0.002229402,-0.004743312,0.013304326
-0.016140334,0.004178170,-0.002336366,-0.018697208,-0.011085761,0.023172155,0.002315232,-0.004776890,0.013293224
-0.016144075,-0.000493143,-0.006087905,-0.017925001,-0.008928525,0.023628516,0.002400652,-0.004810409,0.013282111
-0.016147816,-0.010927422,-0.010272226,-0.016025710,-0.006697827,0.024080447,0.002485656,-0.004843870,0.013270990
-0.016151558,-0.015375273,-0.010686673,-0.013948658,-0.004396288,0.024527845,0.002570240,-0.004877271,0.013259860
-0.016155301,-0.016049873,-0.010075312,-0.011733877,-0.002026527,0.024970608,0.002654398,-0.004910613,0.013248720
-0.016159045,-0.012717540,-0.008629067,-0.009421398,0.000408837,0.025408635,0.002738125,-0.004943895,0.013237571
-0.016162790,-0.005144594,-0.006538861,-0.007051251,0.002907185,0.025841822,0.002821416,-0.004977117,0.013226413
-0.016166536,0.006902645,-0.003995616,-0.004663467,0.005465895,0.026270068,0.002904266,-0.005010279,0.013215245
-0.016170283,-0.006737024,-0.000795374,-0.002298077,0.008082350,0.026693270,0.002986671,-0.005043380,0.013204069
-0.016174030,-0.009531568,0.001572590,0.000004888,0.010753929,0.027111326,0.003068625,-0.005076420,0.013192883
-0.016177778,-0.007156641,0.003826685,0.002205398,0.013478013,0.027524133,0.003150123,-0.005109400,0.013181688
-0.016181527,-0.004515133,0.005912561,0.004263421,0.016251983,0.027931590,0.003231160,-0.005142317,0.013170484
-0.016185278,-0.001509935,0.007775867,0.006138927,0.019073218,0.028333594,0.003311732,-0.005175174,0.013159271
-0.016189028,-0.008043941,0.009362251,0.007791885,0.021939100,0.028730043,0.003391832,-0.005207968,0.013148049
-0.016192780,-0.014020041,0.010617363,0.009182264,0.024847008,0.029120835,0.003471457,-0.005240700,0.013136818
-0.016196533,-0.009341127,0.011486851,0.010270033,0.027794324,0.029505866,0.003550600,-0.005273370,0.013125578
-0.016200286,-0.008910091,0.011916365,0.011015161,0.030778427,0.029885036,0.003629258,-0.005305977,0.013114329
-0.016204041,-0.002629824,0.011851554,0.011377618,0.033796699,0.030258242,0.003707425,-0.005338521,0.013103070
-0.016207796,0.009596782,0.011238066,0.011317373,0.036846519,0.030625381,0.003785096,-0.005371002,0.013091803
-0.016211552,0.017866836,0.010021551,0.010794394,0.039925268,0.030986352,0.003862265,-0.005403419,0.013080527
-0.016215309,-0.004160252,0.006339562,0.008014444,0.043030327,0.031341051,0.003938929,-0.005435773,0.013069242
-0.016219067,-0.006075859,0.002786764,0.004976964,0.046159076,0.031689378,0.004015082,-0.005468062,0.013057948
-0.016222826,0.002238291,-0.000997629,0.001927187,0.049308895,0.032031228,0.004090718,-0.005500287,0.013046645
-0.016226585,-0.003243683,0.000860796,-0.003457183,0.052953658,0.032366501,0.004165834,-0.005532448,0.013035333
-0.016230346,0.008033152,-0.002012236,-0.004573495,0.055310162,0.032695094,0.004240423,-0.005564543,0.013024012
-0.016234107,-0.000058804,-0.005999668,-0.005202838,0.057670145,0.033016904,0.004314481,-0.005596574,0.013012682
-0.016237869,-0.002762307,-0.010833580,-0.005365576,0.060028917,0.033331830,0.004388003,-0.005628539,0.013001343
-0.016241632,-0.025297818,-0.016268351,-0.005082074,0.062381788,0.033639769,0.004460984,-0.005660438,0.012989996
-0.016245396,-0.023448337,-0.021495818,-0.004372698,0.064724066,0.033940618,0.004533419,-0.005692272,0.012978639
-0.016249161,-0.011497024,-0.027207658,-0.003257811,0.067051062,0.034234276,0.004605302,-0.005724039,0.012967274
-0.016252926,0.005710417,-0.033533004,-0.001757779,0.069358083,0.034520641,0.004676629,-0.005755740,0.012955900
-0.016256692,0.033328285,-0.040600993,0.000107033,0.071640441,0.034799609,0.004747395,-0.005787374,0.012944517
-0.016260460,0.041510876,-0.048540759,0.002316261,0.073893444,0.035071080,0.004817595,-0.005818941,0.012933126
-0.016264228,0.038888831,-0.060957780,0.004849541,0.076112401,0.035334950,0.004887223,-0.005850440,0.012921725
-0.016267997,0.011852332,-0.074217076,0.007686506,0.078292621,0.035591116,0.004956275,-0.005881872,0.012910316
-0.016271767,0.015267901,-0.088160006,0.010806793,0.080429415,0.035839478,0.005024746,-0.005913237,0.012898898
-0.016275537,0.014002063,-0.102627933,0.014190037,0.082518091,0.036079933,0.005092630,-0.005944533,0.012887472
-0.016279309,0.017921341,-0.117462218,0.017815873,0.084553958,0.036312378,0.005159923,-0.005975760,0.012876037
-0.016283081,0.006892258,-0.132504221,0.021663935,0.086532326,0.036536711,0.005226620,-0.006006920,0.012864593
-0.016286854,0.000781340,-0.147595304,0.025713860,0.088448505,0.036752830,0.005292715,-0.006038010,0.012853140
-0.016290628,-0.010544891,-0.162576828,0.029945283,0.090297803,0.036960633,0.005358204,-0.006069031,0.012841679
-0.016294403,0.008007195,-0.177517261,0.034337838,0.092075530,0.037160017,0.005423081,-0.006099982,0.012830209
-0.016298179,0.008554683,-0.189508525,0.038871161,0.093776995,0.037350880,0.005487341,-0.006130864,0.012818730
-0.016301955,0.013485210,-0.200913094,0.043524888,0.095397507,0.037533119,0.005550981,-0.006161676,0.012807243
-0.016305733,-0.002198558,-0.211708472,0.048278653,0.096932377,0.037706634,0.005613993,-0.006192418,0.012795747
-0.016309511,-0.013493956,-0.221872162,0.053112091,0.098376912,0.037871320,0.005676374,-0.006223089,0.012784243
-0.016313290,-0.001519680,-0.230260305,0.058004839,0.099726423,0.038027077,0.005738119,-0.006253689,0.012772730
-0.016317070,0.014977269,-0.238100738,0.062936531,0.100976219,0.038173801,0.005799222,-0.006284218,0.012761208
-0.016320851,0.011229184,-0.245600592,0.067886802,0.102121608,0.038311391,0.005859678,-0.006314676,0.012749678
-0.016324633,0.007335275,-0.252833912,0.072835287,0.103157901,0.038439743,0.005919483,-0.006345062,0.012738140
-0.016328415,-0.001504595,-0.259975401,0.077761622,0.104080407,0.038558757,0.005978631,-0.006375377,0.012726593
-0.016332198,-0.010090560,-0.267199760,0.082645442,0.104884434,0.038668330,0.006037117,-0.006405619,0.012715037
-0.016335982,-0.013222757,-0.274681694,0.087466383,0.105565293,0.038768358,0.006094937,-0.006435789,0.012703473
-0.016339767,-0.000786513,-0.282510709,0.092204079,0.106118292,0.038858741,0.006152085,-0.006465886,0.012691901
-0.016343553,0.007634923,-0.291078396,0.096838165,0.106538742,0.038939376,0.006208556,-0.006495910,0.012680320
-0.016347340,0.011025536,-0.299343576,0.101348277,0.106821950,0.039010160,0.006264345,-0.006525861,0.012668731
-0.016351127,-0.000235268,-0.307660495,0.105714051,0.106963227,0.039070992,0.006319448,-0.006555738,0.012657133
-0.016354916,-0.002115654,-0.315035822,0.109915121,0.106957882,0.039121768,0.006373859,-0.006585542,0.012645527
-0.016358705,0.007682157,-0.323742178,0.113931122,0.107422443,0.038605872,0.006345626,-0.006598028,0.012633913
-0.016362495,0.014673582,-0.329269812,0.117741690,0.107730693,0.038080013,0.006316701,-0.006610440,0.012622290
-0.016366286,0.032639979,-0.331277532,0.122229067,0.107877636,0.037544385,0.006287092,-0.006622778,0.012610659
-0.016370077,-0.006203194,-0.311042264,0.126459523,0.107858273,0.036999183,0.006256802,-0.006635042,0.012599019
-0.016373870,-0.054588311,-0.285795713,0.130401932,0.107667607,0.036444601,0.006225838,-0.006647233,0.012587371
-0.016377663,-0.101813652,-0.256203680,0.134025173,0.107300641,0.035880833,0.006194206,-0.006659351,0.012575715
-0.016381457,-0.142177495,-0.222931962,0.137298120,0.106752377,0.035308073,0.006161911,-0.006671395,0.012564051
-0.016385252,-0.204978118,-0.186646362,0.140189651,0.106017818,0.034726516,0.006128959,-0.006683367,0.012552378
-0.016389048,-0.274513801,-0.148012678,0.142668641,0.105091966,0.034136355,0.006095355,-0.006695265,0.012540697
-0.016392845,-0.340082822,-0.107696709,0.144703966,0.103969823,0.033537786,0.006061105,-0.006707091,0.012529008
-0.016396642,-0.410983460,-0.066364256,0.150248622,0.098662274,0.032931003,0.006026215,-0.006718844,0.012517311
-0.016400440,-0.486513995,-0.024681119,0.155269505,0.093166301,0.032316199,0.005990691,-0.006730525,0.012505605
-0.016404239,-0.540972704,0.016686903,0.159717630,0.087494767,0.031693569,0.005954538,-0.006742134,0.012493892
-0.016408039,-0.538288925,0.061705070,0.163544013,0.081660535,0.031063308,0.005917762,-0.006753670,0.012482170
-0.016411840,-0.458070079,0.105016722,0.166699670,0.075676468,0.030425609,0.005880368,-0.006765134,0.012470440
-0.016415642,-0.339554645,0.145896260,0.169135615,0.069555431,0.029780667,0.005842362,-0.006776527,0.012458701
-0.016419444,-0.211981101,0.183618084,0.170802863,0.063310287,0.029128676,0.005803750,-0.006787848,0.012446955
-0.016423247,-0.029587927,0.217456596,0.171652431,0.056953898,0.028469831,0.005764538,-0.006799097,0.012435200
-0.016427051,0.238386399,0.246686195,0.171635333,0.050499129,0.027804325,0.005724730,-0.006810275,0.012423438
-0.016430856,0.502703397,0.270581281,0.170702585,0.043958842,0.027132353,0.005684334,-0.006821381,0.012411667
-0.016434662,0.689124589,0.288416257,0.168805203,0.037345901,0.026454109,0.005643354,-0.006832417,0.012399889
-0.016438468,0.763411495,0.299465521,0.165894200,0.030673170,0.025769788,0.005601796,-0.006843381,0.012388102
-0.016442276,0.711881282,0.266635076,0.147733345,0.023953512,0.025079584,0.005559666,-0.006854274,0.012376307
-0.016446084,0.446757912,0.228208654,0.128801883,0.017199790,0.024383690,0.005516969,-0.006865097,0.012364504
-0.016449893,0.045820991,0.186101589,0.109391810,0.010424868,0.023682302,0.005473711,-0.006875849,0.012352693
-0.016453702,-0.253149875,0.142229212,0.089795124,0.003641609,0.022975614,0.005429898,-0.006886531,0.012340875
-0.016457513,-0.362375078,0.098506858,0.070303820,-0.003137124,0.022263819,0.005385536,-0.006897143,0.012329048
-0.016461324,-0.299075012,0.056849859,0.051209895,-0.009898467,0.021547112,0.005340630,-0.006907684,0.012317213
-0.016465137,-0.179755733,0.023459212,0.032805347,-0.016629556,0.020825688,0.005295185,-0.006918156,0.012305371
-0.016468950,-0.096565948,-0.004821435,0.015382172,-0.023317529,0.020099741,0.005249208,-0.006928557,0.012293520
-0.016472763,-0.030940027,-0.026862774,-0.000767633,-0.029949522,0.019369464,0.005202704,-0.006938889,0.012281662
-0.016476578,0.010687661,-0.041535494,-0.015352071,-0.036512671,0.018635053,0.005155679,-0.006949151,0.012269795
-0.016480394,-0.000177005,-0.015763516,-0.027966166,-0.042994114,0.017896701,0.005108138,-0.006959344,0.012257921
-0.016484210,0.003196231,0.003534036,-0.038434111,-0.049380986,0.017154603,0.005060088,-0.006969468,0.012246039
-0.016488027,0.000140476,0.004815711,-0.034560626,-0.055660425,0.016408953,0.005011533,-0.006979523,0.012234149
-0.016491845,-0.006311435,0.002547744,-0.028857844,-0.061819567,0.015659946,0.004962479,-0.006989508,0.012222251
-0.016495663,0.005253031,0.000910178,-0.022294313,-0.067482638,0.014907775,0.004912933,-0.006999425,0.012210345
-0.016499483,-0.006012353,0.001644563,-0.015412602,-0.073002595,0.014152634,0.004862899,-0.007009273,0.012198432
-0.016503303,0.007828580,0.002090607,-0.008498742,-0.078369482,0.013394719,0.004812384,-0.007019052,0.012186511
-0.016507124,0.003672599,0.000865186,-0.002076530,-0.083573343,0.012634224,0.004761393,-0.007028764,0.012174582
-0.016510946,0.005275034,-0.000757525,0.003814374,-0.088604226,0.011871342,0.004709931,-0.007038406,0.012162645
-0.016514769,-0.007738285,-0.002438830,0.006325034,-0.090577920,0.011106268,0.004658005,-0.007047981,0.012150701
-0.016518592,-0.000700833,-0.003880729,0.008370131,-0.092373831,0.010339196,0.004605621,-0.007057488,0.012138749
-0.016522417,0.006216695,-0.004948002,0.009990090,-0.093997109,0.009570320,0.004552782,-0.007066927,0.012126789
-0.016526242,0.007845085,-0.005506907,0.011225336,-0.095452905,0.008799836,0.004499497,-0.007076298,0.012114821
-0.016530068,-0.005641741,-0.005766844,0.012116295,-0.096746369,0.008027936,0.004445769,-0.007085602,0.012102846
-0.016533895,0.006179342,-0.006186410,0.012703392,-0.097882652,0.007254816,0.004391605,-0.007094839,0.012090863
-0.016537722,-0.007408958,-0.006083790,0.013027053,-0.098866906,0.006480670,0.004337010,-0.007104008,0.012078873
-0.016541550,-0.001013395,-0.005887702,0.013127703,-0.099704279,0.005705691,0.004281991,-0.007113110,0.012066874
-0.016545379,0.010334172,-0.005601763,0.013045768,-0.100399925,0.004930074,0.004226552,-0.007122145,0.012054869
-0.016549209,0.011599490,-0.005227195,0.012821674,-0.100958992,0.004154014,0.004170699,-0.007131114,0.012042855
-0.016553040,-0.002255257,-0.004761657,0.012495845,-0.101386632,0.003377705,0.004114439,-0.007140015,0.012030834
-0.016556872,-0.001268775,-0.004201915,0.012108707,-0.101687995,0.002601340,0.004057776,-0.007148850,0.012018806
-0.016560704,-0.015479771,-0.003544739,0.011700686,-0.101868233,0.001825115,0.004000717,-0.007157619,0.012006770
-0.016564537,-0.000734075,-0.002254425,0.011586860,-0.101932495,0.001049223,0.003943267,-0.007166322,0.011994726
-0.016568371,0.008893998,-0.001001712,0.011517233,-0.101885933,0.000273859,0.003885431,-0.007174958,0.011982675
-0.016572206,0.008523007,0.000075134,0.011516463,-0.101733697,-0.000500783,0.003827216,-0.007183529,0.011970617
-0.016576041,0.013271513,0.000837845,0.011609208,-0.101480938,-0.001274508,0.003768627,-0.007192034,0.011958551
-0.016579877,-0.006517076,0.000188871,0.012336080,-0.100914326,-0.002047123,0.003709669,-0.007200473,0.011946477
-0.016583714,-0.011099963,-0.000849347,0.013153726,-0.100255944,-0.002818434,0.003650349,-0.007208847,0.011934396
-0.016587552,-0.000604227,-0.002118931,0.014034750,-0.099509398,-0.003588245,0.003590672,-0.007217155,0.011922308
-0.016591391,0.004714169,-0.003333115,0.014951754,-0.098678291,-0.004356362,0.003530644,-0.007225398,0.011910212
-0.016595230,0.009504538,-0.004147116,0.015914046,-0.098047575,-0.004841243,0.003470270,-0.007233576,0.011898108
-0.016599071,0.007469978,-0.003207674,0.016868671,-0.097339372,-0.005324175,0.003409556,-0.007241689,0.011885998
-0.016602912,-0.010471280,-0.001413367,0.017799381,-0.096557151,-0.005805098,0.003348508,-0.007249738,0.011873880
-0.016606753,-0.010521099,0.002457323,0.018689924,-0.095704384,-0.006283952,0.003287131,-0.007257721,0.011861754
-0.016610596,0.004298137,0.006446431,0.019524052,-0.094784540,-0.006760674,0.003225431,-0.007265640,0.011849621
-0.016614439,0.004790167,0.009769875,0.020285514,-0.093801090,-0.007235205,0.003163413,-0.007273495,0.011837481
-0.016618283,-0.002578672,0.010980969,0.020958062,-0.092757503,-0.007707483,0.003101085,-0.007281286,0.011825334
-0.016622128,-0.000597759,0.008323999,0.021090193,-0.091657250,-0.008177448,0.003038450,-0.007289013,0.011813179
-0.016625974,0.007106669,0.004987404,0.021123107,-0.090503801,-0.008645040,0.002975514,-0.007296675,0.011801017
-0.016629821,-0.010804957,0.002308210,0.021062755,-0.089300627,-0.009110196,0.002912284,-0.007304274,0.011788848
-0.016633668,-0.000101167,0.001052401,0.020915083,-0.088051197,-0.009572858,0.002848765,-0.007311810,0.011776672
-0.016637516,0.015341977,0.000093494,0.020686042,-0.086758982,-0.010032963,0.002784963,-0.007319282,0.011764488
-0.016641365,0.006914432,-0.001961012,0.020381579,-0.085427452,-0.010490451,0.002720883,-0.007326690,0.011752297
-0.016645214,0.008620541,-0.004118005,0.020007644,-0.084060076,-0.010945261,0.002656531,-0.007334035,0.011740099
-0.016649065,-0.004569257,-0.006350470,0.019570184,-0.082660327,-0.011397332,0.002591913,-0.007341318,0.011727893
-0.016652916,-0.012684521,-0.008631391,0.019075150,-0.081231672,-0.011846605,0.002527034,-0.007348537,0.011715681
-0.016656768,-0.011186019,-0.010502546,0.018528488,-0.079777584,-0.012293017,0.002461900,-0.007355694,0.011703461
-0.016660621,0.000240654,-0.012280884,0.017936149,-0.078301532,-0.012736508,0.002396517,-0.007362788,0.011691234
-0.016664474,0.001478698,-0.013852150,0.017304081,-0.076806985,-0.013177018,0.002330890,-0.007369820,0.011679000
-0.016668328,0.007411309,-0.015102085,0.016638233,-0.075297415,-0.013614485,0.002265024,-0.007376789,0.011666759
-0.016672183,-0.008157372,-0.014857228,0.015964404,-0.073776292,-0.014048849,0.002198927,-0.007383696,0.011654511
-0.016676039,-0.008997307,-0.014322985,0.015261370,-0.072247085,-0.014480049,0.002132603,-0.007390541,0.011642256
-0.016679896,-0.004989006,-0.013614070,0.014527758,-0.070713266,-0.014908025,0.002066058,-0.007397324,0.011629994
-0.016683753,-0.001020853,-0.012837323,0.013762193,-0.069178303,-0.015332715,0.001999297,-0.007404046,0.011617724
-0.016687611,0.013018772,-0.012099584,0.012963302,-0.067645668,-0.015754058,0.001932327,-0.007410706,0.011605448
-0.016691470,0.012490340,-0.011756547,0.012129712,-0.066118831,-0.016171994,0.001865153,-0.007417304,0.011593164
-0.016695330,0.001999737,-0.011409322,0.011260048,-0.064601262,-0.016586463,0.001797780,-0.007423841,0.011580874
-0.016699190,-0.013598295,-0.010907872,0.010352939,-0.063096430,-0.016997403,0.001730215,-0.007430317,0.011568577
-0.016703052,-0.000268353,-0.009282825,0.009407009,-0.061607807,-0.017404753,0.001662462,-0.007436732,0.011556272
-0.016706914,0.002747621,-0.007287458,0.008053165,-0.059771142,-0.017808454,0.001594528,-0.007443086,0.011543961
-0.016710776,0.010388348,-0.004855717,0.006654269,-0.057954141,-0.018208443,0.001526419,-0.007449380,0.011531643
-0.016714640,0.002237305,-0.001566302,0.005205463,-0.056156789,-0.018604660,0.001458139,-0.007455612,0.011519318
-0.016718504,-0.001042998,0.001923057,0.003701889,-0.054379072,-0.018997045,0.001389695,-0.007461785,0.011506985
-0.016722369,-0.009145298,0.005309872,0.002138689,-0.052620976,-0.019385537,0.001321093,-0.007467897,0.011494647
-0.016726235,0.008510678,0.008018648,0.000511003,-0.050882486,-0.019770075,0.001252337,-0.007473949,0.011482301
-0.016730102,-0.006485199,0.008974449,-0.001696182,-0.049163588,-0.020150598,0.001183434,-0.007479941,0.011469948
-0.016733969,0.006335559,0.007187920,-0.003962081,-0.047464266,-0.020527045,0.001114389,-0.007485873,0.011457588
-0.016737837,0.010291508,0.004329795,-0.006276066,-0.045784508,-0.020899356,0.001045208,-0.007491745,0.011445222
-0.016741706,0.004526275,0.001245739,-0.008627508,-0.044124297,-0.021267469,0.000975896,-0.007497558,0.011432849
-0.016745576,-0.006500329,-0.001534768,-0.011005778,-0.042483620,-0.021631325,0.000906460,-0.007503311,0.011420469
-0.016749446,0.006162695,-0.002973436,-0.013400248,-0.040862463,-0.021990862,0.000836905,-0.007509005,0.011408082
-0.016753317,0.007180841,-0.002746468,-0.015800289,-0.039260810,-0.022346019,0.000767237,-0.007514640,0.011395688
-0.016757189,0.002572824,-0.001883288,-0.018195273,-0.037678647,-0.022696736,0.000697460,-0.007520216,0.011383288
-0.016761062,-0.002375050,-0.000680911,-0.020574571,-0.036115960,-0.023042953,0.000627582,-0.007525733,0.011370881
-0.016764935,-0.007376476,0.001232172,-0.023596079,-0.034572735,-0.023384607,0.000557607,-0.007531192,0.011358467
-0.016768809,-0.007145147,0.001603851,-0.025294073,-0.033048956,-0.023721639,0.000487541,-0.007536592,0.011346047
-0.016772684,-0.011394758,0.001377017,-0.026897833,-0.031544610,-0.024053987,0.000417391,-0.007541933,0.011333620
-0.016776560,0.000384098,0.000018976,-0.028384149,-0.030059682,-0.024381591,0.000347160,-0.007547216,0.011321186
-0.016780437,0.002986087,-0.002288230,-0.029729811,-0.028594157,-0.024704390,0.000276857,-0.007552441,0.011308745
-0.016784314,0.011428976,-0.005585658,-0.030911612,-0.027148021,-0.025022324,0.000206484,-0.007557608,0.011296298
-0.016788192,-0.007216159,-0.011967674,-0.032042590,-0.025585009,-0.025335331,0.000136050,-0.007562718,0.011283844
-0.016792070,0.002604086,-0.017010973,-0.032963147,-0.024041497,-0.025643350,0.000065559,-0.007567769,0.011271384
-0.016795950,-0.002942104,-0.018247389,-0.032309576,-0.022517607,-0.025946322,-0.000004984,-0.007572763,0.011258917
-0.016799830,0.009477637,-0.017656815,-0.031434291,-0.021013465,-0.026244185,-0.000075571,-0.007577700,0.011246444
-0.016803711,0.006082826,-0.016446653,-0.030349350,-0.019529196,-0.026536878,-0.000146199,-0.007582579,0.011233963
-0.016807593,0.001524980,-0.014256308,-0.029066807,-0.018064923,-0.026824341,-0.000216860,-0.007587402,0.011221477
-0.016811475,-0.003250459,-0.012019106,-0.027598720,-0.016620770,-0.027106513,-0.000287551,-0.007592167,0.011208984
-0.016815358,-0.013320721,-0.009645705,-0.025957142,-0.015196863,-0.027383333,-0.000358264,-0.007596876,0.011196484
-0.016819242,-0.020284534,-0.005525260,-0.024154132,-0.013793326,-0.027654740,-0.000428994,-0.007601527,0.011183978
-0.016823127,-0.017553892,-0.001233667,-0.022201743,-0.012410283,-0.027920674,-0.000499735,-0.007606123,0.011171465
-0.016827013,-0.005062282,0.003174679,-0.020112033,-0.011047858,-0.028181073,-0.000570482,-0.007610662,0.011158946
-0.016830899,-0.012743197,0.007645381,-0.017897056,-0.009706176,-0.028435878,-0.000641230,-0.007615144,0.011146420
-0.016834786,-0.015530124,0.012124043,-0.015568870,-0.008385361,-0.028685027,-0.000711972,-0.007619571,0.011133888
-0.016838673,-0.008356553,0.016556269,-0.013139529,-0.007085538,-0.028928459,-0.000782702,-0.007623942,0.011121350
-0.016842562,-0.001155976,0.020887661,-0.010621089,-0.005806831,-0.029166113,-0.000853416,-0.007628256,0.011108805
-0.016846451,0.011138120,0.025063825,-0.008025607,-0.004549364,-0.029397930,-0.000924107,-0.007632516,0.011096253
-0.016850341,0.008592244,0.029030363,-0.005365139,-0.003313263,-0.029623848,-0.000994771,-0.007636719,0.011083696
-0.016854231,0.006272905,0.032732879,-0.002651739,-0.002098650,-0.029843806,-0.001065400,-0.007640868,0.011071132
-0.016858123,-0.005264176,0.035627769,0.000102535,-0.000905651,-0.030057744,-0.001135990,-0.007644961,0.011058561
-0.016862015,-0.010196833,0.036904980,0.002885629,0.000265609,-0.030265600,-0.001206534,-0.007648999,0.011045984
-0.016865908,-0.004709491,0.037761049,0.005685486,0.001415008,-0.030467314,-0.001277028,-0.007652982,0.011033401
-0.016869801,-0.003792341,0.038198284,0.008490051,0.002542419,-0.030662826,-0.001347465,-0.007656910,0.011020812
-0.016873696,0.007564421,0.038218991,0.011287267,0.003647719,-0.030852074,-0.001417840,-0.007660783,0.011008217
-0.016877591,0.005395149,0.036800933,0.014065080,0.004730784,-0.031034998,-0.001488147,-0.007664603,0.010995615
-0.016881487,-0.006417631,0.035073698,0.016811432,0.005791488,-0.031211536,-0.001558381,-0.007668367,0.010983007
-0.016885383,-0.002127102,0.032302582,0.019514268,0.006829708,-0.031381629,-0.001628535,-0.007672078,0.010970392
-0.016889281,0.002372530,0.029393904,0.022161532,0.007845319,-0.031545215,-0.001698605,-0.007675734,0.010957772
-0.016893179,0.007026806,0.026414239,0.024741169,0.008838197,-0.031702234,-0.001768584,-0.007679337,0.010945145
-0.016897077,0.006781265,0.023430161,0.027241122,0.009808217,-0.031852624,-0.001838467,-0.007682886,0.010932512
-0.016900977,0.006800067,0.021022930,0.028916029,0.010755256,-0.031996326,-0.001908248,-0.007686381,0.010919873
-0.016904877,-0.003128149,0.018674794,0.030495061,0.011679187,-0.032133277,-0.001977922,-0.007689822,0.010907227
-0.016908778,-0.002996125,0.016382688,0.031974084,0.012579888,-0.032263418,-0.002047483,-0.007693211,0.010894576
-0.016912680,-0.002796601,0.014143547,0.033348963,0.013457234,-0.032386688,-0.002116924,-0.007696546,0.010881918
-0.016916582,-0.007522320,0.011954304,0.034615561,0.014311100,-0.032503026,-0.002186242,-0.007699828,0.010869255
-0.016920485,0.008336224,0.009309649,0.035769745,0.015141362,-0.032612371,-0.002255429,-0.007703057,0.010856585
-0.016924389,0.004506335,0.006486470,0.036807378,0.015947895,-0.032714662,-0.002324480,-0.007706233,0.010843909
-0.016928294,-0.004197146,0.003674119,0.037724326,0.016730576,-0.032809839,-0.002393390,-0.007709357,0.010831227
-0.016932199,-0.007750556,0.000853127,0.038516454,0.017489279,-0.032897841,-0.002462153,-0.007712428,0.010818539
-0.016936105,-0.011130235,-0.001995974,0.039179626,0.018223881,-0.032978606,-0.002530763,-0.007715447,0.010805845
-0.016940012,0.005144545,-0.004349717,0.039709707,0.018934257,-0.033052075,-0.002599214,-0.007718414,0.010793145
-0.016943919,0.011382763,-0.006512889,0.040102563,0.019620282,-0.033118187,-0.002667501,-0.007721329,0.010780439
-0.016947827,0.012097958,-0.007994835,0.040354058,0.020281833,-0.033176880,-0.002735619,-0.007724192,0.010767727
-0.016951736,-0.002956360,-0.007407182,0.039925723,0.019918893,-0.032873155,-0.002761966,-0.007727003,0.010755009
-0.016955646,-0.009279185,-0.005399666,0.039362226,0.019532206,-0.032562100,-0.002788137,-0.007729762,0.010742285
-0.016959556,0.006049797,0.000096363,0.038673900,0.019122623,-0.032243860,-0.002814128,-0.007732470,0.010729555
-0.016963467,-0.005134733,0.007235184,0.037871079,0.018690994,-0.031918586,-0.002839940,-0.007735127,0.010716819
-0.016967379,0.008640268,0.009532714,0.036964096,0.018238171,-0.031586424,-0.002865569,-0.007737732,0.010704077
-0.016971292,-0.002598494,0.007456799,0.035457699,0.017765006,-0.031247522,-0.002891016,-0.007740287,0.010691330
-0.016975205,-0.012115703,0.003753972,0.033869329,0.017272349,-0.030902029,-0.002916277,-0.007742790,0.010678576
-0.016979119,-0.010941512,-0.000558174,0.032210842,0.016761053,-0.030550091,-0.002941351,-0.007745243,0.010665817
-0.016983034,0.004762525,-0.004330643,0.030494093,0.016231969,-0.030191858,-0.002966237,-0.007747645,0.010653052
-0.016986949,0.009809247,-0.007388835,0.028730939,0.015685947,-0.029827476,-0.002990934,-0.007749997,0.010640281
-0.016990865,0.013085719,-0.008632377,0.026933233,0.015123839,-0.029457094,-0.003015439,-0.007752299,0.010627504
-0.016994782,0.010658648,-0.009140535,0.025112833,0.014546497,-0.029080859,-0.003039751,-0.007754550,0.010614721
-0.016998700,-0.012199633,-0.009198203,0.023281592,0.013954772,-0.028698920,-0.003063868,-0.007756751,0.010601933
-0.017002618,-0.010882080,-0.008424985,0.021451367,0.013349516,-0.028311425,-0.003087789,-0.007758903,0.010589139
-0.017006537,0.000414326,-0.007636460,0.019634013,0.012731579,-0.027918520,-0.003111512,-0.007761004,0.010576339
-0.017010457,0.006827313,-0.006982919,0.017841386,0.012101812,-0.027520355,-0.003135036,-0.007763056,0.010563533
-0.017014377,0.013494612,-0.006614649,0.016085340,0.011461069,-0.027117076,-0.003158359,-0.007765059,0.010550721
-0.017018298,0.011385742,-0.007513732,0.014377732,0.010810199,-0.026708833,-0.003181479,-0.007767012,0.010537904
-0.017022220,0.009440247,-0.008632273,0.012730417,0.010150054,-0.026295772,-0.003204395,-0.007768917,0.010525081
-0.017026142,-0.007570537,-0.009754166,0.011155249,0.009481485,-0.025878041,-0.003227105,-0.007770772,0.010512253
-0.017030066,0.004806533,-0.010345118,0.009664085,0.008805344,-0.025455789,-0.003249608,-0.007772578,0.010499419
-0.017033990,0.005969265,-0.009815493,0.008268781,0.008122482,-0.025029164,-0.003271902,-0.007774336,0.010486579
-0.017037914,0.001920550,-0.009180745,0.006981190,0.007433750,-0.024598313,-0.003293985,-0.007776045,0.010473734
-0.017041840,-0.002262153,-0.008530893,0.005813170,0.006740001,-0.024163383,-0.003315856,-0.007777706,0.010460883
-0.017045766,0.003929569,-0.008386911,0.004776575,0.006042084,-0.023724524,-0.003337513,-0.007779318,0.010448026
-0.017049692,-0.007154135,-0.006554680,0.004326433,0.005340852,-0.023281883,-0.003358955,-0.007780882,0.010435164
-0.017053620,-0.000720784,-0.002349600,0.003984960,0.004637155,-0.022835607,-0.003380180,-0.007782399,0.010422296
-0.017057548,0.000548680,0.001943176,0.003717543,0.003931846,-0.022385845,-0.003401186,-0.007783867,0.010409423
-0.017061477,0.008012981,0.004998834,0.003489569,0.003225775,-0.021932744,-0.003421972,-0.007785288,0.010396544
-0.017065407,-0.005102084,0.003348556,0.003543353,0.002519795,-0.021476453,-0.003442536,-0.007786661,0.010383659
-0.017069337,0.005165432,-0.001626676,0.003535260,0.001814755,-0.021017119,-0.003462877,-0.007787987,0.010370770
-0.017073268,-0.006983275,-0.004062054,0.003398584,0.001111508,-0.020554890,-0.003482993,-0.007789265,0.010357874
-0.017077200,-0.008689918,-0.001335585,0.002652339,0.000410905,-0.020089914,-0.003502882,-0.007790496,0.010344973
-0.017081132,0.003698451,0.002464777,0.001730824,-0.000286203,-0.019622338,-0.003522543,-0.007791681,0.010332067
-0.017085065,-0.002668471,0.005168610,0.000654062,-0.000978965,-0.019152312,-0.003541974,-0.007792818,0.010319155
-0.017088999,0.006409378,0.002791706,-0.000794507,-0.001666528,-0.018679982,-0.003561174,-0.007793909,0.010306238
-0.017092933,-0.007627272,-0.001438639,-0.002283616,-0.002348042,-0.018205497,-0.003580141,-0.007794953,0.010293316
-0.017096868,-0.012476128,-0.004920108,-0.003718577,-0.003022656,-0.017729004,-0.003598873,-0.007795951,0.010280388
-0.017100804,-0.002988550,-0.003233170,-0.004668266,-0.003689517,-0.017250651,-0.003617369,-0.007796903,0.010267454
-0.017104741,0.005065140,-0.000288698,-0.005452196,-0.004347776,-0.016770586,-0.003635628,-0.007797808,0.010254516
-0.017108678,-0.002373305,0.002953928,-0.006053443,-0.004996579,-0.016288958,-0.003653647,-0.007798668,0.010241572
-0.017112616,0.004192811,0.001347919,-0.005697133,-0.005760562,-0.015805913,-0.003671425,-0.007799482,0.010228622
-0.017116555,0.001404255,-0.001064568,-0.005192398,-0.006513370,-0.015321600,-0.003688960,-0.007800250,0.010215668
-0.017120494,-0.011354547,-0.003617497,-0.004590420,-0.007254137,-0.014836166,-0.003706252,-0.007800972,0.010202708
-0.017124434,-0.001608271,-0.003752425,-0.003925688,-0.007981994,-0.014349761,-0.003723297,-0.007801650,0.010189742
-0.017128375,0.002276032,-0.003069074,-0.003232153,-0.008696074,-0.013862530,-0.003740095,-0.007802281,0.010176772
-0.017132316,0.015470719,-0.001723264,-0.002527070,-0.009395508,-0.013374623,-0.003756645,-0.007802868,0.010163796
-0.017136258,0.013148146,0.000129184,-0.001827696,-0.010079429,-0.012886186,-0.003772944,-0.007803410,0.010150815
-0.017140201,0.010496050,0.002317067,-0.001151287,-0.010746968,-0.012397369,-0.003788990,-0.007803907,0.010137829
-0.017144144,-0.012236303,0.004607653,-0.000515100,-0.011397259,-0.011908319,-0.003804783,-0.007804360,0.010124837
-0.017148089,-0.009586924,0.006555488,0.000063611,-0.012029433,-0.011419183,-0.003820321,-0.007804767,0.010111841
-0.017152033,0.008445559,0.008175735,0.000567588,-0.012642622,-0.010930110,-0.003835601,-0.007805131,0.010098839
-0.017155979,0.007059859,0.009286214,0.000979576,-0.013235959,-0.010441248,-0.003850623,-0.007805450,0.010085832
-0.017159925,0.011454690,0.009704747,0.001282319,-0.013808575,-0.009952744,-0.003865385,-0.007805725,0.010072820
-0.017163872,-0.002047317,0.008466334,0.000330042,-0.013421158,-0.009615768,-0.003879885,-0.007805957,0.010059802
-0.017167820,-0.009627873,0.006381664,-0.000718306,-0.013012612,-0.009279345,-0.003894122,-0.007806144,0.010046780
-0.017171768,-0.000401649,0.002535480,-0.001832293,-0.012583395,-0.008943524,-0.003908094,-0.007806288,0.010033752
-0.017175717,0.009039180,-0.001509967,-0.002981489,-0.012133966,-0.008608352,-0.003921799,-0.007806388,0.010020720
-0.017179667,0.013045566,-0.005135556,-0.004135463,-0.011664782,-0.008273876,-0.003935237,-0.007806445,0.010007682
-0.017183617,0.015270171,-0.007023876,-0.005263783,-0.011176304,-0.007940145,-0.003948404,-0.007806459,0.009994640
-0.017187568,-0.003927489,-0.007564368,-0.006336020,-0.010668990,-0.007607206,-0.003961301,-0.007806429,0.009981592
-0.017191519,-0.014886184,-0.006875585,-0.006728736,-0.010308906,-0.007275106,-0.003973924,-0.007806357,0.009968539
-0.017195472,0.008585111,-0.000750763,-0.007005052,-0.009930676,-0.006943893,-0.003986273,-0.007806242,0.009955482
-0.017199425,-0.002502819,0.004769703,-0.007135082,-0.009534530,-0.006613614,-0.003998345,-0.007806084,0.009942419
-0.017203379,0.002350367,0.004155865,-0.007088941,-0.009120699,-0.006284318,-0.004010140,-0.007805884,0.009929351
-0.017207333,-0.001751990,0.001145595,-0.005707564,-0.008689415,-0.005956052,-0.004021656,-0.007805642,0.009916278
-0.017211288,-0.000458873,-0.002477606,-0.004125193,-0.008240908,-0.005628863,-0.004032891,-0.007805357,0.009903201
-0.017215244,-0.009896713,-0.005581969,-0.002346890,-0.007775409,-0.005302799,-0.004043843,-0.007805030,0.009890118
-0.017219200,-0.002777178,-0.005746171,-0.000082031,-0.007293149,-0.004977908,-0.004054511,-0.007804661,0.009877031
-0.017223157,0.008097105,-0.004853031,0.002355106,-0.006794359,-0.004654236,-0.004064894,-0.007804251,0.009863939
-0.017227115,-0.007577468,-0.002580072,0.004945926,-0.006279270,-0.004331833,-0.004074989,-0.007803799,0.009850842
-0.017231073,-0.003466258,-0.000243063,0.007671836,-0.005748113,-0.004010745,-0.004084795,-0.007803305,0.009837739
-0.017235032,-0.009293736,0.001901336,0.010514243,-0.005201119,-0.003691020,-0.004094311,-0.007802770,0.009824633
-0.017238992,-0.015054587,0.003866680,0.013454555,-0.004638520,-0.003372705,-0.004103535,-0.007802194,0.009811521
-0.017242953,-0.015743495,0.005666524,0.016474177,-0.004060545,-0.003055849,-0.004112465,-0.007801577,0.009798404
-0.017246914,0.008644854,0.007314425,0.019554517,-0.003467426,-0.002740498,-0.004121100,-0.007800919,0.009785283
-0.017250875,0.008115774,0.008823937,0.022676983,-0.002859394,-0.002426701,-0.004129438,-0.007800220,0.009772157
-0.017254838,0.002833421,0.010049776,0.025822980,-0.002236681,-0.002114505,-0.004137477,-0.007799480,0.009759026
-0.017258801,-0.007474125,0.011282731,0.028973915,-0.001599516,-0.001803957,-0.004145217,-0.007798701,0.009745890
-0.017262765,-0.007986183,0.012720994,0.032111196,-0.000948130,-0.001495105,-0.004152654,-0.007797880,0.009732750
-0.017266729,0.001415450,0.014265229,0.035216230,-0.000282756,-0.001187997,-0.004159789,-0.007797020,0.009719605
-0.017270694,0.000782737,0.015882343,0.038270423,0.000396376,-0.000882680,-0.004166618,-0.007796119,0.009706455
-0.017274660,0.005167642,0.017539245,0.041255182,0.001089036,-0.000579203,-0.004173141,-0.007795179,0.009693301
-0.017278626,-0.005342965,0.019167933,0.044151914,0.001794992,-0.000277611,-0.004179356,-0.007794199,0.009680141
-0.017282593,-0.009050924,0.019089118,0.046942026,0.002514013,0.000022046,-0.004185262,-0.007793179,0.009666978
-0.017286561,-0.007336582,0.018702017,0.049606925,0.003245869,0.000319721,-0.004190856,-0.007792120,0.009653809
-0.017290530,-0.000108638,0.017934200,0.052128018,0.003990327,0.000615368,-0.004196137,-0.007791022,0.009640636
-0.017294499,0.007724207,0.016713236,0.054486712,0.004747158,0.000908937,-0.004201104,-0.007789884,0.009627458
-0.017298468,0.016253255,0.014966696,0.056664413,0.005516131,0.001200382,-0.004205754,-0.007788708,0.009614276
-0.017302439,0.002770678,0.011666095,0.057397710,0.006297014,0.001489654,-0.004210088,-0.007787492,0.009601089
-0.017306410,-0.000127857,0.007999685,0.057902962,0.007089576,0.001776708,-0.004214101,-0.007786238,0.009587898
-0.017310381,-0.007645810,0.004199661,0.058151711,0.007893586,0.002061493,-0.004217794,-0.007784945,0.009574702
-0.017314354,-0.009986642,0.000498221,0.058115496,0.008708814,0.002343964,-0.004221165,-0.007783614,0.009561501
-0.017318327,0.007657572,-0.002883824,0.057765859,0.009535029,0.002624073,-0.004224211,-0.007782244,0.009548296
-0.017322300,0.004741957,-0.005372863,0.057074341,0.010371999,0.002901772,-0.004226932,-0.007780836,0.009535086
-0.017326275,0.001389656,-0.007063302,0.056012481,0.011219494,0.003177012,-0.004229326,-0.007779391,0.009521872
-0.017330250,-0.002674528,-0.007651208,0.054552282,0.012076822,0.003449748,-0.004231391,-0.007777907,0.009508654
-0.017334225,0.002339183,-0.006897624,0.052665576,0.012943461,0.003719931,-0.004233125,-0.007776386,0.009495431
-0.017338202,-0.005757424,-0.000533803,0.048272861,0.013818428,0.003987513,-0.004234528,-0.007774827,0.009482203
-0.017342179,-0.001686562,0.004117407,0.043420223,0.014700740,0.004252448,-0.004235596,-0.007773231,0.009468972
-0.017346156,0.007877091,0.008737426,0.038101954,0.015589413,0.004514686,-0.004236330,-0.007771597,0.009455735
-0.017350134,0.018361460,0.013977725,0.031239683,0.016483465,0.004774182,-0.004236727,-0.007769926,0.009442495
-0.017354113,0.035194473,0.018272354,0.023972463,0.017381912,0.005030887,-0.004236785,-0.007768219,0.009429250
-0.017358093,0.023675420,0.016256661,0.016366685,0.018283773,0.005284753,-0.004236503,-0.007766474,0.009416000
-0.017362073,0.013589036,0.013080549,0.008488740,0.019188063,0.005535734,-0.004235880,-0.007764693,0.009402746
-0.017366054,-0.005408578,0.009022556,0.000405017,0.020093800,0.005783780,-0.004234913,-0.007762875,0.009389488
-0.017370035,0.006338676,0.004361221,-0.007818091,0.021000001,0.006028846,-0.004233602,-0.007761021,0.009376226
-0.017374017,-0.016513102,-0.000624914,-0.016114196,0.021905684,0.006270883,-0.004231944,-0.007759130,0.009362959
-0.017378000,-0.019307814,-0.005657313,-0.024416905,0.022809864,0.006509843,-0.004229938,-0.007757203,0.009349688
-0.017381983,-0.027389360,-0.010457434,-0.032659828,0.023711559,0.006745680,-0.004227583,-0.007755241,0.009336413
-0.017385967,-0.021101642,-0.014746739,-0.040776575,0.024609786,0.006978345,-0.004224876,-0.007753242,0.009323134
-0.017389952,-0.007518073,-0.016517175,-0.048700755,0.025503562,0.007207791,-0.004221817,-0.007751208,0.009309850
-0.017393938,0.009994880,-0.017467637,-0.056365978,0.026391905,0.007433970,-0.004218403,-0.007749139,0.009296562
-0.017397923,0.008766128,-0.014992398,-0.063705852,0.027273830,0.007656834,-0.004214633,-0.007747033,0.009283270
-0.017401910,0.001574157,-0.011935306,-0.070653987,0.028148356,0.007876337,-0.004210506,-0.007744893,0.009269973
-0.017405897,-0.001377654,-0.008565099,-0.077143993,0.029014500,0.008092430,-0.004206019,-0.007742718,0.009256673
-0.017409885,-0.004885928,-0.005150519,-0.083109478,0.029871277,0.008305067,-0.004201172,-0.007740507,0.009243368
-0.017413874,0.006292887,-0.002000477,-0.088484053,0.030717706,0.008514198,-0.004195962,-0.007738262,0.009230059
-0.017417863,0.007063031,0.000915424,-0.093201326,0.031552803,0.008719777,-0.004190389,-0.007735982,0.009216746
-0.017421853,0.006309886,0.003977790,-0.096526255,0.032375586,0.008921756,-0.004184449,-0.007733667,0.009203429
-0.017425843,-0.004567315,0.006411862,-0.099082287,0.033185071,0.009120088,-0.004178143,-0.007731318,0.009190108
-0.017429834,-0.015228370,0.007833261,-0.100824215,0.033980275,0.009314725,-0.004171468,-0.007728935,0.009176783
-0.017433826,-0.010360746,0.007885280,-0.101789663,0.034843046,0.009505619,-0.004164422,-0.007726518,0.009163453
-0.017437818,0.015737419,-0.000159559,-0.095869137,0.035689547,0.009692722,-0.004157005,-0.007724067,0.009150120
-0.017441811,0.019537351,-0.011707413,-0.089126652,0.036518772,0.009875988,-0.004149214,-0.007721582,0.009136783
-0.017445805,0.009484099,-0.025119700,-0.081644787,0.037329716,0.010055368,-0.004141047,-0.007719063,0.009123441
-0.017449799,0.009819743,-0.039554868,-0.073506121,0.038121371,0.010230816,-0.004132504,-0.007716511,0.009110096
-0.017453794,-0.005213639,-0.054171363,-0.064793235,0.038892733,0.010402282,-0.004123583,-0.007713925,0.009096746
-0.017457790,0.012574762,-0.072076365,-0.055588705,0.039642794,0.010569720,-0.004114282,-0.007711307,0.009083393
-0.017461786,0.023132226,-0.088133520,-0.045975113,0.040370549,0.010733083,-0.004104599,-0.007708655,0.009070036
-0.017465782,0.035354762,-0.101155206,-0.036035037,0.041074992,0.010892322,-0.004094533,-0.007705970,0.009056674
-0.017469780,0.002989276,-0.095493373,-0.025162383,0.041755116,0.011047390,-0.004084082,-0.007703252,0.009043309
-0.017473778,-0.038313734,-0.086034636,-0.014119978,0.042409916,0.011198239,-0.004073245,-0.007700502,0.009029940
-0.017477776,-0.098052878,-0.073205185,-0.002981974,0.043038385,0.011344822,-0.004062020,-0.007697719,0.009016567
-0.017481776,-0.140726762,-0.057431205,0.008177475,0.043639517,0.011487091,-0.004050405,-0.007694904,0.009003190
-0.017485776,-0.200833993,-0.039138885,0.019284217,0.044212306,0.011624999,-0.004038399,-0.007692057,0.008989809
-0.017489776,-0.237873179,-0.018754412,0.030264098,0.044755746,0.011758498,-0.004026001,-0.007689177,0.008976425
-0.017493777,-0.286342928,0.003296028,0.041042965,0.045268831,0.011887540,-0.004013208,-0.007686266,0.008963036
-0.017497779,-0.335741846,0.026586246,0.051546666,0.045750555,0.012012078,-0.004000019,-0.007683323,0.008949644
-0.017501782,-0.430568541,0.050690056,0.061701046,0.046199911,0.012132065,-0.003986433,-0.007680348,0.008936248
-0.017505785,-0.510321621,0.075181270,0.071431953,0.046615894,0.012247451,-0.003972447,-0.007677342,0.008922848
-0.017509788,-0.535733955,0.105867964,0.080665234,0.046997497,0.012358191,-0.003954068,-0.007678297,0.008909445
-0.017513792,-0.519907593,0.135927392,0.089326735,0.047343714,0.012464237,-0.003935286,-0.007679222,0.008896037
-0.017517797,-0.477178845,0.164771071,0.097342304,0.047653539,0.012565540,-0.003916100,-0.007680115,0.008882626
-0.017521803,-0.401884024,0.191810517,0.104637788,0.047925967,0.012662053,-0.003896510,-0.007680976,0.008869211
-0.017525809,-0.318359440,0.216457247,0.111139032,0.048159990,0.012753729,-0.003876513,-0.007681807,0.008855793
-0.017529816,-0.190941406,0.238122778,0.116771885,0.048354603,0.012840520,-0.003856108,-0.007682606,0.008842371
-0.017533823,-0.008966232,0.256218628,0.121462194,0.048508800,0.012922378,-0.003835294,-0.007683373,0.008828945
-0.017537831,0.253229770,0.270156312,0.125135804,0.048621574,0.012999257,-0.003814069,-0.007684109,0.008815515
-0.017541840,0.506310288,0.279347348,0.127718563,0.048691920,0.013071107,-0.003792431,-0.007684814,0.008802082
-0.017545849,0.675939010,0.283203252,0.129136317,0.048718831,0.013137882,-0.003770380,-0.007685487,0.008788645
-0.017549859,0.727779626,0.293494951,0.118445943,0.047410038,0.012955905,-0.003703458,-0.007686129,0.008775205
-0.017553869,0.696643068,0.247898148,0.106668501,0.046058562,0.012768916,-0.003636125,-0.007686739,0.008761761
-0.017557880,0.466310196,0.197478030,0.093956079,0.044666162,0.012577027,-0.003568387,-0.007687318,0.008748313
-0.017561892,0.124709115,0.144152539,0.080460767,0.043234596,0.012380351,-0.003500250,-0.007687866,0.008734862
-0.017565904,-0.175232072,0.089839617,0.066334654,0.041765622,0.012178998,-0.003431718,-0.007688382,0.008721407
-0.017569917,-0.300585259,0.036457205,0.051729829,0.040260997,0.011973081,-0.003362796,-0.007688866,0.008707949
-0.017573930,-0.253422343,-0.014076755,0.036798380,0.038722481,0.011762711,-0.003293490,-0.007689319,0.008694487
-0.017577944,-0.148523649,-0.057135892,0.021692398,0.037151831,0.011548001,-0.003223804,-0.007689741,0.008681022
-0.017581959,-0.030032628,-0.093730705,0.006563970,0.035550806,0.011329061,-0.003153744,-0.007690131,0.008667553
-0.017585974,0.035198835,-0.122163268,-0.008434813,0.033921164,0.011106003,-0.003083315,-0.007690489,0.008654081
-0.017589990,0.036137157,-0.106553948,-0.023151864,0.032264662,0.010878939,-0.003012523,-0.007690816,0.008640605
-0.017594007,0.019855277,-0.084528316,-0.037036415,0.030583060,0.010647981,-0.002941371,-0.007691112,0.008627126
-0.017598024,-0.000755570,-0.058721118,-0.050346823,0.028878114,0.010413241,-0.002869865,-0.007691376,0.008613643
-0.017602042,-0.003304095,-0.036665831,-0.062942762,0.027151584,0.010174829,-0.002798011,-0.007691608,0.008600157
-0.017606060,0.010101196,-0.016396134,-0.074683912,0.025405228,0.009932859,-0.002725813,-0.007691809,0.008586668
-0.017610079,0.001757733,-0.000351646,-0.085429950,0.023640803,0.009687441,-0.002653277,-0.007691978,0.008573175
-0.017614099,-0.003984934,0.011975897,-0.095040552,0.021860069,0.009438687,-0.002580408,-0.007692116,0.008559679
-0.017618119,-0.012871371,0.013834297,-0.096020823,0.020064782,0.009186709,-0.002507210,-0.007692222,0.008546179
-0.017622139,-0.015646143,0.013488454,-0.095892960,0.018256702,0.008931619,-0.002433690,-0.007692297,0.008532677
-0.017626161,-0.007801336,0.011596210,-0.094824585,0.016437586,0.008673528,-0.002359851,-0.007692340,0.008519170
-0.017630183,-0.000069122,0.009055498,-0.092983321,0.014609192,0.008412549,-0.002285700,-0.007692351,0.008505661
-0.017634205,0.012070804,0.006511769,-0.090741989,0.012978476,0.008148791,-0.002211241,-0.007692331,0.008492148
-0.017638228,0.008347235,0.004401989,-0.088062509,0.011341493,0.007882369,-0.002136479,-0.007692279,0.008478632
-0.017642252,-0.006105655,0.002757743,-0.085111996,0.009699494,0.007613392,-0.002061420,-0.007692196,0.008465113
-0.017646276,-0.010945208,0.001402130,-0.082057568,0.008053731,0.007341974,-0.001986069,-0.007692081,0.008451591
-0.017650301,-0.006336754,0.001223814,-0.079623917,0.006405456,0.007068225,-0.001910430,-0.007691934,0.008438065
-0.017654327,0.008647414,0.000848388,-0.077365702,0.004755921,0.006792257,-0.001834510,-0.007691756,0.008424536
-0.017658353,-0.000158753,-0.001049178,-0.074793200,0.003106378,0.006514182,-0.001758312,-0.007691546,0.008411004
-0.017662380,-0.003764374,-0.002935833,-0.072431703,0.001458078,0.006234111,-0.001681843,-0.007691304,0.008397469
-0.017666407,0.002502679,-0.004561729,-0.070204545,-0.000187726,0.005952157,-0.001605106,-0.007691031,0.008383930
-0.017670435,0.000632836,-0.003378800,-0.067651581,-0.001829784,0.005668431,-0.001528108,-0.007690726,0.008370389
-0.017674463,-0.007115492,-0.001284947,-0.065134679,-0.003466842,0.005383045,-0.001450854,-0.007690390,0.008356844
-0.017678493,0.009273422,0.001681132,-0.062632226,-0.005097650,0.005096110,-0.001373348,-0.007690021,0.008343296
-0.017682522,0.010843601,0.004452443,-0.060122611,-0.006720955,0.004807738,-0.001295596,-0.007689621,0.008329745
-0.017686552,0.004802067,0.004798994,-0.057584221,-0.008335505,0.004518041,-0.001217603,-0.007689189,0.008316191
-0.017690583,-0.000520447,0.004367080,-0.054995442,-0.009940050,0.004227131,-0.001139373,-0.007688726,0.008302634
-0.017694615,-0.005262284,0.003352739,-0.052415331,-0.011533336,0.003935118,-0.001060913,-0.007688231,0.008289074
-0.017698647,-0.004561784,0.001830077,-0.049781007,-0.013114113,0.003642116,-0.000982227,-0.007687704,0.008275511
-0.017702679,-0.002875500,-0.000727924,-0.047110261,-0.014681128,0.003348235,-0.000903320,-0.007687145,0.008261945
-0.017706713,0.003692169,-0.003200435,-0.044420880,-0.016233129,0.003053588,-0.000824198,-0.007686555,0.008248376
-0.017710746,0.003651302,-0.004082960,-0.041728799,-0.017768865,0.002758285,-0.000744865,-0.007685933,0.008234803
-0.017714781,-0.006971549,-0.004393744,-0.039043682,-0.019287084,0.002462439,-0.000665327,-0.007685279,0.008221228
-0.017718816,-0.008845856,-0.003456863,-0.036373339,-0.020786534,0.002166162,-0.000585589,-0.007684593,0.008207650
-0.017722851,-0.006138097,-0.002099390,-0.033725579,-0.022265963,0.001869565,-0.000505656,-0.007683875,0.008194069
-0.017726887,-0.003643465,-0.000519681,-0.031108211,-0.023724119,0.001572759,-0.000425532,-0.007683126,0.008180485
-0.017730924,0.003842847,0.001083908,-0.028529044,-0.025159751,0.001275857,-0.000345224,-0.007682345,0.008166898
-0.017734961,0.011525649,0.002513020,-0.025995888,-0.026571607,0.000978971,-0.000264736,-0.007681532,0.008153309
-0.017738999,0.000290305,0.002888738,-0.023516552,-0.027958435,0.000682211,-0.000184074,-0.007680687,0.008139716
-0.017743038,-0.010541292,0.002895623,-0.021098845,-0.029318983,0.000385689,-0.000103242,-0.007679811,0.008126120
-0.017747077,-0.005631931,0.002202913,-0.018750577,-0.030651999,0.000089518,-0.000022245,-0.007678902,0.008112522
-0.017751116,-0.000448216,0.001389502,-0.016585395,-0.031956232,-0.000206191,0.000058910,-0.007677962,0.008098921
-0.017755156,0.009878010,0.000481357,-0.014498780,-0.033230429,-0.000501326,0.000140220,-0.007676990,0.008085317
-0.017759197,0.000216867,-0.000391685,-0.012492051,-0.034473339,-0.000795776,0.000221679,-0.007675986,0.008071710
-0.017763239,-0.009553655,-0.001107651,-0.010566527,-0.035683710,-0.001089429,0.000303282,-0.007674951,0.008058100
-0.017767280,-0.009535167,-0.001564969,-0.008723527,-0.036860290,-0.001382173,0.000385023,-0.007673883,0.008044488
-0.017771323,0.000244454,-0.001501133,-0.007199040,-0.038001828,-0.001673897,0.000466899,-0.007672783,0.008030873
-0.017775366,0.009775767,-0.001148390,-0.005752735,-0.039107071,-0.001964488,0.000548903,-0.007671652,0.008017255
-0.017779410,0.008671111,-0.000126099,-0.004378952,-0.040174768,-0.002253836,0.000631030,-0.007670489,0.008003635
-0.017783454,-0.002470038,0.000959245,-0.003072029,-0.041203666,-0.002541828,0.000713275,-0.007669293,0.007990011
-0.017787499,-0.013426422,0.001879364,-0.001826306,-0.042192515,-0.002828353,0.000795634,-0.007668066,0.007976385
-0.017791544,-0.009010141,0.002439339,-0.000636121,-0.043140062,-0.003113299,0.000878101,-0.007666807,0.007962757
-0.017795590,-0.009166731,0.002577687,0.000504186,-0.044045056,-0.003396554,0.000960671,-0.007665516,0.007949125
-0.017799636,0.016124916,0.002320186,0.000550190,-0.043910063,-0.003678007,0.001043338,-0.007664193,0.007935491
-0.017803683,0.008135575,0.000330513,0.000565503,-0.043733256,-0.003957545,0.001126099,-0.007662839,0.007921855
-0.017807731,0.000009702,-0.001547429,0.000689468,-0.043642440,-0.004235058,0.001208947,-0.007661452,0.007908216
-0.017811779,-0.008858579,-0.002719409,0.000808927,-0.043512922,-0.004510434,0.001291877,-0.007660033,0.007894574
-0.017815828,0.004862414,-0.001633747,0.001041538,-0.043345827,-0.004783560,0.001374885,-0.007658582,0.007880929
-0.017819877,-0.003598461,0.001587183,0.001281832,-0.043142277,-0.005054326,0.001457965,-0.007657100,0.007867282
-0.017823927,0.005302243,0.002401423,0.001529336,-0.043023792,-0.005202222,0.001541113,-0.007655585,0.007853633
-0.017827978,0.000879897,0.001429609,0.001849060,-0.042870998,-0.005347633,0.001624322,-0.007654038,0.007839981
-0.017832029,-0.008013240,-0.000101450,0.002162952,-0.042684918,-0.005490548,0.001707588,-0.007652459,0.007826326
-0.017836080,0.002629060,-0.001184398,0.002458444,-0.042466575,-0.005630954,0.001790906,-0.007650849,0.007812669
-0.017840132,0.008056220,-0.002055072,0.002722966,-0.042216994,-0.005768840,0.001874271,-0.007649206,0.007799010
-0.017844185,0.008203463,-0.002635107,0.002943947,-0.041937197,-0.005904192,0.001957677,-0.007647531,0.007785348
-0.017848238,0.007615818,-0.002350363,0.003003234,-0.041628207,-0.006037000,0.002041120,-0.007645825,0.007771683
-0.017852292,0.006777544,-0.001788032,0.003004777,-0.041291048,-0.006167251,0.002124594,-0.007644086,0.007758016
-0.017856346,0.000782711,-0.001039533,0.002946939,-0.040926742,-0.006294933,0.002208094,-0.007642315,0.007744347
-0.017860401,-0.010274612,-0.000196282,0.002828087,-0.040536314,-0.006420033,0.002291615,-0.007640512,0.007730675
-0.017864457,-0.011324486,0.000674431,0.002646585,-0.040120786,-0.006542541,0.002375152,-0.007638677,0.007717001
-0.017868513,0.012606517,0.001601830,0.002400798,-0.039681182,-0.006662443,0.002458700,-0.007636810,0.007703325
-0.017872570,0.006903912,0.002203052,0.002089093,-0.039218525,-0.006779728,0.002542254,-0.007634911,0.007689646
-0.017876627,0.001198072,0.002850372,0.001709834,-0.038733838,-0.006894384,0.002625808,-0.007632979,0.007675964
-0.017880684,-0.009444409,0.003479850,0.001261386,-0.038228144,-0.007006399,0.002709358,-0.007631016,0.007662281
-0.017884743,-0.014956943,0.004027548,0.000278380,-0.037238733,-0.007115760,0.002792898,-0.007629021,0.007648595
-0.017888802,-0.015538726,0.004695312,-0.000777416,-0.036230028,-0.007222455,0.002876424,-0.007626993,0.007634907
-0.017892861,-0.000577104,0.004873141,-0.001907972,-0.035202720,-0.007326474,0.002959929,-0.007624933,0.007621216
-0.017896921,0.010274787,0.004443789,-0.003342224,-0.034157499,-0.007427802,0.003043410,-0.007622842,0.007607523
-0.017900981,-0.006008295,0.001169673,-0.004816662,-0.033095054,-0.007526429,0.003126861,-0.007620718,0.007593828
-0.017905042,0.003648661,-0.003060078,-0.006294745,-0.032016076,-0.007622342,0.003210276,-0.007618561,0.007580131
-0.017909104,-0.005798514,-0.003237152,-0.007739932,-0.030921255,-0.007715530,0.003293651,-0.007616373,0.007566432
-0.017913166,0.008060627,-0.002015292,-0.008908244,-0.029811281,-0.007805979,0.003376980,-0.007614153,0.007552730
-0.017917229,0.006252876,-0.000254589,-0.010022964,-0.028629577,-0.007893679,0.003460259,-0.007611900,0.007539026
-0.017921292,0.014453319,0.001329132,-0.010984833,-0.027434675,-0.007978617,0.003543482,-0.007609615,0.007525320
-0.017925356,0.009124529,0.001232564,-0.011751855,-0.026227837,-0.008060781,0.003626645,-0.007607298,0.007511612
-0.017929420,-0.005745987,-0.000768057,-0.011086520,-0.025010328,-0.008140159,0.003709741,-0.007604949,0.007497902
-0.017933485,-0.015383238,-0.003244885,-0.010190407,-0.023783412,-0.008216739,0.003792766,-0.007602568,0.007484189
-0.017937550,-0.006060636,-0.005436473,-0.008550291,-0.022548354,-0.008290509,0.003875716,-0.007600154,0.007470475
-0.017941616,-0.006995212,-0.007585297,-0.006705413,-0.021306416,-0.008361456,0.003958584,-0.007597709,0.007456758
-0.017945683,0.006547603,-0.009404711,-0.004675726,-0.020058864,-0.008429570,0.004041365,-0.007595231,0.007443039
-0.017949750,0.009302375,-0.010608073,-0.002481184,-0.018806962,-0.008448470,0.004077689,-0.007592720,0.007429318
-0.017953818,-0.001009007,-0.008896061,-0.000141741,-0.017551973,-0.008464515,0.004113919,-0.007590178,0.007415595
-0.017957886,-0.012215370,-0.006418636,0.002322651,-0.016295161,-0.008477695,0.004150052,-0.007587603,0.007401870
-0.017961954,0.004611977,-0.002083281,0.004892039,-0.015037792,-0.008488000,0.004186086,-0.007584996,0.007388143
-0.017966024,0.010982516,0.002621735,0.007546467,-0.013781127,-0.008495421,0.004222018,-0.007582357,0.007374415
-0.017970093,0.017175928,0.007437940,0.010265984,-0.012526433,-0.008499948,0.004257846,-0.007579685,0.007360684
-0.017974164,0.013471892,0.012106866,0.013030635,-0.011274973,-0.008501571,0.004293567,-0.007576981,0.007346951
-0.017978234,0.000692040,0.015828092,0.015820468,-0.010028010,-0.008500282,0.004329179,-0.007574245,0.007333216
-0.017982306,-0.011674187,0.019133387,0.018615528,-0.008786810,-0.008496071,0.004364678,-0.007571477,0.007319479
-0.017986378,-0.008086477,0.021503650,0.021395863,-0.007552636,-0.008488927,0.004400063,-0.007568676,0.007305740
-0.017990450,0.005906164,0.023509096,0.024141519,-0.006326752,-0.008478843,0.004435331,-0.007565843,0.007292000
-0.017994523,0.010263652,0.025211021,0.026832542,-0.005110422,-0.008465808,0.004470480,-0.007562977,0.007278257
-0.017998597,-0.009162969,0.025779592,0.029448980,-0.003904910,-0.008449812,0.004505506,-0.007560080,0.007264513
-0.018002671,-0.006807275,0.024669594,0.031970878,-0.002711482,-0.008430847,0.004540407,-0.007557150,0.007250766
-0.018006745,0.000954232,0.023278741,0.034378283,-0.001531399,-0.008408902,0.004575181,-0.007554187,0.007237018
-0.018010820,-0.000854088,0.021603883,0.036651242,-0.000365927,-0.008383969,0.004609825,-0.007551192,0.007223268
-0.018014896,0.002792124,0.019641872,0.038769802,0.000783670,-0.008356038,0.004644337,-0.007548165,0.007209516
-0.018018972,0.011917226,0.017389559,0.040714008,0.001916128,-0.008325099,0.004678714,-0.007545106,0.007195763
-0.018023049,0.002564384,0.015053833,0.041235065,0.003030184,-0.008291142,0.004712953,-0.007542014,0.007182007
-0.018027126,-0.006398015,0.012526304,0.041574233,0.004124573,-0.008254159,0.004747052,-0.007538889,0.007168250
-0.018031204,-0.010082782,0.009908622,0.041743927,0.005198031,-0.008214140,0.004781008,-0.007535733,0.007154491
-0.018035282,-0.007830233,0.006529946,0.041756566,0.006249293,-0.008171075,0.004814819,-0.007532544,0.007140731
-0.018039361,-0.000578231,0.003316975,0.041624567,0.007277097,-0.008124954,0.004848483,-0.007529322,0.007126968
-0.018043440,0.011507855,0.000423922,0.041360346,0.008280177,-0.008075769,0.004881996,-0.007526068,0.007113204
-0.018047520,0.002695921,-0.001428272,0.040976320,0.009257270,-0.008023510,0.004915356,-0.007522782,0.007099438
-0.018051601,-0.001441629,-0.002823168,0.040484907,0.010207112,-0.007968167,0.004948561,-0.007519463,0.007085671
-0.018055681,-0.015899126,-0.003777597,0.039898522,0.011128438,-0.007909731,0.004981607,-0.007516112,0.007071902
-0.018059763,-0.001483875,-0.002530628,0.038815312,0.011469471,-0.007848192,0.005014494,-0.007512728,0.007058131
-0.018063845,0.007744914,-0.001010420,0.037671550,0.011781300,-0.007783541,0.005047217,-0.007509312,0.007044359
-0.018067927,0.011915055,0.000632631,0.036489238,0.012064499,-0.007715769,0.005079774,-0.007505863,0.007030585
-0.018072010,0.016154360,0.002248128,0.035290376,0.012319642,-0.007644865,0.005112163,-0.007502382,0.007016809
-0.018076094,-0.003836684,0.003187380,0.034022589,0.012547305,-0.007570820,0.005144381,-0.007498868,0.007003032
-0.018080178,-0.013638329,0.003956475,0.032759459,0.012748063,-0.007493626,0.005176426,-0.007495322,0.006989253
-0.018084262,-0.008054761,0.004359813,0.031500190,0.012922490,-0.007413271,0.005208295,-0.007491743,0.006975473
-0.018088347,-0.002326594,0.004638221,0.030243986,0.013071161,-0.007329748,0.005239986,-0.007488132,0.006961691
-0.018092433,-0.001491048,0.004829133,0.028990051,0.013194650,-0.007243046,0.005271495,-0.007484488,0.006947908
-0.018096519,0.009414659,0.004969984,0.027737589,0.013293533,-0.007153156,0.005302821,-0.007480812,0.006934123
-0.018100606,-0.004397659,0.004849171,0.026485804,0.013368385,-0.007060068,0.005333961,-0.007477104,0.006920337
-0.018104693,-0.007970040,0.004508948,0.025233901,0.013419780,-0.006963773,0.005364912,-0.007473362,0.006906549
-0.018108781,-0.000620305,0.003267351,0.023981083,0.013448293,-0.006864261,0.005395672,-0.007469588,0.006892760
-0.018112869,0.007234454,0.001541683,0.022726554,0.013454498,-0.006761523,0.005426238,-0.007465782,0.006878969
-0.018116957,0.005834403,-0.000908005,0.021469519,0.013438971,-0.006655550,0.005456608,-0.007461943,0.006865177
-0.018121047,0.004273003,-0.003174960,0.020209181,0.013402286,-0.006546331,0.005486778,-0.007458071,0.006851383
-0.018125136,-0.003174212,-0.004534503,0.018944744,0.013345019,-0.006433858,0.005516748,-0.007454167,0.006837588
-0.018129227,0.002392966,-0.003886627,0.017675413,0.013267743,-0.006318121,0.005546513,-0.007450231,0.006823792
-0.018133317,-0.006091684,0.000929494,0.016306001,0.013171035,-0.006199110,0.005576072,-0.007446261,0.006809994
-0.018137409,0.012040213,0.004158756,0.014922654,0.013055467,-0.006076816,0.005605421,-0.007442259,0.006796195
-0.018141500,0.009089420,0.003713341,0.013311846,0.012921616,-0.005951229,0.005634559,-0.007438225,0.006782395
-0.018145593,0.002315897,0.002117013,0.011689272,0.012590615,-0.005642900,0.005663482,-0.007434158,0.006768593
-0.018149685,-0.013804445,-0.000117135,0.010065344,0.012242618,-0.005331396,0.005692189,-0.007430058,0.006754790
-0.018153779,-0.019795690,-0.002476009,0.008450474,0.011878334,-0.005016844,0.005720676,-0.007425925,0.006740986
-0.018157872,-0.007561105,-0.003067340,0.006855074,0.011498477,-0.004699373,0.005748942,-0.007421760,0.006727180
-0.018161967,0.004229344,-0.003232152,0.005289555,0.011103757,-0.004379109,0.005776983,-0.007417562,0.006713373
-0.018166062,0.005526508,-0.002932292,0.003764330,0.010694887,-0.004056180,0.005804796,-0.007413332,0.006699565
-0.018170157,0.011281244,-0.002129609,0.002289810,0.010272578,-0.003730713,0.005832381,-0.007409069,0.006685756
-0.018174253,0.000892871,-0.000314183,0.000956176,0.009837542,-0.003402836,0.005859733,-0.007404773,0.006671945
-0.018178349,-0.009695431,0.001637249,-0.000303601,0.009390491,-0.003072676,0.005886850,-0.007400444,0.006658134
-0.018182446,-0.004506988,0.002369702,-0.001111789,0.008932136,-0.002740360,0.005913730,-0.007396083,0.006644321
-0.018186543,0.011024985,0.002688687,-0.001841267,0.008463188,-0.002406016,0.005940370,-0.007391689,0.006630507
-0.018190641,0.007541736,0.001960262,-0.002499920,0.007984361,-0.002069772,0.005966768,-0.007387263,0.006616692
-0.018194739,0.009427982,0.000807013,-0.003095637,0.007496364,-0.001731754,0.005992921,-0.007382803,0.006602875
-0.018198838,0.001557880,-0.000637910,-0.003636302,0.006999911,-0.001392090,0.006018826,-0.007378311,0.006589058
-0.018202937,-0.011194415,-0.002241359,-0.004129805,0.006495712,-0.001050908,0.006044481,-0.007373787,0.006575240
-0.018207037,-0.004157356,-0.003667574,-0.004584031,0.005984479,-0.000708335,0.006069884,-0.007369229,0.006561420
-0.018211137,0.002780158,-0.005020352,-0.005006866,0.005466925,-0.000364497,0.006095031,-0.007364639,0.006547599
-0.018215238,0.009526618,-0.006200878,-0.005406199,0.004943760,-0.000019524,0.006119921,-0.007360016,0.006533778
-0.018219339,0.005461546,-0.006581370,-0.005789916,0.004415697,0.000326459,0.006144550,-0.007355360,0.006519955
-0.018223441,-0.003937130,-0.006632450,-0.006165903,0.003883446,0.000673323,0.006168917,-0.007350671,0.006506131
-0.018227543,-0.008720454,-0.006295771,-0.006542047,0.003347721,0.001020942,0.006193018,-0.007345950,0.006492306
-0.018231646,-0.004478331,-0.005062657,-0.006837699,0.002809231,0.001369187,0.006216851,-0.007341195,0.006478481
-0.018235749,-0.000563269,-0.003481948,-0.007152094,0.002268690,0.001717932,0.006240414,-0.007336408,0.006464654
-0.018239853,0.003133362,-0.001652155,-0.007495929,0.001726809,0.002067048,0.006263703,-0.007331588,0.006450826
-0.018243957,0.001720189,0.000328208,-0.007879905,0.001184299,0.002416410,0.006286717,-0.007326736,0.006436998
-0.018248062,0.005305841,0.002360632,-0.008314720,0.000641872,0.002765888,0.006309453,-0.007321850,0.006423168
-0.018252167,-0.001582536,0.004928086,-0.008811071,0.000100241,0.003115356,0.006331908,-0.007316932,0.006409338
-0.018256273,-0.007993735,0.007089481,-0.009379658,-0.000439885,0.003464687,0.006354080,-0.007311981,0.006395506
-0.018260379,-0.002221173,0.007381266,-0.010264095,-0.000977792,0.003813753,0.006375965,-0.007306997,0.006381674
-0.018264486,0.014396311,0.006887731,-0.011210414,-0.001512769,0.004162426,0.006397563,-0.007301980,0.006367841
-0.018268593,-0.001555167,0.004001123,-0.012197561,-0.002044105,0.004510580,0.006418869,-0.007296930,0.006354007
-0.018272701,0.002862899,0.000761301,-0.013204483,-0.002571088,0.004858086,0.006439882,-0.007291847,0.006340172
-0.018276809,-0.002822885,-0.002379974,-0.014210126,-0.003093005,0.005204818,0.006460599,-0.007286732,0.006326336
-0.018280918,-0.014085916,-0.004970941,-0.015193439,-0.003609146,0.005550648,0.006481017,-0.007281583,0.006312500
-0.018285027,-0.008087574,-0.004871854,-0.016133368,-0.004118799,0.005895449,0.006501134,-0.007276402,0.006298663
-0.018289136,0.007008821,-0.003941028,-0.017008860,-0.004621251,0.006239093,0.006520947,-0.007271188,0.006284825
-0.018293246,0.005129522,-0.001045729,-0.017879484,-0.005115793,0.006581453,0.006540454,-0.007265941,0.006270986
-0.018297357,-0.001938979,0.001919454,-0.018637725,-0.005601710,0.006922401,0.006559651,-0.007260661,0.006257147
-0.018301468,-0.003632631,0.004362995,-0.019256687,-0.006078293,0.007261810,0.006578538,-0.007255348,0.006243306
-0.018305580,-0.002503507,0.002675149,-0.018362508,-0.006757461,0.007599553,0.006597110,-0.007250002,0.006229466
-0.018309692,0.009431839,0.000015954,-0.017312018,-0.007425732,0.007935503,0.006615366,-0.007244623,0.006215624
-0.018313804,0.012423795,-0.003855836,-0.016115079,-0.008082258,0.008269531,0.006633303,-0.007239211,0.006201782
-0.018317917,0.010683588,-0.008142307,-0.014781553,-0.008726190,0.008601511,0.006650918,-0.007233766,0.006187939
-0.018322030,0.013805511,-0.012428609,-0.013321302,-0.009356678,0.008931315,0.006668209,-0.007228288,0.006174095
-0.018326144,-0.018616143,-0.016299893,-0.011744187,-0.009972872,0.009258815,0.006685173,-0.007222777,0.006160251
-0.018330259,0.000812355,-0.017352920,-0.009847896,-0.010573924,0.009583885,0.006701808,-0.007217233,0.006146406
-0.018334374,-0.000567521,-0.017703541,-0.007858769,-0.011158984,0.009906397,0.006718111,-0.007211657,0.006132561
-0.018338489,0.012385138,-0.017479218,-0.005790976,-0.011727202,0.010226223,0.006734079,-0.007206047,0.006118715
-0.018342605,0.008897835,-0.015894006,-0.003658683,-0.012277730,0.010543237,0.006749711,-0.007200404,0.006104868
-0.018346721,0.000115879,-0.014079765,-0.001476057,-0.012809718,0.010857310,0.006765002,-0.007194728,0.006091021
-0.018350838,-0.008728827,-0.012254950,0.000742733,-0.013322317,0.011168315,0.006779952,-0.007189019,0.006077173
-0.018354955,-0.002046814,-0.010995582,0.002983521,-0.013814678,0.011476126,0.006794557,-0.007183277,0.006063325
-0.018359073,0.009681643,-0.009807938,0.005232138,-0.014285951,0.011780614,0.006808815,-0.007177502,0.006049476
-0.018363191,0.005670518,-0.007892545,0.007474418,-0.014735286,0.012081652,0.006822723,-0.007171694,0.006035627
-0.018367310,-0.003448062,-0.005868080,0.009696193,-0.015161835,0.012379113,0.006836278,-0.007165853,0.006021778
-0.018371429,-0.007705290,-0.003689902,0.011883295,-0.015564748,0.012672869,0.006849479,-0.007159979,0.006007927
-0.018375548,-0.017132360,-0.001313371,0.014021556,-0.015943177,0.012962794,0.006862322,-0.007154072,0.005994077
-0.018379668,-0.012558446,0.002104138,0.016096811,-0.016296270,0.013248759,0.006874806,-0.007148132,0.005980226
-0.018383789,-0.008004656,0.005597178,0.018094890,-0.016623180,0.013530637,0.006886926,-0.007142158,0.005966375
-0.018387910,0.016709922,0.008998288,0.020001627,-0.016923057,0.013808300,0.006892580,-0.007130050,0.005952523
-0.018392031,0.012517840,0.011388362,0.021802853,-0.016985098,0.013871669,0.006897866,-0.007117908,0.005938671
-0.018396153,-0.001463218,0.013663164,0.023484402,-0.017018544,0.013930705,0.006902781,-0.007105733,0.005924818
-0.018400276,-0.010363924,0.015966816,0.025032106,-0.017022682,0.013985418,0.006907325,-0.007093526,0.005910965
-0.018404398,0.005545840,0.018582647,0.026431797,-0.016996801,0.014035818,0.006911493,-0.007081286,0.005897112
-0.018408522,0.006064363,0.021725816,0.027669308,-0.016940188,0.014081915,0.006915283,-0.007069013,0.005883258
-0.018412645,0.005850727,0.025750690,0.028730472,-0.016852130,0.014123717,0.006918694,-0.007056707,0.005869405
-0.018416770,-0.006581089,0.032156737,0.029601121,-0.016731914,0.014161234,0.006921722,-0.007044369,0.005855550
-0.018420894,-0.009628297,0.039354617,0.030267087,-0.016578829,0.014194475,0.006924366,-0.007031999,0.005841696
-0.018425019,-0.012781333,0.046848215,0.030714203,-0.016392162,0.014223451,0.006926622,-0.007019596,0.005827841
-0.018429145,-0.015361409,0.053972191,0.030928302,-0.016171200,0.014248170,0.006928488,-0.007007160,0.005813986
-0.018433271,-0.006689740,0.060061207,0.030895216,-0.015915231,0.014268642,0.006929962,-0.006994693,0.005800131
-0.018437398,0.008912460,0.064449926,0.030600777,-0.015623543,0.014284876,0.006931041,-0.006982193,0.005786276
-0.018441525,-0.005072359,0.065233835,0.027807057,-0.014636150,0.014296883,0.006931722,-0.006969661,0.005772421
-0.018445652,0.004823633,0.062362970,0.024757026,-0.013613897,0.014304670,0.006932004,-0.006957097,0.005758565
-0.018449780,-0.007509879,0.061930001,0.021469892,-0.012558352,0.014305962,0.006934170,-0.006944501,0.005744709
-0.018453908,-0.006734191,0.063578581,0.017964864,-0.011471089,0.014303052,0.006935934,-0.006931873,0.005730853
-0.018458037,0.003423299,0.066018460,0.014261151,-0.010353676,0.014295945,0.006937297,-0.006919213,0.005716997
-0.018462166,0.013647350,0.068547238,0.010377961,-0.009207686,0.014284647,0.006938259,-0.006906522,0.005703141
-0.018466296,-0.003949710,0.069034939,0.006334504,-0.008034688,0.014269166,0.006938822,-0.006893799,0.005689284
-0.018470426,-0.010920261,0.069016302,0.002149986,-0.006836255,0.014249508,0.006938985,-0.006881045,0.005675428
-0.018474557,-0.002467503,0.068676878,-0.002156382,-0.005613956,0.014225678,0.006938750,-0.006868259,0.005661571
-0.018478688,0.006391818,0.068015770,-0.006565392,-0.004369362,0.014197684,0.006938117,-0.006855441,0.005647715
-0.018482819,-0.004547426,0.067220463,-0.011057835,-0.003104045,0.014165532,0.006937087,-0.006842592,0.005633858
-0.018486951,0.004852061,0.066136014,-0.015614503,-0.001819574,0.014129227,0.006935660,-0.006829712,0.005620002
-0.018491084,-0.009459620,0.068794677,-0.020216187,-0.000517522,0.014088777,0.006933837,-0.006816801,0.005606145
-0.018495216,0.015820171,0.071876169,-0.024843679,0.000800542,0.014044188,0.006931618,-0.006803859,0.005592288
-0.018499350,0.021126959,0.074927320,-0.029477769,0.002133046,0.013995466,0.006929004,-0.006790885,0.005578432
-0.018503483,0.027293698,0.077097530,-0.034099250,0.003478420,0.013942618,0.006925996,-0.006777881,0.005564575
-0.018507618,0.013857410,0.073832133,-0.038688912,0.004835092,0.013885649,0.006922594,-0.006764846,0.005550719
-0.018511752,0.006733877,0.069197702,-0.043227547,0.006201493,0.013824567,0.006918799,-0.006751780,0.005536862
-0.018515887,-0.004457052,0.063556744,-0.047695946,0.007576051,0.013759378,0.006914612,-0.006738683,0.005523006
-0.018520023,-0.010095529,0.057271765,-0.052074900,0.008957195,0.013690088,0.006910032,-0.006725555,0.005509150
-0.018524159,-0.010561704,0.050705272,-0.056345202,0.010343354,0.013616703,0.006905061,-0.006712397,0.005495294
-0.018528295,-0.011235729,0.044219770,-0.060487641,0.011732959,0.013539229,0.006899700,-0.006699209,0.005481438
-0.018532432,-0.012497755,0.038177768,-0.064483010,0.013124437,0.013457675,0.006893949,-0.006685990,0.005467582
-0.018536569,0.009593188,0.033620648,-0.068312100,0.014516218,0.013372044,0.006887808,-0.006672741,0.005453726
-0.018540707,0.008047534,0.032520333,-0.071955702,0.015906732,0.013282345,0.006881278,-0.006659461,0.005439871
-0.018544845,0.000524222,0.032200241,-0.075394608,0.017294407,0.013188582,0.006874360,-0.006646152,0.005426015
-0.018548984,-0.012657840,0.032323816,-0.078609608,0.018677672,0.013090764,0.006867054,-0.006632812,0.005412160
-0.018553123,-0.001581148,0.032955911,-0.081581495,0.020054957,0.012988896,0.006859361,-0.006619442,0.005398306
-0.018557262,0.009476888,0.033356290,-0.084291060,0.021424692,0.012882984,0.006851282,-0.006606042,0.005384451
-0.018561402,0.015837451,0.033186127,-0.086719093,0.022785304,0.012773034,0.006842817,-0.006592612,0.005370597
-0.018565542,0.008783678,0.031144640,-0.088846387,0.024135223,0.012659054,0.006833967,-0.006579153,0.005356743
-0.018569683,-0.002803490,0.028333242,-0.090653732,0.025472879,0.012541050,0.006824732,-0.006565664,0.005342889
-0.018573824,-0.004081157,0.024891392,-0.092121920,0.026796701,0.012419027,0.006815113,-0.006552145,0.005329035
-0.018577966,-0.010206428,0.020958552,-0.093241475,0.028114850,0.012292993,0.006805111,-0.006538596,0.005315182
-0.018582108,-0.001587583,0.016925357,-0.093983645,0.029416212,0.012162953,0.006794725,-0.006525018,0.005301329
-0.018586251,0.006701675,0.012847864,-0.094329412,0.030699407,0.012028914,0.006783958,-0.006511411,0.005287477
-0.018590394,0.008117560,0.010252215,-0.094259756,0.031963054,0.011890883,0.006772809,-0.006497774,0.005273625
-0.018594537,-0.006259348,0.008040185,-0.093755660,0.033205772,0.011748865,0.006761279,-0.006484108,0.005259773
-0.018598681,-0.002434617,0.007450490,-0.093048895,0.034426179,0.011602868,0.006749369,-0.006470413,0.005245922
-0.018602825,-0.004257773,0.007063924,-0.091869358,0.035622895,0.011452897,0.006737079,-0.006456689,0.005232071
-0.018606970,0.003554419,0.006579314,-0.090197733,0.036794538,0.011298959,0.006724410,-0.006442935,0.005218221
-0.018611115,-0.004143623,0.006124300,-0.088014709,0.037939728,0.011141061,0.006711362,-0.006429153,0.005204371
-0.018615260,0.005963410,-0.003626234,-0.079309101,0.039057084,0.010979207,0.006697937,-0.006415342,0.005190521
-0.018619406,-0.001594998,-0.016150622,-0.070130686,0.040145224,0.010813406,0.006684134,-0.006401502,0.005176672
-0.018623552,-0.007859659,-0.030348772,-0.060537370,0.041202767,0.010643664,0.006669954,-0.006387633,0.005162823
-0.018627699,0.013801845,-0.047793822,-0.050587058,0.042228333,0.010469986,0.006655398,-0.006373736,0.005148975
-0.018631846,0.023836305,-0.063873282,-0.040337658,0.043220540,0.010292379,0.006640467,-0.006359810,0.005135128
-0.018635994,0.035675355,-0.076959507,-0.029847076,0.044178008,0.010110850,0.006625160,-0.006345855,0.005121281
-0.018640142,0.012357815,-0.069964266,-0.019240986,0.045099355,0.009925404,0.006609480,-0.006331872,0.005107434
-0.018644290,-0.025148752,-0.058865704,-0.008507434,0.045983200,0.009736049,0.006593426,-0.006317861,0.005093589
-0.018648439,-0.066269597,-0.044181381,0.002297765,0.046828163,0.009542791,0.006576998,-0.006303821,0.005079743
-0.018652589,-0.105429970,-0.026428856,0.013118797,0.047632862,0.009345635,0.006560198,-0.006289754,0.005065899
-0.018656738,-0.172055124,-0.006125691,0.023899847,0.048395916,0.009144589,0.006543027,-0.006275658,0.005052055
-0.018660888,-0.220570307,0.016210554,0.034585100,0.049115944,0.008939658,0.006525484,-0.006261534,0.005038211
-0.018665039,-0.295400773,0.040062320,0.045118742,0.049791565,0.008730850,0.006507570,-0.006247382,0.005024368
-0.018669190,-0.360971771,0.064912045,0.055444958,0.050421399,0.008518170,0.006489287,-0.006233202,0.005010526
-0.018673341,-0.446708552,0.090242170,0.065507933,0.051004064,0.008301625,0.006470633,-0.006218995,0.004996685
-0.018677493,-0.476943217,0.120441984,0.075251853,0.051538178,0.008081221,0.006451611,-0.006204759,0.004982844
-0.018681645,-0.436010263,0.149903171,0.084620903,0.052022362,0.007856965,0.006432221,-0.006190496,0.004969004
-0.018685798,-0.353151036,0.177924268,0.093559269,0.052455234,0.007628863,0.006412463,-0.006176206,0.004955165
-0.018689951,-0.252606882,0.203803809,0.102011135,0.052835412,0.007396921,0.006392339,-0.006161888,0.004941326
-0.018694105,-0.118619146,0.226840328,0.109920688,0.053161517,0.007161146,0.006371847,-0.006147542,0.004927489
-0.018698258,0.094570823,0.246332362,0.117232112,0.053432167,0.006921544,0.006350990,-0.006133170,0.004913652
-0.018702413,0.362721682,0.261578444,0.123889594,0.053828988,0.006495113,0.006329768,-0.006118770,0.004899815
-0.018706567,0.576592082,0.271877110,0.129837317,0.054167437,0.006065024,0.006308181,-0.006104342,0.004885980
-0.018710722,0.681940679,0.276526894,0.135019468,0.054445976,0.005631438,0.006286231,-0.006089888,0.004872146
-0.018714878,0.682934667,0.241729221,0.130865992,0.052865879,0.005194519,0.006263917,-0.006075406,0.004858312
-0.018719034,0.484875403,0.201811264,0.125948372,0.051226969,0.004754428,0.006241240,-0.006060898,0.004844479
-0.018723190,0.146472785,0.158003084,0.120323851,0.049531880,0.004311328,0.006218201,-0.006046363,0.004830647
-0.018727347,-0.143563287,0.111534743,0.114049672,0.047783246,0.003865380,0.006194800,-0.006031801,0.004816816
-0.018731504,-0.306522916,0.063636303,0.107183079,0.045983701,0.003416747,0.006171038,-0.006017212,0.004802986
-0.018735662,-0.328696203,0.015537826,0.099781314,0.044135879,0.002965592,0.006146916,-0.006002596,0.004789156
-0.018739820,-0.252374798,-0.030529078,0.091901621,0.042242414,0.002512075,0.006122435,-0.005987954,0.004775328
-0.018743978,-0.167856539,-0.074326612,0.083601242,0.040305939,0.002056361,0.006097594,-0.005973285,0.004761500
-0.018748137,-0.076440811,-0.114615428,0.074937422,0.038329088,0.001598610,0.006072395,-0.005958590,0.004747674
-0.018752296,-0.019427000,-0.150156182,0.065967402,0.036314497,0.001138985,0.006046838,-0.005943869,0.004733848
-0.018756455,0.031885509,-0.179709528,0.056748426,0.034264797,0.000677648,0.006020923,-0.005929121,0.004720024
-0.018760615,0.039320061,-0.175158851,0.047337737,0.032182624,0.000214762,0.005994652,-0.005914347,0.004706200
-0.018764776,0.031119506,-0.164807040,0.037792579,0.030070610,-0.000249512,0.005968025,-0.005899547,0.004692378
-0.018768937,0.023649424,-0.150621444,0.028711922,0.027931391,-0.000715011,0.005941042,-0.005884721,0.004678556
-0.018773098,-0.001724605,-0.133481416,0.019606742,0.025767600,-0.001181573,0.005913704,-0.005869869,0.004664736
-0.018777259,-0.007000981,-0.116444053,0.010529742,0.023581871,-0.001649035,0.005886013,-0.005854991,0.004650917
-0.018781421,0.007365967,-0.099110529,0.001533626,0.021376837,-0.002117236,0.005857967,-0.005840088,0.004637099
-0.018785584,0.012557931,-0.082718034,-0.007328903,0.019155133,-0.002586014,0.005829568,-0.005825158,0.004623281
-0.018789746,-0.001222097,-0.067525060,-0.016005142,0.016919393,-0.003055205,0.005800817,-0.005810203,0.004609465
-0.018793909,-0.003614495,-0.053946731,-0.024442387,0.014672250,-0.003524649,0.005771715,-0.005795222,0.004595651
-0.018798073,-0.015238336,-0.041419473,-0.032587934,0.012416339,-0.003994182,0.005742261,-0.005780216,0.004581837
-0.018802237,-0.007233502,-0.028858904,-0.040389081,0.010154293,-0.004463642,0.005712456,-0.005765185,0.004568024
-0.018806401,0.010676897,-0.016597415,-0.047793123,0.007888746,-0.004932868,0.005682301,-0.005750128,0.004554213
-0.018810566,0.003843404,-0.005041047,-0.054747358,0.005622332,-0.005401697,0.005651797,-0.005735045,0.004540403
-0.018814731,-0.003005612,0.006026329,-0.061199082,0.003357685,-0.005869967,0.005620944,-0.005719938,0.004526594
-0.018818897,-0.004547323,0.016226385,-0.067095591,0.001097440,-0.006337516,0.005589743,-0.005704805,0.004512786
-0.018823062,-0.003453748,0.018367422,-0.067575963,-0.001155771,-0.006804181,0.005558194,-0.005689647,0.004498980
-0.018827229,-0.001804864,0.019379304,-0.067492884,-0.003399314,-0.007269800,0.005526298,-0.005674465,0.004485174
-0.018831395,0.010324507,0.019378527,-0.066890822,-0.005630553,-0.007734211,0.005494056,-0.005659257,0.004471371
-0.018835562,0.008197881,0.018143245,-0.065814245,-0.007846856,-0.008197252,0.005461469,-0.005644025,0.004457568
-0.018839730,0.011289261,0.016241124,-0.064307618,-0.010045589,-0.008658760,0.005428536,-0.005628768,0.004443767
-0.018843898,0.004410989,0.013901495,-0.062415411,-0.012224117,-0.009118574,0.005395258,-0.005613486,0.004429966
-0.018848066,-0.017624594,0.011353685,-0.060182090,-0.014379807,-0.009576531,0.005361637,-0.005598180,0.004416168
-0.018852235,-0.001040848,0.009862727,-0.057652122,-0.016510024,-0.010032469,0.005327672,-0.005582849,0.004402370
-0.018856404,0.010224631,0.008407887,-0.055093663,-0.018388448,-0.010486226,0.005293364,-0.005567493,0.004388574
-0.018860573,0.016198543,0.007004136,-0.052325457,-0.020238168,-0.010937639,0.005258714,-0.005552114,0.004374780
-0.018864743,0.011967077,0.005606955,-0.049389934,-0.022058587,-0.011386547,0.005223723,-0.005536710,0.004360987
-0.018868913,0.007497229,0.004291019,-0.046329525,-0.023849106,-0.011832787,0.005188391,-0.005521282,0.004347195
-0.018873083,-0.012184518,0.003071516,-0.043186662,-0.025609129,-0.012276197,0.005152719,-0.005505829,0.004333405
-0.018877254,-0.002460703,0.002553164,-0.040184282,-0.027338057,-0.012716614,0.005116707,-0.005490353,0.004319616
-0.018881426,0.007150043,0.002111102,-0.037179658,-0.029035294,-0.013153877,0.005080355,-0.005474853,0.004305828
-0.018885597,0.006720069,0.001710002,-0.034210567,-0.030700241,-0.013587823,0.005043666,-0.005459328,0.004292042
-0.018889769,0.005918319,0.001717933,-0.031314786,-0.032332300,-0.014018290,0.005006638,-0.005443780,0.004278258
-0.018893942,0.000300139,0.001616572,-0.028530095,-0.033930875,-0.014445116,0.004969273,-0.005428209,0.004264475
-0.018898114,-0.004982530,0.001290993,-0.025894272,-0.035495367,-0.014868139,0.004931572,-0.005412613,0.004250693
-0.018902288,0.006190672,-0.000868799,-0.022918441,-0.037025179,-0.015287196,0.004893535,-0.005396994,0.004236914
-0.018906461,-0.007469292,-0.003057694,-0.020119437,-0.038519713,-0.015702126,0.004855162,-0.005381352,0.004223135
-0.018910635,0.008005664,-0.004254355,-0.017487441,-0.039978372,-0.016112765,0.004816454,-0.005365686,0.004209358
-0.018914809,0.002660572,-0.004513208,-0.015013822,-0.041400558,-0.016518952,0.004777412,-0.005349996,0.004195583
-0.018918984,0.001808874,-0.004161684,-0.012685348,-0.042785672,-0.016920525,0.004738036,-0.005334284,0.004181810
-0.018923159,-0.009559847,-0.003202171,-0.010489979,-0.044133118,-0.017317321,0.004698327,-0.005318548,0.004168038
-0.018927335,-0.007237546,-0.000855515,-0.008415670,-0.045442299,-0.017709179,0.004658286,-0.005302789,0.004154267
-0.018931510,-0.000142344,0.001783600,-0.006450378,-0.046712615,-0.018095935,0.004617913,-0.005287007,0.004140499
-0.018935686,0.007026095,0.004402034,-0.004582061,-0.047943470,-0.018477428,0.004577209,-0.005271202,0.004126732
-0.018939863,0.004568108,0.006686647,-0.002798676,-0.049134266,-0.018853496,0.004536175,-0.005255374,0.004112966
-0.018944040,0.003114563,0.007993768,-0.001088179,-0.050284405,-0.019223976,0.004494810,-0.005239523,0.004099203
-0.018948217,-0.002524414,0.008500468,0.000561473,-0.051393290,-0.019588706,0.004453116,-0.005223650,0.004085441
-0.018952395,0.004986322,0.006244292,0.000592282,-0.051275775,-0.019947524,0.004411093,-0.005207753,0.004071681
-0.018956573,0.007892793,0.003582287,0.000591262,-0.051122111,-0.020300267,0.004368742,-0.005191835,0.004057922
-0.018960751,0.001000538,0.000697482,0.000575389,-0.050937998,-0.020646774,0.004326064,-0.005175893,0.004044166
-0.018964930,0.003998019,-0.002110020,0.000561635,-0.050729139,-0.020986883,0.004283058,-0.005159930,0.004030411
-0.018969109,-0.008426303,-0.004540116,0.000566975,-0.050501235,-0.021320430,0.004239727,-0.005143944,0.004016658
-0.018973289,-0.021583967,-0.006292703,0.000608384,-0.050259989,-0.021647255,0.004196069,-0.005127935,0.004002906
-0.018977468,-0.003131858,-0.004836443,0.001290417,-0.050484570,-0.021967194,0.004152086,-0.005111905,0.003989157
-0.018981649,0.004641748,-0.002760003,0.002017450,-0.050702576,-0.022280085,0.004107779,-0.005095852,0.003975409
-0.018985829,0.012103227,-0.000420812,0.002781442,-0.050915073,-0.022585767,0.004063148,-0.005079777,0.003961663
-0.018990010,0.014618954,0.001823696,0.003574351,-0.051123125,-0.022884077,0.004018194,-0.005063680,0.003947919
-0.018994191,-0.012069454,0.003240852,0.004388134,-0.051327799,-0.023174852,0.003972917,-0.005047562,0.003934177
-0.018998373,-0.001953255,0.002827107,0.005218501,-0.051530160,-0.023457931,0.003927318,-0.005031421,0.003920437
-0.019002555,-0.001321883,0.001914767,0.006023481,-0.051731273,-0.023733152,0.003881397,-0.005015259,0.003906699
-0.019006737,0.004634732,0.000732883,0.006764856,-0.051932204,-0.024000351,0.003835156,-0.004999075,0.003892963
-0.019010920,0.010726661,-0.000489494,0.007404408,-0.052134018,-0.024259368,0.003788594,-0.004982870,0.003879228
-0.019015103,0.011529035,-0.001288374,0.007515827,-0.051949690,-0.024510039,0.003741712,-0.004966643,0.003865496
-0.019019286,0.002177239,-0.001760019,0.007446017,-0.051765408,-0.024752203,0.003694512,-0.004950394,0.003851765
-0.019023470,-0.012428283,-0.001765754,0.007153793,-0.051579272,-0.024985698,0.003646993,-0.004934124,0.003838037
-0.019027654,-0.007338891,-0.001215095,0.006597969,-0.051389380,-0.025210360,0.003599156,-0.004917833,0.003824311
-0.019031839,0.007586818,0.000795785,0.004731247,-0.051193829,-0.025426028,0.003551002,-0.004901521,0.003810586
-0.019036024,0.012538440,0.003072963,0.002555893,-0.050990718,-0.025632540,0.003502532,-0.004885187,0.003796864
-0.019040209,0.008760458,0.005184116,-0.000742319,-0.050778145,-0.025829734,0.003453745,-0.004868833,0.003783144
-0.019044394,0.005466896,0.007048746,-0.004298981,-0.050554208,-0.026017447,0.003404643,-0.004852457,0.003769425
-0.019048580,-0.012073332,0.008341847,-0.008060064,-0.050687740,-0.025795902,0.003326345,-0.004836061,0.003755709
-0.019052767,-0.008591316,0.008738412,-0.011971536,-0.050805847,-0.025564812,0.003247736,-0.004819644,0.003741995
-0.019056953,-0.002547013,0.006642307,-0.015979368,-0.050906371,-0.025324277,0.003168821,-0.004803206,0.003728283
-0.019061140,0.009380556,0.003676454,-0.020029530,-0.050987152,-0.025074394,0.003089602,-0.004786747,0.003714574
-0.019065328,0.012603613,-0.000627460,-0.024067993,-0.051046033,-0.024815261,0.003010086,-0.004770268,0.003700866
-0.019069515,-0.005435184,-0.003768188,-0.028040726,-0.051080853,-0.024546978,0.002930274,-0.004753768,0.003687160
-0.019073703,0.002334213,-0.002871875,-0.031893699,-0.051089454,-0.024269643,0.002850173,-0.004737248,0.003673457
-0.019077891,-0.005052697,0.002723876,-0.035326870,-0.051069676,-0.023983353,0.002769785,-0.004720707,0.003659756
-0.019082080,0.010824173,0.002959813,-0.036703139,-0.051019362,-0.023688208,0.002689114,-0.004704146,0.003646057
-0.019086269,0.007391648,-0.002768759,-0.037846701,-0.050936352,-0.023384305,0.002608165,-0.004687565,0.003632360
-0.019090459,-0.010822692,-0.009000005,-0.038749036,-0.050818486,-0.023071744,0.002526942,-0.004670964,0.003618666
-0.019094648,0.005435077,-0.009998436,-0.039401622,-0.050663607,-0.022750623,0.002445449,-0.004654342,0.003604974
-0.019098838,-0.004733440,-0.006491415,-0.039007058,-0.049643261,-0.022421040,0.002363690,-0.004637701,0.003591284
-0.019103029,0.009803975,-0.002981513,-0.038366771,-0.048585572,-0.022083093,0.002281669,-0.004621040,0.003577596
-0.019107220,0.009200248,0.000392815,-0.037493311,-0.047492371,-0.021736881,0.002199389,-0.004604359,0.003563911
-0.019111411,0.014135728,0.002965693,-0.036399222,-0.046365489,-0.021382502,0.002116856,-0.004587658,0.003550228
-0.019115602,0.006443988,0.002918018,-0.035097053,-0.045206756,-0.021020056,0.002034073,-0.004570937,0.003536548
-0.019119794,-0.010464220,0.001853512,-0.033599350,-0.044018002,-0.020649639,0.001951044,-0.004554197,0.003522869
-0.019123986,-0.017024923,0.000222673,-0.031918661,-0.042801058,-0.020271351,0.001867773,-0.004537438,0.003509193
-0.019128178,-0.014469658,-0.000728490,-0.030067533,-0.041557754,-0.019885290,0.001784264,-0.004520659,0.003495520
-0.019132371,-0.002212012,-0.001571917,-0.028058512,-0.040289922,-0.019491555,0.001700522,-0.004503860,0.003481849
-0.019136564,0.004538915,-0.002084037,-0.025904146,-0.038999390,-0.019090244,0.001616550,-0.004487043,0.003468180
-0.019140758,0.010574024,-0.002041279,-0.023616982,-0.037687990,-0.018681454,0.001532353,-0.004470206,0.003454514
-0.019144952,-0.010908052,0.000372197,-0.021209567,-0.036357553,-0.018265286,0.001447934,-0.004453350,0.003440850
-0.019149146,-0.013933884,0.004197433,-0.018694448,-0.035009908,-0.017841836,0.001363297,-0.004436474,0.003427189
-0.019153340,-0.007574338,0.008519766,-0.016084172,-0.033646886,-0.017411205,0.001278448,-0.004419580,0.003413530
-0.019157535,0.008332871,0.013191385,-0.013391287,-0.032270318,-0.016973489,0.001193388,-0.004402667,0.003399873
-0.019161730,0.008950025,0.018064479,-0.010628339,-0.030882034,-0.016528787,0.001108124,-0.004385735,0.003386219
-0.019165925,0.004439407,0.022991237,-0.007807875,-0.029483864,-0.016077199,0.001022658,-0.004368785,0.003372568
-0.019170121,-0.005036699,0.027823846,-0.004942443,-0.028077640,-0.015618821,0.000936996,-0.004351815,0.003358919
-0.019174317,-0.014316009,0.032414497,-0.002044589,-0.026665191,-0.015153754,0.000851140,-0.004334827,0.003345273
-0.019178514,-0.003236242,0.036615378,0.000873138,-0.025248348,-0.014682094,0.000765095,-0.004317821,0.003331629
-0.019182711,0.003364887,0.040278677,0.003798193,-0.023828941,-0.014203941,0.000678865,-0.004300796,0.003317988
-0.019186908,0.010649661,0.043256583,0.006718028,-0.022408801,-0.013719392,0.000592454,-0.004283753,0.003304350
-0.019191105,0.013780363,0.045401285,0.009620096,-0.020989759,-0.013228547,0.000505866,-0.004266691,0.003290714
-0.019195303,0.010046613,0.044437635,0.012491850,-0.019573644,-0.012731504,0.000419106,-0.004249611,0.003277080
-0.019199501,-0.007877618,0.042706134,0.015320743,-0.018162287,-0.012228361,0.000332176,-0.004232513,0.003263450
-0.019203699,0.001807501,0.038421423,0.018094227,-0.016757520,-0.011719217,0.000245082,-0.004215397,0.003249822
-0.019207898,0.001780506,0.033919437,0.020799757,-0.015361171,-0.011204169,0.000157827,-0.004198263,0.003236197
-0.019212097,0.006718456,0.029537591,0.023424783,-0.013975072,-0.010683317,0.000070416,-0.004181111,0.003222574
-0.019216296,0.001019209,0.025892497,0.025956760,-0.012601054,-0.010156759,-0.000017148,-0.004163942,0.003208954
-0.019220496,-0.004893316,0.022574709,0.028383141,-0.011240945,-0.009624593,-0.000104860,-0.004146754,0.003195337
-0.019224696,-0.010874402,0.019453982,0.030691378,-0.009896578,-0.009086918,-0.000192717,-0.004129549,0.003181723
-0.019228897,-0.006770097,0.016390836,0.032868924,-0.008569783,-0.008543832,-0.000280714,-0.004112326,0.003168111
-0.019233097,0.002610489,0.013208852,0.034903232,-0.007262389,-0.007995433,-0.000368848,-0.004095086,0.003154502
-0.019237298,0.002467483,0.009722376,0.036781755,-0.005976228,-0.007441820,-0.000457114,-0.004077828,0.003140896
-0.019241499,0.013001011,0.006290972,0.037946728,-0.004713130,-0.006883092,-0.000545508,-0.004060553,0.003127293
-0.019245701,0.000796296,0.000792979,0.038936513,-0.003474925,-0.006319347,-0.000634026,-0.004043260,0.003113692
-0.019249903,-0.006663901,-0.004245583,0.039744255,-0.002263444,-0.005750682,-0.000722664,-0.004025951,0.003100095
-0.019254105,0.003860219,-0.007055732,0.040363097,-0.001080518,-0.005177197,-0.000811418,-0.004008624,0.003086500
-0.019258308,-0.005842978,-0.003235663,0.039604793,0.000072024,-0.004598991,-0.000900284,-0.003991280,0.003072908
-0.019262511,0.008224343,0.002028176,0.038659882,0.001192351,-0.004016160,-0.000989259,-0.003973919,0.003059319
-0.019266714,-0.001138991,0.005929733,0.037537512,0.002278632,-0.003428805,-0.001078337,-0.003956541,0.003045733
-0.019270917,-0.009588046,0.009116854,0.036246829,0.003329036,-0.002837023,-0.001167514,-0.003939146,0.003032150
-0.019275121,-0.005431523,0.009891016,0.034796982,0.004341735,-0.002240913,-0.001256788,-0.003921735,0.003018570
-0.019279325,0.009669851,0.010673972,0.033037694,0.004706070,-0.001640572,-0.001346153,-0.003904307,0.003004992
-0.019283530,0.015538775,0.010855828,0.031146946,0.005031354,-0.001036101,-0.001435606,-0.003886862,0.002991418
-0.019287734,0.008575861,0.009017021,0.029143295,0.005318073,-0.000427596,-0.001525143,-0.003869401,0.002977847
-0.019291940,0.006993401,0.006926313,0.027045296,0.005566712,0.000184843,-0.001614759,-0.003851923,0.002964278
-0.019296145,0.000581601,0.004774549,0.024871507,0.005777758,0.000801119,-0.001704450,-0.003834429,0.002950713
-0.019300351,-0.015869328,0.002752572,0.022640484,0.005951695,0.001421132,-0.001794213,-0.003816919,0.002937150
-0.019304557,0.007152788,0.001329258,0.020370783,0.006089010,0.002044785,-0.001884044,-0.003799392,0.002923591
-0.019308763,0.014833712,0.000299898,0.018080961,0.006190188,0.002671978,-0.001973937,-0.003781849,0.002910035
-0.019312969,0.016910515,-0.000091529,0.015789574,0.006255717,0.003302614,-0.002063890,-0.003764290,0.002896482
-0.019317176,0.003687635,-0.000168408,0.013515179,0.006286080,0.003936594,-0.002153898,-0.003746716,0.002882932
-0.019321384,-0.004701148,-0.000083466,0.011276333,0.006281764,0.004573820,-0.002243957,-0.003729125,0.002869385
-0.019325591,-0.013122055,0.000010569,0.009091591,0.006243255,0.005214193,-0.002334064,-0.003711518,0.002855841
-0.019329799,-0.001839313,0.000358977,0.006979511,0.006171039,0.005857615,-0.002424213,-0.003693896,0.002842300
-0.019334007,0.009790822,0.000299066,0.004958648,0.006065601,0.006503988,-0.002514401,-0.003676258,0.002828762
-0.019338215,0.007526704,-0.000946467,0.003047560,0.005927428,0.007153212,-0.002604624,-0.003658604,0.002815228
-0.019342424,-0.004572847,-0.002455387,0.001264803,0.005757005,0.007805190,-0.002694878,-0.003640935,0.002801697
-0.019346633,0.003645559,-0.004400036,-0.000371067,0.005554817,0.008459823,-0.002785159,-0.003623250,0.002788169
-0.019350842,-0.005922703,-0.003694734,-0.001841494,0.005321352,0.009117013,-0.002875463,-0.003605550,0.002774644
-0.019355052,0.008415258,-0.002276036,-0.002903205,0.005057094,0.009776661,-0.002965785,-0.003587835,0.002761122
-0.019359262,0.007430777,-0.000687196,-0.003784673,0.004762529,0.010438669,-0.003056122,-0.003561994,0.002739493
-0.019363472,0.011454122,0.000744886,-0.004489657,0.004438144,0.011102939,-0.003146469,-0.003536138,0.002717868
-0.019367683,0.015815557,0.001693311,-0.005021913,0.004084423,0.011769371,-0.003236823,-0.003510266,0.002696245
-0.019371894,-0.003058241,0.000069552,-0.004244645,0.002959662,0.012704721,-0.003327179,-0.003484380,0.002674626
-0.019376105,-0.001854947,-0.001723733,-0.003351122,0.001809425,0.013641707,-0.003417534,-0.003458479,0.002653011
-0.019380316,-0.011165826,-0.003045516,-0.002394057,0.000637086,0.014579899,-0.003507883,-0.003432563,0.002631398
-0.019384528,-0.002877762,-0.001936731,-0.001448580,-0.000553981,0.015518869,-0.003598223,-0.003406632,0.002609789
-0.019388740,0.004511308,0.000110111,-0.000527192,-0.001760403,0.016458188,-0.003688548,-0.003380687,0.002588184
-0.019392952,-0.005169373,0.004297732,0.000335194,-0.002978805,0.017397428,-0.003778856,-0.003354727,0.002566582
-0.019397165,0.008506181,0.005232112,0.001103662,-0.004205815,0.018336158,-0.003869142,-0.003328753,0.002544984
-0.019401377,-0.008205841,0.002153439,0.000682130,-0.004471704,0.018904354,-0.003959402,-0.003302765,0.002523389
-0.019405591,0.000454446,-0.001184872,0.000152513,-0.004741117,0.019471440,-0.004049632,-0.003276762,0.002501797
-0.019409804,0.003811015,-0.004129082,-0.000464443,-0.005012345,0.020037245,-0.004139828,-0.003250745,0.002480209
-0.019414018,0.004368562,-0.004206176,-0.001147989,-0.005283678,0.020601596,-0.004229986,-0.003224714,0.002458625
-0.019418232,0.004040090,-0.003317050,-0.001911776,-0.005553406,0.021164323,-0.004320101,-0.003198669,0.002437045
-0.019422446,-0.001837888,-0.001848091,-0.002707470,-0.005819821,0.021725253,-0.004410171,-0.003172610,0.002415468
-0.019426661,-0.007928861,-0.000151288,-0.003521136,-0.006081213,0.022284214,-0.004500190,-0.003146537,0.002393894
-0.019430876,0.001485733,0.001039320,-0.004338837,-0.006335871,0.022841035,-0.004590155,-0.003120451,0.002372325
-0.019435091,0.011152654,0.001961494,-0.005146639,-0.006582088,0.023395544,-0.004680061,-0.003094351,0.002350759
-0.019439306,0.016200715,0.002221275,-0.005680932,-0.006818153,0.023947569,-0.004769905,-0.003068238,0.002329197
-0.019443522,0.007416303,0.001283626,-0.006194612,-0.007042357,0.024496939,-0.004859683,-0.003042111,0.002307639
-0.019447738,-0.001069596,0.000019245,-0.006690904,-0.007252990,0.025043481,-0.004949390,-0.003015970,0.002286085
-0.019451954,-0.019468421,-0.001358748,-0.007173029,-0.007448344,0.025587023,-0.005039022,-0.002989817,0.002264534
-0.019456171,-0.008805551,-0.001823293,-0.007644212,-0.007626707,0.026127395,-0.005128576,-0.002963650,0.002242988
-0.019460388,-0.003362131,-0.002091565,-0.008107675,-0.007786372,0.026664424,-0.005218047,-0.002937470,0.002221445
-0.019464605,0.001766755,-0.002066794,-0.008566642,-0.007925628,0.027197938,-0.005307431,-0.002911277,0.002199906
-0.019468822,0.016486018,-0.001715974,-0.008960575,-0.008042766,0.027727766,-0.005396724,-0.002885072,0.002178372
-0.019473040,0.010260364,-0.000448399,-0.009346426,-0.008136077,0.028253735,-0.005485923,-0.002858853,0.002156841
-0.019477258,-0.016259922,0.001077293,-0.009717385,-0.008203851,0.028775675,-0.005575022,-0.002832622,0.002135314
-0.019481476,0.001721916,0.003055997,-0.009978517,-0.008332505,0.029293413,-0.005664019,-0.002806378,0.002113792
-0.019485695,0.014849347,0.004835891,-0.010209563,-0.008433780,0.029806777,-0.005752908,-0.002780122,0.002092273
-0.019489913,0.014156047,0.005374950,-0.010402135,-0.008507543,0.030315596,-0.005841686,-0.002753853,0.002070759
-0.019494132,-0.001199476,0.005506316,-0.010547850,-0.008553661,0.030819698,-0.005930349,-0.002727571,0.002049248
-0.019498352,-0.001255190,0.005259603,-0.010638319,-0.008572002,0.031318910,-0.006018893,-0.002701278,0.002027742
-0.019502571,-0.006049058,0.003896450,-0.009897182,-0.008562433,0.031813062,-0.006107314,-0.002674972,0.002006240
-0.019506791,-0.004795337,0.001394756,-0.009088047,-0.008524822,0.032301982,-0.006195607,-0.002648654,0.001984743
-0.019511012,0.001586550,-0.001330389,-0.008206547,-0.008459034,0.032785497,-0.006283769,-0.002622324,0.001963249
-0.019515232,0.003000890,-0.004187603,-0.007248313,-0.008364939,0.033263436,-0.006371795,-0.002595983,0.001941760
-0.019519453,0.003623578,-0.006357115,-0.006208978,-0.008242403,0.033735627,-0.006459682,-0.002569629,0.001920275
-0.019523674,-0.005818774,-0.008569869,-0.005084174,-0.008091292,0.034201899,-0.006547425,-0.002543264,0.001898795
-0.019527895,-0.005327947,-0.010828417,-0.003869534,-0.007911476,0.034662079,-0.006635020,-0.002516887,0.001877319
-0.019532116,-0.004714315,-0.013326716,-0.002560690,-0.007702820,0.035115996,-0.006722464,-0.002490498,0.001855847
-0.019536338,0.010727357,-0.015774336,-0.001153275,-0.007465193,0.035563477,-0.006809753,-0.002464098,0.001834380
-0.019540560,0.010893713,-0.018072251,0.000357079,-0.007198461,0.036004352,-0.006896881,-0.002437686,0.001812917
-0.019544783,0.009432933,-0.019683351,0.002785116,-0.006902491,0.036438449,-0.006983845,-0.002411264,0.001791459
-0.019549005,-0.012500645,-0.020939760,0.005308655,-0.006577151,0.036865594,-0.007070642,-0.002384830,0.001770005
-0.019553228,-0.020001140,-0.021735516,0.007915893,-0.006222309,0.037285618,-0.007157267,-0.002358385,0.001748556
-0.019557451,-0.015480022,-0.019647315,0.010595025,-0.005837831,0.037698348,-0.007243715,-0.002331928,0.001727111
-0.019561675,-0.011527231,-0.017073373,0.013334248,-0.005423585,0.038103612,-0.007329984,-0.002305461,0.001705671
-0.019565898,-0.008050058,-0.014094563,0.016121757,-0.004979437,0.038501238,-0.007416068,-0.002278984,0.001684235
-0.019570122,-0.004955789,-0.010791759,0.018945748,-0.004505256,0.038891055,-0.007501964,-0.002252495,0.001662805
-0.019574346,-0.007151714,-0.007245833,0.021794418,-0.004000908,0.039272891,-0.007587668,-0.002225995,0.001641378
-0.019578571,-0.014545119,-0.003537656,0.024655961,-0.003466262,0.039646574,-0.007673176,-0.002199486,0.001619957
-0.019582795,0.007956706,0.000251897,0.027518574,-0.002901183,0.040011932,-0.007758483,-0.002172965,0.001598540
-0.019587020,0.005446473,0.004041955,0.030370452,-0.002305539,0.040368793,-0.007843586,-0.002146434,0.001577128
-0.019591246,0.013016894,0.007751645,0.033199793,-0.001679198,0.040716986,-0.007928480,-0.002119893,0.001555721
-0.019595471,0.000973093,0.011087682,0.035994791,-0.001022027,0.041056340,-0.008013162,-0.002093342,0.001534319
-0.019599697,-0.010780160,0.014157136,0.038743642,-0.000333893,0.041386681,-0.008097627,-0.002066780,0.001512922
-0.019603923,-0.011464675,0.016193654,0.041434542,0.000385336,0.041707839,-0.008181872,-0.002040209,0.001491529
-0.019608149,-0.006749136,0.017877763,0.044055687,0.001135794,0.042019641,-0.008265892,-0.002013627,0.001470141
-0.019612376,0.003358777,0.019228978,0.046595274,0.001917613,0.042321916,-0.008349683,-0.001987036,0.001448759
-0.019616602,-0.001148611,0.020266816,0.049041497,0.002730926,0.042614491,-0.008433241,-0.001960435,0.001427381
-0.019620829,0.009721021,0.021010794,0.051382553,0.003575865,0.042897196,-0.008516562,-0.001933824,0.001406008
-0.019625057,-0.007799998,0.020240422,0.053606638,0.004452564,0.043169859,-0.008599643,-0.001907203,0.001384640
-0.019629284,-0.009116073,0.018371946,0.055701947,0.005361155,0.043432307,-0.008682478,-0.001880573,0.001363277
-0.019633512,0.005221345,0.015968653,0.057656676,0.006301770,0.043684368,-0.008765065,-0.001853934,0.001341920
-0.019637740,-0.003827224,0.013047054,0.058493832,0.007274543,0.043925872,-0.008847398,-0.001827285,0.001320567
-0.019641968,0.005217843,0.007198449,0.059142528,0.008279607,0.044156646,-0.008929474,-0.001800627,0.001299220
-0.019646197,-0.000472625,0.001288120,0.059566685,0.009317093,0.044376519,-0.009011289,-0.001773960,0.001277878
-0.019650425,-0.006160645,-0.004385803,0.059730226,0.010387135,0.044585318,-0.009092839,-0.001747284,0.001256541
-0.019654654,-0.012487494,-0.009145932,0.059597076,0.011489865,0.044782871,-0.009174119,-0.001720599,0.001235209
-0.019658884,0.003471763,-0.010881088,0.059131155,0.012625416,0.044969008,-0.009255126,-0.001693905,0.001213882
-0.019663113,0.013281893,-0.009305406,0.056353293,0.013922496,0.045143557,-0.009335856,-0.001667202,0.001192561
-0.019667343,0.010636431,-0.004908495,0.053190618,0.015250216,0.045306344,-0.009416304,-0.001640490,0.001171245
-0.019671573,-0.012520846,0.000384315,0.049627167,0.016606263,0.045457200,-0.009496467,-0.001613770,0.001149934
-0.019675803,-0.020683603,0.006085133,0.045646973,0.017988324,0.045595951,-0.009576340,-0.001587042,0.001128629
-0.019680034,-0.016915325,0.010275892,0.041234071,0.019394085,0.045722426,-0.009655919,-0.001560305,0.001107329
-0.019684264,0.002534966,0.014224061,0.036372497,0.020821234,0.045836454,-0.009735200,-0.001533559,0.001086034
-0.019688495,0.027848423,0.018752619,0.030060598,0.022267456,0.045937862,-0.009814180,-0.001506805,0.001064745
-0.019692726,0.039206204,0.022641511,0.023339752,0.023730438,0.046026479,-0.009892854,-0.001480043,0.001043462
-0.019696958,0.030566947,0.021878889,0.016265652,0.025207867,0.046105489,-0.009974574,-0.001453273,0.001022184
-0.019701190,0.017963512,0.020378682,0.008893988,0.026697430,0.046171366,-0.010055982,-0.001426495,0.001000911
-0.019705421,-0.013793759,0.018277337,0.001280454,0.028196813,0.046223937,-0.010137073,-0.001399709,0.000979644
-0.019709654,-0.004894522,0.015711301,-0.006519261,0.029703703,0.046263033,-0.010217845,-0.001372916,0.000958383
-0.019713886,-0.010528434,0.012817019,-0.014449463,0.031215786,0.046288482,-0.010298294,-0.001346114,0.000937127
-0.019718119,-0.000885153,0.009730939,-0.022454462,0.032730749,0.046300114,-0.010378417,-0.001319305,0.000915877
-0.019722352,-0.016154335,0.006589508,-0.030478567,0.034246279,0.046297757,-0.010458212,-0.001292489,0.000894632
-0.019726585,-0.026525636,0.003529171,-0.038466084,0.035760062,0.046281241,-0.010537675,-0.001265665,0.000873393
-0.019730818,-0.027188715,0.000686375,-0.046361324,0.037269785,0.046250395,-0.010616802,-0.001238833,0.000852160
-0.019735052,-0.018333228,-0.001802434,-0.054108594,0.038773135,0.046205047,-0.010695591,-0.001211994,0.000830933
-0.019739285,-0.015148832,-0.003800808,-0.061652203,0.040267798,0.046145028,-0.010774039,-0.001185148,0.000809711
-0.019743519,-0.012825183,-0.005172301,-0.068936459,0.041751461,0.046070166,-0.010852142,-0.001158295,0.000788496
-0.019747754,-0.007575570,-0.004756837,-0.075905670,0.043221810,0.045980290,-0.010929897,-0.001131435,0.000767286
-0.019751988,0.006698451,-0.003706068,-0.082504146,0.044676532,0.045875229,-0.011007302,-0.001104569,0.000746082
-0.019756223,-0.007391019,0.000314693,-0.088676193,0.046113314,0.045754813,-0.011084352,-0.001077695,0.000724883
-0.019760458,0.003609427,0.003798830,-0.094366122,0.047529842,0.045618871,-0.011161045,-0.001050814,0.000703691
-0.019764693,0.010066224,0.006326696,-0.099518240,0.048923804,0.045467231,-0.011237377,-0.001023927,0.000682505
-0.019768929,0.013067147,0.006757307,-0.104076856,0.050292885,0.045299722,-0.011313346,-0.000997033,0.000661325
-0.019773164,0.011459579,0.006190069,-0.107986278,0.051634772,0.045116175,-0.011388948,-0.000970133,0.000640150
-0.019777400,0.004655805,0.005159487,-0.111190814,0.052947152,0.044916418,-0.011464180,-0.000943227,0.000618982
-0.019781636,-0.007931889,0.004200063,-0.113634773,0.054227711,0.044700280,-0.011539039,-0.000916314,0.000597820
-0.019785873,0.007544068,0.004411017,-0.115262464,0.055474137,0.044467590,-0.011613522,-0.000889395,0.000576664
-0.019790109,-0.010273458,0.006481617,-0.115265590,0.056546167,0.044218177,-0.011687625,-0.000862469,0.000555514
-0.019794346,0.012509116,0.007108162,-0.114370198,0.057580131,0.043951871,-0.011761346,-0.000835538,0.000534370
-0.019798583,0.016734737,0.005422937,-0.112549729,0.058574409,0.043668500,-0.011834681,-0.000808601,0.000513233
-0.019802820,-0.000139544,-0.007700058,-0.103133448,0.059527383,0.043367894,-0.011907627,-0.000781658,0.000492101
-0.019807058,-0.015970471,-0.022642813,-0.092880836,0.060437433,0.043049882,-0.011980182,-0.000754709,0.000470976
-0.019811295,0.009918142,-0.039964420,-0.081907199,0.061302941,0.042714292,-0.012052341,-0.000727755,0.000449857
-0.019815533,0.027984513,-0.055006007,-0.070327841,0.062122286,0.042360955,-0.012124101,-0.000700795,0.000428744
-0.019819771,0.006677482,-0.051145159,-0.058212228,0.062893851,0.041989698,-0.012195460,-0.000673829,0.000407638
-0.019824010,-0.013929973,-0.043313897,-0.045699531,0.063616016,0.041600352,-0.012266415,-0.000646858,0.000386538
-0.019828248,-0.043291875,-0.031963080,-0.032883083,0.064287162,0.041192745,-0.012336961,-0.000619882,0.000365444
-0.019832487,-0.095862249,-0.017543563,-0.019856216,0.064905670,0.040766706,-0.012407097,-0.000592900,0.000344357
-0.019836726,-0.136095116,-0.000506204,-0.006712262,0.065469921,0.040322065,-0.012476818,-0.000565914,0.000323276
-0.019840965,-0.173444502,0.018698141,0.006455445,0.066766920,0.039070025,-0.012546122,-0.000538922,0.000302202
-0.019845204,-0.237364430,0.039618614,0.019553574,0.068005656,0.037799810,-0.012615006,-0.000511926,0.000281134
-0.019849444,-0.302308922,0.061804358,0.032488791,0.069183741,0.036512015,-0.012683466,-0.000484924,0.000260073
-0.019853684,-0.357732003,0.084804516,0.045167764,0.070298788,0.035207239,-0.012751499,-0.000457918,0.000239018
-0.019857924,-0.428087695,0.108168232,0.057497161,0.071348410,0.033886078,-0.012819102,-0.000430907,0.000217970
-0.019862164,-0.497830024,0.131444648,0.069383648,0.072330219,0.032549130,-0.012886272,-0.000403891,0.000196928
-0.019866405,-0.530275862,0.158045757,0.080733894,0.073241829,0.031196993,-0.012953006,-0.000376871,0.000175893
-0.019870645,-0.520936276,0.183577747,0.091454565,0.074080852,0.029830262,-0.013019300,-0.000349847,0.000154865
-0.019874886,-0.464185183,0.207509652,0.101452329,0.074844901,0.028449536,-0.013085152,-0.000322818,0.000133844
-0.019879127,-0.384396499,0.229310509,0.110633854,0.075531589,0.027055412,-0.013150558,-0.000295785,0.000112829
-0.019883369,-0.275944141,0.248449354,0.118905806,0.076138528,0.025648486,-0.013215515,-0.000268748,0.000091820
-0.019887610,-0.098202026,0.264395223,0.126174854,0.076663332,0.024229357,-0.013280020,-0.000241707,0.000070819
-0.019891852,0.159455930,0.276617153,0.132347664,0.077103612,0.022798622,-0.013344070,-0.000214661,0.000049824
-0.019896094,0.427655809,0.284584180,0.137330904,0.077456983,0.021356877,-0.013407661,-0.000187612,0.000028837
-0.019900336,0.627023695,0.287765341,0.141031242,0.077721056,0.019904720,-0.013470791,-0.000160559,0.000007856
-0.019904578,0.713185671,0.299359335,0.132023999,0.075495124,0.018442748,-0.013533456,-0.000133503,-0.000013118
-0.019908821,0.677892579,0.258726595,0.121793162,0.073183329,0.016971559,-0.013595653,-0.000106443,-0.000034085
-0.019913064,0.463287155,0.213565322,0.110491372,0.070791492,0.015491749,-0.013657379,-0.000079379,-0.000055046
-0.019917307,0.137636892,0.165448959,0.098271270,0.068325433,0.014003917,-0.013718631,-0.000052312,-0.000075999
-0.019921550,-0.140790715,0.115950951,0.085285496,0.065790974,0.012508658,-0.013779406,-0.000025241,-0.000096945
-0.019925793,-0.283728172,0.066644739,0.071686693,0.063193935,0.011006571,-0.013839700,0.000001833,-0.000117884
-0.019930037,-0.292907985,0.019103769,0.057627501,0.060540139,0.009498253,-0.013899510,0.000028910,-0.000138816
-0.019934281,-0.222895625,-0.022265552,0.043260560,0.057835405,0.007984301,-0.013958834,0.000055990,-0.000159741
-0.019938525,-0.127378610,-0.058934768,0.028738513,0.055085555,0.006465311,-0.014017667,0.000083073,-0.000180659
-0.019942769,-0.027877420,-0.089542462,0.014213999,0.052296410,0.004941882,-0.014076008,0.000110159,-0.000201570
-0.019947013,0.024087463,-0.112727213,-0.000160339,0.049473792,0.003414611,-0.014133852,0.000137247,-0.000222474
-0.019951258,0.020313833,-0.095445878,-0.014231862,0.046623520,0.001884094,-0.014191196,0.000164339,-0.000243370
-0.019955503,0.015122593,-0.072685875,-0.027340474,0.043751417,0.000350930,-0.014248038,0.000191433,-0.000264260
-0.019959747,0.001152920,-0.046730858,-0.039848123,0.040863303,-0.001184285,-0.014304375,0.000218530,-0.000285142
-0.019963993,0.004956537,-0.024284476,-0.051609302,0.037965000,-0.002720954,-0.014360202,0.000245629,-0.000306016
-0.019968238,0.009806769,-0.003771982,-0.062478505,0.035062328,-0.004258479,-0.014415517,0.000272730,-0.000326884
-0.019972484,0.003309672,0.012048640,-0.072310226,0.032161108,-0.005796262,-0.014470317,0.000299834,-0.000347744
-0.019976729,0.004252060,0.016238732,-0.072959040,0.029267162,-0.007333708,-0.014524598,0.000326940,-0.000368597
-0.019980975,-0.008159067,0.017685316,-0.072525392,0.026386310,-0.008870217,-0.014578358,0.000354048,-0.000389442
-0.019985221,-0.014716708,0.017275497,-0.071109811,0.023524375,-0.010405194,-0.014631593,0.000381158,-0.000410280
-0.019989468,-0.011372491,0.016055011,-0.068812824,0.020687176,-0.011938042,-0.014684300,0.000408270,-0.000431110
-0.019993714,0.011537433,0.014454115,-0.065734959,0.017880535,-0.013468161,-0.014736476,0.000435384,-0.000451933
-0.019997961,0.013423130,0.013156847,-0.061976742,0.015110273,-0.014994957,-0.014788118,0.000462499,-0.000472749
-0.020002208,-0.000435929,0.011977845,-0.057940694,0.012684201,-0.016517830,-0.014839223,0.000489616,-0.000493557
-0.020006455,0.000144572,0.010826897,-0.053423594,0.010304395,-0.018036185,-0.014889786,0.000516735,-0.000514357
-0.020010702,-0.009651048,0.009613791,-0.048524216,0.007974921,-0.019549423,-0.014939807,0.000543855,-0.000535150
-0.020014949,-0.004855944,0.008614797,-0.043490340,0.005699845,-0.021056948,-0.014989280,0.000570977,-0.000555935
-0.020019197,0.009876835,0.007423530,-0.038267199,0.003483232,-0.022558162,-0.015038203,0.000598100,-0.000576713
-0.020023445,0.009271239,0.006405613,-0.032949033,0.001329148,-0.024052468,-0.015086573,0.000625224,-0.000597482
-0.020027693,0.003750545,0.005227347,-0.027630083,-0.000758341,-0.025539269,-0.015134387,0.000652349,-0.000618245
-0.020031941,-0.011667502,0.003960556,-0.022404588,-0.002775169,-0.027017968,-0.015181641,0.000679475,-0.000638999
-0.020036189,-0.011965151,0.002677068,-0.017366791,-0.004717271,-0.028487967,-0.015228333,0.000706602,-0.000659746
-0.020040438,-0.012132012,0.001456064,-0.012610931,-0.006580579,-0.029948669,-0.015274459,0.000733730,-0.000680485
-0.020044687,0.002812887,0.000406148,-0.008231248,-0.008361030,-0.031399477,-0.015320015,0.000760859,-0.000701216
-0.020048936,0.012843162,-0.000640595,-0.004038110,-0.010054556,-0.032839794,-0.015365000,0.000787989,-0.000721939
-0.020053185,0.013306486,-0.001786015,-0.000282007,-0.011657092,-0.034269021,-0.015409409,0.000815119,-0.000742654
-0.020057434,-0.006274655,-0.002590644,0.003070442,-0.013164571,-0.035686564,-0.015453240,0.000842249,-0.000763362
-0.020061683,-0.011003718,-0.002989076,0.006052621,-0.014572930,-0.037091822,-0.015496489,0.000869380,-0.000784061
-0.020065933,-0.001165505,-0.002538531,0.006680214,-0.014056427,-0.038484201,-0.015539153,0.000896511,-0.000804753
-0.020070183,0.008479800,-0.001718548,0.007020280,-0.013443002,-0.039863102,-0.015581230,0.000923643,-0.000825436
-0.020074433,0.007990668,-0.000631291,0.007122178,-0.012738919,-0.041227928,-0.015622715,0.000950774,-0.000846112
-0.020078683,0.007038112,0.001008529,0.007035269,-0.011950442,-0.042578082,-0.015663606,0.000977906,-0.000866780
-0.020082933,-0.003756678,0.002536025,0.006808914,-0.011083838,-0.043912967,-0.015703900,0.001005037,-0.000887439
-0.020087184,-0.009159967,0.003673770,0.006492472,-0.010145369,-0.045231985,-0.015743593,0.001032169,-0.000908090
-0.020091435,-0.008170563,0.003622027,0.005890150,-0.009141302,-0.046534540,-0.015782682,0.001059300,-0.000928734
-0.020095685,0.003282568,0.003056394,0.005260981,-0.008077900,-0.047820033,-0.015821165,0.001086431,-0.000949369
-0.020099936,0.015037917,0.002130166,0.004618844,-0.006961429,-0.049087868,-0.015859037,0.001113561,-0.000969996
-0.020104188,0.012844932,0.000085681,0.003977618,-0.005798154,-0.050337448,-0.015896296,0.001140691,-0.000990614
-0.020108439,0.000346875,-0.001728539,0.003351182,-0.004594339,-0.051568175,-0.015932939,0.001167821,-0.001011225
-0.020112691,-0.012902036,-0.002874925,0.002753415,-0.003356250,-0.052779452,-0.015968962,0.001194950,-0.001031827
-0.020116942,-0.004014373,-0.001392119,0.002341194,-0.002216545,-0.053844287,-0.016004362,0.001222078,-0.001052421
-0.020121194,0.004480147,0.000397641,0.001972139,-0.001055105,-0.054888467,-0.016039137,0.001249205,-0.001073007
-0.020125446,-0.002322845,0.002403770,0.001646869,0.000121796,-0.055911385,-0.016073282,0.001276331,-0.001093584
-0.020129698,0.004511608,0.000284993,0.002001983,0.000286768,-0.056115938,-0.016106796,0.001303456,-0.001114153
-0.020133951,-0.003730101,-0.001816257,0.002387525,0.000457502,-0.056298689,-0.016139674,0.001330580,-0.001134713
-0.020138203,-0.012336210,-0.003594279,0.002789519,0.000630576,-0.056459705,-0.016171913,0.001357703,-0.001155265
-0.020142456,-0.013873802,-0.002395369,0.003124832,0.000641134,-0.056437621,-0.016203511,0.001384824,-0.001175809
-0.020146709,-0.001279919,-0.000342683,0.003457148,0.000647364,-0.056485168,-0.016146723,0.001415257,-0.001196344
-0.020150962,0.010853410,0.002164769,0.003780992,0.000646023,-0.056511533,-0.016089293,0.001445687,-0.001216871
-0.020155215,0.012934156,0.004727980,0.004090889,0.000633866,-0.056516955,-0.016031226,0.001476115,-0.001237389
-0.020159469,0.000971657,0.006346572,0.004381365,0.000607651,-0.056501673,-0.015972524,0.001506541,-0.001257898
-0.020163722,-0.010369280,0.007364699,0.004646947,0.000564133,-0.056465927,-0.015913191,0.001536963,-0.001278399
-0.020167976,-0.009793196,0.006762375,0.004615648,0.000500068,-0.056409956,-0.015853231,0.001567382,-0.001298891
-0.020172230,0.001362513,0.005613899,0.004069012,0.000897253,-0.056333999,-0.015792647,0.001597796,-0.001319375
-0.020176484,0.012789735,0.004230800,0.003488079,0.001271473,-0.056238296,-0.015731442,0.001628206,-0.001339849
-0.020180738,-0.005171125,0.002276088,0.002868852,0.001623555,-0.056123085,-0.015669620,0.001658610,-0.001360316
-0.020184992,-0.013335594,0.000568707,0.002207332,0.001954323,-0.055988607,-0.015607184,0.001689009,-0.001380773
-0.020189247,-0.012286333,-0.000305268,0.001499522,0.002264604,-0.055835099,-0.015544138,0.001719402,-0.001401222
-0.020193501,-0.006268592,-0.001097171,0.000741423,0.002555224,-0.055662803,-0.015480486,0.001749789,-0.001421661
-0.020197756,-0.004943269,-0.002142688,-0.000070963,0.002827008,-0.055471956,-0.015416230,0.001780169,-0.001442092
-0.020202011,0.007028739,-0.003777507,-0.000941635,0.003080782,-0.055262799,-0.015351374,0.001810541,-0.001462514
-0.020206266,-0.004614391,-0.006736389,-0.001874590,0.003317373,-0.055035570,-0.015285922,0.001840905,-0.001482928
-0.020210521,0.004065987,-0.009954564,-0.002873827,0.003537605,-0.054790509,-0.015219877,0.001871261,-0.001503332
-0.020214777,-0.007019320,-0.008206123,-0.004076647,0.003742305,-0.054527855,-0.015153243,0.001901609,-0.001523727
-0.020219032,0.002157923,-0.001648352,-0.005354578,0.003932299,-0.054247847,-0.015086023,0.001931947,-0.001544114
-0.020223288,0.005832755,0.005487959,-0.006712454,0.004108411,-0.053950725,-0.015018220,0.001962275,-0.001564491
-0.020227544,-0.002733918,0.009946153,-0.008155107,0.004271469,-0.053636728,-0.014949838,0.001992593,-0.001584860
-0.020231800,0.002551823,0.011022954,-0.010073760,0.004422298,-0.053306096,-0.014880881,0.002022901,-0.001605219
-0.020236056,0.003184896,0.011825779,-0.012071331,0.004561724,-0.052959066,-0.014811351,0.002053198,-0.001625569
-0.020240312,-0.006112855,0.012621509,-0.014137131,0.004690573,-0.052595880,-0.014741253,0.002083483,-0.001645910
-0.020244569,0.004595629,0.013461813,-0.016260468,0.004809669,-0.052216776,-0.014670590,0.002113756,-0.001666242
-0.020248825,0.010286267,0.014359501,-0.018430653,0.004919840,-0.051821993,-0.014599365,0.002144016,-0.001686565
-0.020253082,0.012144260,0.014118096,-0.020636995,0.005021912,-0.051411771,-0.014527582,0.002174264,-0.001706879
-0.020257339,0.004278083,0.013617852,-0.022868804,0.005116709,-0.050986348,-0.014455244,0.002204498,-0.001727183
-0.020261596,0.001683278,0.012851953,-0.025115390,0.005205057,-0.050545965,-0.014382355,0.002234718,-0.001747478
-0.020265853,-0.010644613,0.011813585,-0.027366062,0.005287784,-0.050090861,-0.014308917,0.002264924,-0.001767764
-0.020270111,-0.007520633,0.010306519,-0.029610130,0.005365713,-0.049621275,-0.014234936,0.002295115,-0.001788041
-0.020274368,0.010747832,0.008626865,-0.031836903,0.005439672,-0.049137445,-0.014160413,0.002325291,-0.001808308
-0.020278626,0.014140557,0.006783577,-0.034035692,0.005510486,-0.048639612,-0.014085353,0.002355451,-0.001828566
-0.020282883,0.007492589,0.004930336,-0.036195807,0.005578980,-0.048128015,-0.014009759,0.002385596,-0.001848814
-0.020287141,0.000736718,0.003123078,-0.038306556,0.005645982,-0.047602893,-0.013933635,0.002415723,-0.001869053
-0.020291399,-0.011194265,0.001417738,-0.040357249,0.005712315,-0.047064485,-0.013856983,0.002445833,-0.001889283
-0.020295658,-0.003947538,0.000450223,-0.042337197,0.005778807,-0.046513030,-0.013779808,0.002475926,-0.001909503
-0.020299916,0.003009831,-0.000323674,-0.044235708,0.005846283,-0.045948769,-0.013702113,0.002506001,-0.001929714
-0.020304174,0.009630807,-0.000868188,-0.046042094,0.005915569,-0.045371939,-0.013623901,0.002536057,-0.001949915
-0.020308433,0.010421719,-0.000700924,-0.047745662,0.005987491,-0.044782781,-0.013545176,0.002566095,-0.001970106
-0.020312692,-0.009111915,-0.000338671,-0.049335724,0.006062874,-0.044181534,-0.013465941,0.002596113,-0.001990288
-0.020316951,-0.004376370,0.000503779,-0.050691796,0.006142545,-0.043568437,-0.013386200,0.002626111,-0.002010460
-0.020321210,-0.004638556,0.001150653,-0.051871776,0.006227329,-0.042943729,-0.013305956,0.002656089,-0.002030623
-0.020325469,0.005369457,-0.000580183,-0.051509356,0.006865366,-0.042307650,-0.013225212,0.002686046,-0.002050776
-0.020329728,0.006007506,-0.003215179,-0.050889672,0.007508644,-0.041660438,-0.013143973,0.002715981,-0.002070919
-0.020333987,-0.002996944,-0.006510136,-0.049983444,0.008156467,-0.041002334,-0.013062241,0.002745895,-0.002091053
-0.020338247,0.003873399,-0.011010688,-0.048761393,0.008808137,-0.040333577,-0.012980020,0.002775787,-0.002111177
-0.020342507,-0.008274531,-0.013531281,-0.045515064,0.009462957,-0.039654405,-0.012897314,0.002805656,-0.002131291
-0.020346766,0.004560267,-0.011364829,-0.041951605,0.010120231,-0.038965058,-0.012814125,0.002835503,-0.002151395
-0.020351026,-0.004169435,-0.007935191,-0.038098988,0.010779259,-0.038265775,-0.012730458,0.002865325,-0.002171489
-0.020355286,0.000811681,-0.003488772,-0.033985184,0.011439346,-0.037556796,-0.012646316,0.002895124,-0.002191574
-0.020359546,0.004778932,0.001728020,-0.029638165,0.012099794,-0.036838360,-0.012561703,0.002924898,-0.002211648
-0.020363807,-0.006992362,0.007468781,-0.025085904,0.012759906,-0.036110706,-0.012476621,0.002954647,-0.002231713
-0.020368067,-0.004226883,0.013487104,-0.020356372,0.013418985,-0.035374074,-0.012391074,0.002984371,-0.002251767
-0.020372328,0.003350686,0.019536584,-0.015477541,0.014076333,-0.034628702,-0.012305066,0.003014069,-0.002271812
-0.020376588,0.021015665,0.025370814,-0.010477383,0.014731253,-0.033874830,-0.012218600,0.003043740,-0.002291847
-0.020380849,0.014043370,0.030743388,-0.005383870,0.015383048,-0.033112698,-0.012131680,0.003073385,-0.002311871
-0.020385110,0.007709121,0.035407902,-0.000224973,0.016031021,-0.032342545,-0.012044309,0.003103002,-0.002331886
-0.020389371,-0.007120157,0.038526339,0.004971335,0.016674474,-0.031564609,-0.011956491,0.003132592,-0.002351890
-0.020393632,-0.013930202,0.038613354,0.010177083,0.017312710,-0.030779130,-0.011868229,0.003162154,-0.002371885
-0.020397894,0.000157802,0.037819039,0.015364299,0.017945032,-0.029986349,-0.011779526,0.003191687,-0.002391869
-0.020402155,0.009985392,0.036330771,0.020505011,0.018570743,-0.029186502,-0.011690386,0.003221191,-0.002411843
-0.020406417,0.015394105,0.034335926,0.025571248,0.019189145,-0.028379831,-0.011600812,0.003250665,-0.002431807
-0.020410678,0.008032245,0.030215112,0.030535036,0.019799542,-0.027566575,-0.011510809,0.003280109,-0.002451760
-0.020414940,0.006025189,0.025871864,0.035368405,0.020401235,-0.026746972,-0.011420379,0.003309523,-0.002471703
-0.020419202,-0.015694919,0.021402949,0.040043383,0.020993528,-0.025921262,-0.011329525,0.003338906,-0.002491636
-0.020423464,-0.002073706,0.016782909,0.044531997,0.021575724,-0.025089684,-0.011238252,0.003368257,-0.002511559
-0.020427726,0.006896396,0.012033085,0.048806277,0.022147125,-0.024252478,-0.011146563,0.003397577,-0.002531471
-0.020431988,0.011345184,0.007052595,0.052838249,0.022707034,-0.023409882,-0.011054461,0.003426864,-0.002551373
-0.020436251,-0.007316264,0.001640460,0.055418755,0.023254754,-0.022562137,-0.010961949,0.003456118,-0.002571265
-0.020440513,0.003697745,-0.003164699,0.057724421,0.023789587,-0.021709481,-0.010869032,0.003485340,-0.002591146
-0.020444776,-0.003491725,-0.002735338,0.058007579,0.024310837,-0.020852153,-0.010775712,0.003514527,-0.002611016
-0.020449039,-0.001056306,-0.001660543,0.058029888,0.024817805,-0.019990394,-0.010681994,0.003543680,-0.002630876
-0.020453301,0.006071582,-0.000025504,0.057809899,0.025309796,-0.019124442,-0.010587880,0.003572799,-0.002650726
-0.020457564,0.008317788,0.001726319,0.057366161,0.025786111,-0.018254537,-0.010493373,0.003601883,-0.002670565
-0.020461827,0.006745548,0.002514082,0.056717225,0.026246053,-0.017380917,-0.010398479,0.003630930,-0.002690393
-0.020466091,-0.009407352,0.003082389,0.055881640,0.026688926,-0.016503822,-0.010303199,0.003659942,-0.002710211
-0.020470354,-0.010003632,0.003276350,0.054877957,0.027114031,-0.015623492,-0.010207538,0.003688918,-0.002730018
-0.020474617,-0.005357583,0.003392646,0.053724726,0.027520672,-0.014740166,-0.010111498,0.003717856,-0.002749815
-0.020478881,0.009478614,0.003465850,0.052440497,0.027908151,-0.013854082,-0.010015084,0.003746757,-0.002769601
-0.020483144,0.009452775,0.003530535,0.051637882,0.027681710,-0.012965481,-0.009918299,0.003775621,-0.002789376
-0.020487408,0.009986749,0.003705663,0.050181969,0.027435691,-0.012074602,-0.009821145,0.003804445,-0.002809140
-0.020491672,0.005648520,0.003857275,0.048638696,0.027170376,-0.011181683,-0.009723628,0.003833232,-0.002828894
-0.020495936,-0.008519898,0.003935799,0.047015581,0.026886047,-0.010286964,-0.009625750,0.003861978,-0.002848636
-0.020500200,-0.001868648,0.003283825,0.045320141,0.026582986,-0.009390685,-0.009527514,0.003890685,-0.002868368
-0.020504464,0.009933489,0.002562578,0.043559892,0.026261474,-0.008493085,-0.009428924,0.003919352,-0.002888089
-0.020508728,0.011930900,0.001720114,0.041742352,0.025921792,-0.007594402,-0.009329984,0.003947978,-0.002907800
-0.020512992,-0.001053581,0.000926044,0.039875038,0.025564223,-0.006694877,-0.009230697,0.003976564,-0.002927499
-0.020517257,-0.004091794,0.000244653,0.037965468,0.025189048,-0.005794749,-0.009131066,0.004005107,-0.002947187
-0.020521521,-0.012255578,-0.000259776,0.036021158,0.024796548,-0.004894256,-0.009031096,0.004033609,-0.002966865
-0.020525786,-0.001040654,-0.000099077,0.034049625,0.024387005,-0.003993639,-0.008930789,0.004062068,-0.002986531
-0.020530051,0.000040316,0.000231855,0.032058387,0.023960701,-0.003093136,-0.008830148,0.004090484,-0.003006186
-0.020534316,0.011050788,0.000662010,0.030054962,0.023517917,-0.002192987,-0.008729178,0.004118856,-0.003025831
-0.020538580,0.007199698,0.000974896,0.028046865,0.023058935,-0.001293430,-0.008627882,0.004147185,-0.003045464
-0.020542845,-0.001579243,0.001229247,0.026041614,0.022584036,-0.000394707,-0.008526263,0.004175470,-0.003065086
-0.020547111,-0.005206849,0.001338319,0.024046727,0.022093502,0.000502946,-0.008424325,0.004203709,-0.003084697
-0.020551376,-0.008603929,0.001215368,0.022069720,0.021587615,0.001399287,-0.008322071,0.004231904,-0.003104296
-0.020555641,0.008854882,0.000227472,0.020118111,0.021066656,0.002294078,-0.008219504,0.004260052,-0.003123885
-0.020559906,0.006576756,-0.001040095,0.018199417,0.020530907,0.003187080,-0.008116629,0.004288155,-0.003143462
-0.020564172,0.004403418,-0.002436614,0.016321155,0.019980649,0.004078053,-0.008013448,0.004316210,-0.003163028
-0.020568438,0.002202261,-0.003837036,0.014490842,0.019416164,0.004966758,-0.007909965,0.004344219,-0.003182583
-0.020572703,-0.010159322,-0.005116306,0.012715995,0.018837734,0.005852955,-0.007806184,0.004372180,-0.003202127
-0.020576969,-0.008552146,-0.005411167,0.011004132,0.018245640,0.006736406,-0.007702108,0.004400093,-0.003221659
-0.020581235,0.002700155,-0.005405539,0.009362769,0.017640164,0.007616871,-0.007597740,0.004427958,-0.003241179
-0.020585501,0.008535735,-0.005045134,0.007799424,0.017021587,0.008494111,-0.007493084,0.004455773,-0.003260689
-0.020589767,0.003387743,-0.003834125,0.006385085,0.016390190,0.009367886,-0.007388144,0.004483539,-0.003280187
-0.020594033,0.002883569,-0.002326848,0.005046659,0.015746257,0.010237957,-0.007282922,0.004511256,-0.003299673
-0.020598299,-0.007854409,-0.000636099,0.003774525,0.015090067,0.011104086,-0.007177422,0.004538922,-0.003319148
-0.020602566,-0.004036621,0.001458136,0.002559061,0.014421903,0.011966032,-0.007071649,0.004566537,-0.003338612
-0.020606832,0.005295263,0.003007110,0.001390646,0.013742047,0.012823556,-0.006965604,0.004594101,-0.003358064
-0.020611098,-0.003715718,0.002827714,0.000309309,0.013050779,0.013676420,-0.006859292,0.004621613,-0.003377504
-0.020615365,0.004835562,0.000063099,-0.000733262,0.012348382,0.014524383,-0.006752717,0.004649073,-0.003396933
-0.020619632,-0.007618590,-0.001720419,-0.001735729,0.011635137,0.015367206,-0.006645880,0.004676480,-0.003416350
-0.020623898,-0.006900062,-0.001702332,-0.002696753,0.010911325,0.016204651,-0.006538787,0.004703834,-0.003435755
-0.020628165,0.003187922,-0.001080791,-0.003614995,0.010177229,0.017036478,-0.006431441,0.004731134,-0.003455149
-0.020632432,0.012929241,-0.000121241,-0.004508928,0.009433130,0.017862447,-0.006323844,0.004758381,-0.003474531
-0.020636699,0.012607775,0.000852828,-0.005338980,0.008679309,0.018682320,-0.006216001,0.004785573,-0.003493902
-0.020640966,0.013209959,0.000471130,-0.005721339,0.007916048,0.019495857,-0.006107915,0.004812710,-0.003513260
-0.020645233,-0.005967541,-0.000195633,-0.006023412,0.007143628,0.020302818,-0.005999589,0.004839792,-0.003532607
-0.020649501,-0.009925504,-0.001143363,-0.006248556,0.006362332,0.021102965,-0.005891027,0.004866817,-0.003551942
-0.020653768,-0.003862174,-0.002170496,-0.006400128,0.005572441,0.021896058,-0.005782232,0.004893787,-0.003571265
-0.020658035,0.007305758,-0.003357025,-0.006099038,0.004334234,0.022739415,-0.005673208,0.004920699,-0.003590577
-0.020662303,0.002973072,-0.004094410,-0.005733027,0.003089819,0.023575351,-0.005563959,0.004947555,-0.003609876
-0.020666570,0.003570281,-0.004809846,-0.005307386,0.001841303,0.024403740,-0.005454487,0.004974352,-0.003629163
-0.020670838,-0.000963165,-0.005439464,-0.004827410,0.000590789,0.025224454,-0.005344796,0.005001091,-0.003648439
-0.020675106,-0.005687819,-0.005919394,-0.004298390,-0.000659615,0.026037367,-0.005234890,0.005027772,-0.003667702
-0.020679373,-0.000874146,-0.006208185,-0.003493287,-0.001907805,0.026842351,-0.005124772,0.005054394,-0.003686954
-0.020683641,0.003617731,-0.006192637,-0.002667153,-0.003151675,0.027639280,-0.005014445,0.005080956,-0.003706193
-0.020687909,0.002717774,-0.005781968,-0.001842705,-0.004389118,0.028428025,-0.004903913,0.005107457,-0.003725421
-0.020692177,0.006355946,-0.004885396,-0.001042664,-0.005618029,0.029208461,-0.004793180,0.005133899,-0.003744636
-0.020696445,-0.001228934,-0.002720999,-0.000289746,-0.006836304,0.029980459,-0.004682249,0.005160279,-0.003763839
-0.020700713,-0.009062614,-0.000242282,0.000393329,-0.008041835,0.030743893,-0.004571123,0.005186598,-0.003783030
-0.020704981,-0.006912070,0.002338472,0.000983843,-0.009232517,0.031498636,-0.004459806,0.005212855,-0.003802209
-0.020709250,0.000880395,0.004384311,0.001459077,-0.010406245,0.032244560,-0.004348302,0.005239050,-0.003821375
-0.020713518,0.009922396,0.005308365,0.001796314,-0.011560913,0.032981539,-0.004236613,0.005265182,-0.003840530
-0.020717786,-0.007447369,0.003329648,0.000758745,-0.011702816,0.033394964,-0.004124743,0.005291251,-0.003859672
-0.020722055,0.007416304,-0.000772120,-0.000403393,-0.011821626,0.033799355,-0.004012696,0.005317256,-0.003878801
-0.020726323,-0.010298242,-0.002223394,-0.001653951,-0.011915418,0.034194748,-0.003900476,0.005343196,-0.003897919
-0.020730592,-0.005485592,-0.001046269,-0.003078206,-0.011982265,0.034581182,-0.003788085,0.005369072,-0.003917024
-0.020734861,0.013723161,0.000701828,-0.004489602,-0.012020240,0.034958696,-0.003675527,0.005394883,-0.003936116
-0.020739129,0.003742905,0.000400309,-0.004641611,-0.012070204,0.035327326,-0.003562805,0.005420628,-0.003955197
-0.020743398,-0.006075515,-0.000177522,-0.004701597,-0.012088974,0.035687110,-0.003449924,0.005446308,-0.003974265
-0.020747667,-0.005736551,-0.001041679,-0.004655527,-0.012076155,0.036038087,-0.003336886,0.005471920,-0.003993320
-0.020751936,-0.010244652,-0.002202172,-0.004489367,-0.012031353,0.036380294,-0.003223695,0.005497466,-0.004012363
-0.020756205,-0.004875196,-0.003398088,-0.004189084,-0.011954171,0.036713770,-0.003110355,0.005522945,-0.004031393
-0.020760474,-0.004487269,-0.004784803,-0.003740645,-0.011844213,0.037038551,-0.002996868,0.005548355,-0.004050411
-0.020764743,0.005789116,-0.006246767,-0.003130016,-0.011701086,0.037354677,-0.002883239,0.005573697,-0.004069416
-0.020769012,0.005291245,-0.007833487,-0.001645406,-0.011524393,0.037662184,-0.002769471,0.005598970,-0.004088408
-0.020773281,-0.005381551,-0.009433650,0.000002114,-0.011313739,0.037961111,-0.002655567,0.005624174,-0.004107388
-0.020777551,-0.005913558,-0.011350087,0.001799228,-0.011068729,0.038251496,-0.002541530,0.005649308,-0.004126356
-0.020781820,-0.001492707,-0.013381980,0.003732623,-0.010788967,0.038533376,-0.002427365,0.005674372,-0.004145310
-0.020786089,0.007942156,-0.015577600,0.005788985,-0.010474057,0.038806789,-0.002313074,0.005699366,-0.004164252
-0.020790359,0.007452187,-0.017985218,0.007954999,-0.010123605,0.039071773,-0.002198662,0.005724288,-0.004183181
-0.020794628,0.006655470,-0.020210033,0.010217352,-0.009737216,0.039328367,-0.002084131,0.005749138,-0.004202097
-0.020798898,-0.009102185,-0.022584970,0.012562729,-0.009314492,0.039576607,-0.001969485,0.005773917,-0.004221001
-0.020803168,-0.010461278,-0.024456645,0.014977817,-0.008855040,0.039816533,-0.001854728,0.005798623,-0.004239892
-0.020807437,-0.002020977,-0.026213005,0.017449300,-0.008358464,0.040048181,-0.001739863,0.005823256,-0.004258769
-0.020811707,0.001076311,-0.027698757,0.019963867,-0.007824369,0.040271589,-0.001624893,0.005847816,-0.004277634
-0.020815977,0.008688177,-0.028758609,0.022508201,-0.007252359,0.040486796,-0.001509822,0.005872301,-0.004296486
-0.020820246,0.005672213,-0.029237269,0.025068989,-0.006642038,0.040693839,-0.001394653,0.005896713,-0.004315325
-0.020824516,0.011886014,-0.028979445,0.027632917,-0.005993012,0.040892757,-0.001279391,0.005921049,-0.004334151
-0.020828786,-0.014643014,-0.025999659,0.030186672,-0.005304884,0.041083586,-0.001164037,0.005945310,-0.004352964
-0.020833056,-0.008475479,-0.020724420,0.032716938,-0.004577261,0.041266366,-0.001048597,0.005969496,-0.004371764
-0.020837326,0.007214439,-0.014966661,0.035210402,-0.003809745,0.041441133,-0.000933072,0.005993605,-0.004390551
-0.020841596,0.017735286,-0.009022045,0.037653749,-0.003001943,0.041607926,-0.000817467,0.006017638,-0.004409325
-0.020845866,0.009617415,-0.004408038,0.040033667,-0.002153457,0.041766782,-0.000701786,0.006041593,-0.004428086
-0.020850137,-0.003221595,-0.000029338,0.042336839,-0.001263894,0.041917740,-0.000586031,0.006065471,-0.004446834
-0.020854407,-0.015642353,0.003987552,0.044549954,-0.000332858,0.042060837,-0.000470206,0.006089271,-0.004465568
-0.020858677,-0.010927771,0.005938428,0.046659696,0.000640047,0.042196111,-0.000354314,0.006112992,-0.004484289
-0.020862947,0.004334657,0.007423668,0.048652751,0.001655216,0.042323600,-0.000238360,0.006136634,-0.004502997
-0.020867218,0.005135138,0.008465950,0.050515805,0.002713045,0.042443342,-0.000122346,0.006160197,-0.004521692
-0.020871488,0.006463878,0.009087953,0.052235545,0.003813929,0.042555375,-0.000006276,0.006183680,-0.004540373
-0.020875758,0.008311085,0.009312353,0.053798656,0.004958263,0.042659737,0.000109847,0.006207082,-0.004559041
-0.020880029,0.005666965,0.009161829,0.055191824,0.006146442,0.042756465,0.000226018,0.006230404,-0.004577696
-0.020884299,0.008521725,0.008659059,0.056401735,0.007378862,0.042845598,0.000342236,0.006253644,-0.004596338
-0.020888570,0.021865572,0.007826721,0.057415075,0.008655919,0.042927172,0.000458495,0.006276803,-0.004614966
-0.020892840,0.017448976,0.005785508,0.057360251,0.009978008,0.043001227,0.000574794,0.006299879,-0.004633580
-0.020897111,0.018349181,0.003635993,0.057059016,0.011345523,0.043067800,0.000691128,0.006322873,-0.004652181
-0.020901382,-0.000596306,0.001576766,0.056474846,0.012758862,0.043126929,0.000807493,0.006345784,-0.004670769
-0.020905652,-0.009549978,-0.000193586,0.055571214,0.014218418,0.043178652,0.000923887,0.006358685,-0.004679418
-0.020909923,-0.013674326,-0.001476472,0.054311595,0.015724587,0.043223006,0.001040306,0.006371503,-0.004688053
-0.020914194,-0.002135024,-0.003070126,0.052659463,0.017277765,0.043260030,0.001156746,0.006384237,-0.004696675
-0.020918465,0.014004922,-0.003875444,0.050475386,0.018981255,0.043289761,0.001273204,0.006396885,-0.004705284
-0.020922735,-0.011412366,-0.000771621,0.045903191,0.020728270,0.043312237,0.001389677,0.006409448,-0.004713879
-0.020927006,-0.011947253,0.002889442,0.040858987,0.022514930,0.043327497,0.001506161,0.006421926,-0.004722461
-0.020931277,-0.022251795,0.006774368,0.035332052,0.024337356,0.043335577,0.001622652,0.006434317,-0.004731029
-0.020935548,-0.005681940,0.010341335,0.028224003,0.026191670,0.043336517,0.001739148,0.006446622,-0.004739583
-0.020939819,0.021681701,0.013517551,0.020692087,0.028073991,0.043330353,0.001855644,0.006458839,-0.004748124
-0.020944090,0.035054624,0.016021779,0.012805890,0.029980441,0.043317124,0.001972137,0.006470970,-0.004756652
-0.020948361,0.023199930,0.014025180,0.004634997,0.031907140,0.043296867,0.002088624,0.006483012,-0.004765166
-0.020952632,-0.002678868,0.011258501,-0.003751008,0.033850209,0.043269620,0.002205102,0.006494966,-0.004773667
-0.020956903,-0.012830654,0.007904887,-0.012282540,0.035805768,0.043235422,0.002321566,0.006506831,-0.004782154
-0.020961174,-0.012504312,0.004147481,-0.020890015,0.037769939,0.043194310,0.002438013,0.006518607,-0.004790628
-0.020965445,-0.016948725,0.000169428,-0.029503846,0.039738843,0.043146322,0.002554441,0.006530293,-0.004799088
-0.020969716,-0.011412776,-0.003846129,-0.038054451,0.041708599,0.043091496,0.002670845,0.006541890,-0.004807535
-0.020973988,-0.016145350,-0.007716045,-0.046472244,0.043675329,0.043029870,0.002787221,0.006553396,-0.004815968
-0.020978259,-0.016395329,-0.011257175,-0.054687639,0.045635154,0.042961481,0.002903568,0.006564811,-0.004824388
-0.020982530,-0.003677336,-0.013020638,-0.062631054,0.047584193,0.042886368,0.003019880,0.006576134,-0.004832795
-0.020986801,0.008125857,-0.014189402,-0.070232901,0.049518569,0.042804568,0.003136155,0.006587366,-0.004841188
-0.020991072,0.000917585,-0.011732539,-0.077423598,0.051434401,0.042716119,0.003252389,0.006598506,-0.004849568
-0.020995344,0.002808562,-0.008826504,-0.084133559,0.053327811,0.042621060,0.003368578,0.006609553,-0.004857934
-0.020999615,-0.001038653,-0.005699596,-0.090293200,0.055194919,0.042519427,0.003484720,0.006620507,-0.004866287
-0.021003886,-0.005461500,-0.002580113,-0.095832935,0.057031846,0.042411259,0.003600810,0.006631367,-0.004874627
-0.021008158,-0.010297421,0.000303647,-0.100683180,0.058834712,0.042328190,0.003685250,0.006642134,-0.004882953
-0.021012429,-0.005924942,0.002427161,-0.103937041,0.060599639,0.042238662,0.003769631,0.006652806,-0.004891265
-0.021016700,-0.001672646,0.003915613,-0.106387274,0.062322747,0.042142713,0.003853950,0.006663384,-0.004899565
-0.021020972,0.012589799,0.004597963,-0.107802038,0.063812869,0.042040381,0.003938203,0.006673866,-0.004907850
-0.021025243,0.007620358,-0.001795992,-0.102853017,0.065253895,0.041931704,0.004022387,0.006684253,-0.004916123
-0.021029515,-0.002062479,-0.009241046,-0.097080543,0.066642425,0.041816721,0.004106497,0.006694544,-0.004924382
-0.021033786,-0.011312586,-0.017811159,-0.090553418,0.067975062,0.041695468,0.004190531,0.006704738,-0.004932628
-0.021038057,-0.009983839,-0.027580287,-0.083340444,0.069248405,0.041567986,0.004274483,0.006714835,-0.004940860
-0.021042329,-0.007411698,-0.039140804,-0.075510423,0.070459058,0.041434311,0.004358351,0.006724835,-0.004949079
-0.021046600,0.006142038,-0.052158745,-0.067132157,0.071603621,0.041294482,0.004442132,0.006734737,-0.004957285
-0.021050872,0.005336056,-0.066220628,-0.058274448,0.072678695,0.041148536,0.004525820,0.006744541,-0.004965477
-0.021055143,0.004687316,-0.080771250,-0.049006098,0.073680882,0.040996513,0.004609413,0.006754246,-0.004973656
-0.021059415,-0.001885150,-0.094657475,-0.039395909,0.074606783,0.040838450,0.004692906,0.006763853,-0.004981821
-0.021063686,0.017219641,-0.109408117,-0.029512683,0.075453000,0.040674385,0.004776297,0.006773360,-0.004989974
-0.021067958,0.018044753,-0.120994077,-0.019425222,0.076216135,0.040504357,0.004859580,0.006782766,-0.004998112
-0.021072229,-0.000931774,-0.112940716,-0.009082837,0.076892787,0.040328403,0.004942754,0.006792073,-0.005006238
-0.021076501,-0.023934106,-0.100846166,0.001340132,0.077479560,0.040146561,0.005025813,0.006801279,-0.005014350
-0.021080773,-0.055433385,-0.085181071,0.011788837,0.077973053,0.039958870,0.005108755,0.006810383,-0.005022449
-0.021085044,-0.094900754,-0.066416077,0.022208431,0.078369870,0.039765369,0.005191575,0.006819386,-0.005030534
-0.021089316,-0.136807357,-0.045021826,0.032544065,0.078666610,0.039566094,0.005274270,0.006828287,-0.005038607
-0.021093587,-0.175624335,-0.021468962,0.042740891,0.078859876,0.039361084,0.005356837,0.006837086,-0.005046666
-0.021097859,-0.245822834,0.003771869,0.052744060,0.079352948,0.038743697,0.005439270,0.006845781,-0.005054711
-0.021102130,-0.321873994,0.030230025,0.062498724,0.079735622,0.038120778,0.005521567,0.006854373,-0.005062743
-0.021106402,-0.393248960,0.057434861,0.071950035,0.080004374,0.037492491,0.005603725,0.006862862,-0.005070762
-0.021110673,-0.444418875,0.084915733,0.081043145,0.080155677,0.036859000,0.005685738,0.006871246,-0.005078768
-0.021114945,-0.504854881,0.112201998,0.089723204,0.080186008,0.036220469,0.005767604,0.006879525,-0.005086760
-0.021119217,-0.554028122,0.138823011,0.097935366,0.080091842,0.035577064,0.005849319,0.006887700,-0.005094740
-0.021123488,-0.560625721,0.168524108,0.105624780,0.079869653,0.034928947,0.005930879,0.006895769,-0.005102705
-0.021127760,-0.504819258,0.196535083,0.112736600,0.079515917,0.034276285,0.006012281,0.006903732,-0.005110658
-0.021132031,-0.400996295,0.222301711,0.119215977,0.079027109,0.033619240,0.006093520,0.006911588,-0.005118597
-0.021136303,-0.283544393,0.245269766,0.125008063,0.078399704,0.032957978,0.006174593,0.006919338,-0.005126523
-0.021140575,-0.106851113,0.264885020,0.130058008,0.077630177,0.032292662,0.006255497,0.006926981,-0.005134436
-0.021144846,0.109695983,0.280593250,0.134310966,0.076715004,0.031623458,0.006336227,0.006934516,-0.005142335
-0.021149118,0.376709336,0.291840228,0.137712087,0.075650659,0.030950528,0.006416780,0.006941943,-0.005150221
-0.021153389,0.599801383,0.298071728,0.140206524,0.074433618,0.030274039,0.006497153,0.006949262,-0.005158094
-0.021157661,0.734584563,0.298733525,0.145137742,0.069662042,0.029594154,0.006577341,0.006956471,-0.005165954
-0.021161932,0.764222498,0.258010212,0.136747410,0.064745886,0.028911037,0.006657340,0.006963571,-0.005173801
-0.021166204,0.679547822,0.212639179,0.127453702,0.059696795,0.028224853,0.006737148,0.006970562,-0.005181634
-0.021170475,0.413944352,0.164096634,0.117384788,0.054526410,0.027535766,0.006816760,0.006977442,-0.005189454
-0.021174747,0.055795905,0.113858786,0.106668841,0.049246372,0.026843940,0.006896173,0.006984211,-0.005197260
-0.021179018,-0.191513702,0.063401846,0.095434032,0.043868326,0.026149540,0.006975383,0.006990870,-0.005205054
-0.021183290,-0.274600654,0.014202020,0.083808533,0.038403913,0.025452731,0.007054386,0.006997417,-0.005212834
-0.021187561,-0.235081132,-0.032264482,0.071920516,0.032864776,0.024753676,0.007133178,0.007003852,-0.005220601
-0.021191833,-0.132266448,-0.071826322,0.059898153,0.027262556,0.024052540,0.007211757,0.007010175,-0.005228355
-0.021196104,-0.034842174,-0.105937903,0.047869614,0.021608897,0.023349487,0.007290117,0.007016385,-0.005236096
-0.021200376,0.030810988,-0.133358499,0.035963072,0.015915440,0.022644682,0.007368256,0.007022481,-0.005243823
-0.021204647,0.036401321,-0.120936365,0.024306699,0.010193829,0.021938288,0.007446170,0.007028464,-0.005251538
-0.021208919,0.025671610,-0.102978419,0.013452825,0.004455705,0.021230471,0.007523855,0.007034333,-0.005259239
-0.021213190,0.010453620,-0.081018626,0.003091845,-0.001287289,0.020521395,0.007601307,0.007040088,-0.005266927
-0.021217461,0.006463484,-0.060899476,-0.006661684,-0.007023511,0.019811223,0.007678522,0.007045727,-0.005274601
-0.021221733,0.006204793,-0.040250918,-0.015693210,-0.012741319,0.019100121,0.007755498,0.007051251,-0.005282263
-0.021226004,0.006065505,-0.020587265,-0.023888176,-0.018429069,0.018388253,0.007832230,0.007056660,-0.005289911
-0.021230275,0.007433576,-0.003422832,-0.031132028,-0.024075120,0.017675782,0.007908714,0.007061952,-0.005297546
-0.021234547,0.001402431,0.010022598,-0.037310212,-0.029667829,0.016962874,0.007984947,0.007067127,-0.005305168
-0.021238818,-0.012541201,0.012511611,-0.034683843,-0.035195554,0.016249693,0.008060925,0.007072186,-0.005312777
-0.021243089,-0.009973849,0.012414211,-0.031058199,-0.040646652,0.015536403,0.008136644,0.007077127,-0.005320373
-0.021247361,0.003203063,0.010800966,-0.026614229,-0.046009481,0.014823168,0.008212101,0.007081950,-0.005327955
-0.021251632,0.011319388,0.008511170,-0.021532880,-0.051272399,0.014110153,0.008287292,0.007086654,-0.005335525
-0.021255903,0.014501624,0.005587471,-0.015995101,-0.056423764,0.013397522,0.008362213,0.007091240,-0.005343081
-0.021260174,0.001937851,0.003010934,-0.010334904,-0.061298868,0.012685440,0.008436861,0.007095707,-0.005350624
-0.021264445,-0.006387205,0.000965980,-0.004579574,-0.066039735,0.011974070,0.008511232,0.007100053,-0.005358154
-0.021268716,0.003795272,0.000352936,0.001090543,-0.070635322,0.011263578,0.008585322,0.007104280,-0.005365671
-0.021272988,0.002950312,0.001368328,0.003160966,-0.072232862,0.010554127,0.008659127,0.007108387,-0.005373174
-0.021277259,-0.002308631,0.002021887,0.004853892,-0.073677900,0.009845882,0.008732643,0.007112372,-0.005380665
-0.021281530,0.005526564,-0.000382484,0.006360961,-0.074974258,0.009139008,0.008805868,0.007116236,-0.005388142
-0.021285801,-0.001436346,-0.002738680,0.007471968,-0.076125755,0.008433667,0.008878797,0.007119978,-0.005395607
-0.021290072,-0.013713448,-0.004620324,0.008280284,-0.077136211,0.007730026,0.008951427,0.007123598,-0.005403058
-0.021294343,-0.003956752,-0.003841358,0.009255522,-0.078009447,0.007028248,0.009023753,0.007127095,-0.005410496
-0.021298614,0.000096724,-0.002323281,0.010059856,-0.078749283,0.006328498,0.009095773,0.007130470,-0.005417921
-0.021302885,0.013813713,-0.000467580,0.010731702,-0.079359538,0.005630940,0.009167482,0.007133720,-0.005425333
-0.021307155,-0.001807886,0.000693087,0.011309479,-0.079844033,0.004935738,0.009238877,0.007136847,-0.005432732
-0.021311426,-0.002245493,0.001601384,0.011831603,-0.080206588,0.004243056,0.009309954,0.007139849,-0.005440118
-0.021315697,-0.007345363,0.002068807,0.012336492,-0.080451023,0.003553060,0.009380709,0.007142727,-0.005447490
-0.021319968,-0.006399028,0.000998157,0.013079307,-0.080443929,0.002865913,0.009451139,0.007145479,-0.005454850
-0.021324239,-0.000229143,-0.000413279,0.013826100,-0.080326147,0.002181780,0.009521240,0.007148106,-0.005462196
-0.021328509,0.005896357,-0.001876911,0.014559666,-0.080101289,0.001500825,0.009591008,0.007150606,-0.005469530
-0.021332780,0.005704086,-0.002188194,0.015352296,-0.079772967,0.000823212,0.009660440,0.007152980,-0.005476850
-0.021337051,0.000148856,-0.002204472,0.016109976,-0.079344794,0.000149106,0.009729531,0.007155228,-0.005484158
-0.021341321,-0.010819971,-0.001867138,0.016828188,-0.078820381,-0.000521329,0.009798279,0.007157347,-0.005491452
-0.021345592,0.001951930,-0.000322549,0.017502416,-0.078418068,-0.000973200,0.009866679,0.007159339,-0.005498733
-0.021349862,0.004438742,0.001463084,0.018128142,-0.077926605,-0.001421206,0.009934727,0.007161203,-0.005506001
-0.021354133,0.011819611,0.003318581,0.018700847,-0.077349470,-0.001865316,0.010002421,0.007162938,-0.005513256
-0.021358403,0.009668627,0.004677824,0.019216015,-0.076690143,-0.002305498,0.010069755,0.007164544,-0.005520498
-0.021362674,0.002639653,0.005894917,0.019669129,-0.075952101,-0.002741723,0.010136728,0.007166020,-0.005527728
-0.021366944,-0.009218502,0.006929022,0.020055670,-0.075138822,-0.003173959,0.010203334,0.007167366,-0.005534944
-0.021371214,-0.005448043,0.007330314,0.020371121,-0.074253784,-0.003602177,0.010269570,0.007168582,-0.005542147
-0.021375485,0.008544778,0.007513011,0.020610965,-0.073300466,-0.004026346,0.010335433,0.007169668,-0.005549337
-0.021379755,0.007762701,0.007482346,0.020770684,-0.072282346,-0.004446434,0.010400919,0.007170622,-0.005556514
-0.021384025,0.007420536,0.007031476,0.020845760,-0.071202901,-0.004862413,0.010466023,0.007171444,-0.005563678
-0.021388295,0.002331385,0.006355269,0.020831677,-0.070065612,-0.005274251,0.010530743,0.007172134,-0.005570829
-0.021392565,-0.007479574,0.005654666,0.020505768,-0.068873954,-0.005681917,0.010595074,0.007172692,-0.005577966
-0.021396835,0.008777386,0.003920576,0.020090847,-0.067631407,-0.006085382,0.010659014,0.007173116,-0.005585091
-0.021401106,-0.010039601,0.002293649,0.019591581,-0.066341449,-0.006484614,0.010722557,0.007173408,-0.005592203
-0.021405375,0.005197291,0.001644847,0.019012637,-0.065007558,-0.006879583,0.010785701,0.007173565,-0.005599302
-0.021409645,0.010233486,0.001227531,0.018358680,-0.063633212,-0.007270259,0.010848442,0.007173588,-0.005606388
-0.021413915,0.000513107,0.000596363,0.017634377,-0.062221889,-0.007656611,0.010910776,0.007173477,-0.005613461
-0.021418185,-0.009082318,-0.000131400,0.016844394,-0.060777068,-0.008038608,0.010972699,0.007173230,-0.005620522
-0.021422455,-0.008265106,-0.001244654,0.015993397,-0.059302227,-0.008416221,0.011034208,0.007172848,-0.005627569
-0.021426725,-0.002310376,-0.002469495,0.015086053,-0.057800844,-0.008789417,0.011095299,0.007172330,-0.005634603
-0.021430994,0.008678555,-0.003703821,0.014127027,-0.056276397,-0.009158168,0.011155968,0.007171676,-0.005641624
-0.021435264,0.009356557,-0.004603716,0.013120986,-0.054732364,-0.009522442,0.011216212,0.007170884,-0.005648632
-0.021439533,-0.000088748,-0.005358016,0.012072596,-0.053172224,-0.009882208,0.011276027,0.007169956,-0.005655627
-0.021443803,-0.009711551,-0.005913744,0.010986524,-0.051599455,-0.010237437,0.011335408,0.007168890,-0.005662610
-0.021448072,-0.004966352,-0.005755176,0.009804995,-0.050017534,-0.010588098,0.011394353,0.007167685,-0.005669579
-0.021452342,-0.000408888,-0.005388707,0.008593595,-0.048429941,-0.010934160,0.011452858,0.007166343,-0.005676535
-0.021456611,0.009004794,-0.004857983,0.007355467,-0.046840153,-0.011275592,0.011510919,0.007164861,-0.005683479
-0.021460880,0.003005485,-0.003893487,0.006093756,-0.045251648,-0.011612365,0.011568532,0.007163239,-0.005690410
-0.021465150,-0.003053688,-0.002848039,0.004811607,-0.043667906,-0.011944447,0.011625693,0.007161478,-0.005697327
-0.021469419,-0.009132760,-0.001761296,0.003294773,-0.041875012,-0.012271809,0.011682400,0.007159577,-0.005704232
-0.021473688,0.000013296,-0.000877979,0.001760856,-0.040090903,-0.012594419,0.011738648,0.007157535,-0.005711124
-0.021477957,-0.000800244,-0.000013057,0.000210068,-0.038316124,-0.012912247,0.011794433,0.007155352,-0.005718003
-0.021482226,0.008446960,0.000813439,-0.001357380,-0.036551220,-0.013225262,0.011849752,0.007153027,-0.005724869
-0.021486495,0.007775248,0.001581476,-0.002941276,-0.034796736,-0.013533434,0.011904601,0.007150561,-0.005731722
-0.021490764,0.012204958,0.002271022,-0.004541411,-0.033053216,-0.013836733,0.011958976,0.007147952,-0.005738562
-0.021495032,-0.013234805,0.002853279,-0.006157571,-0.031321206,-0.014135128,0.012012874,0.007145200,-0.005745389
-0.021499301,0.011921943,0.002962415,-0.007889390,-0.029601250,-0.014428588,0.012066291,0.007142305,-0.005752204
-0.021503570,0.012257227,0.002909829,-0.009629772,-0.027893893,-0.014717083,0.012119223,0.007139266,-0.005759005
-0.021507838,0.017754886,0.002704946,-0.011371464,-0.026199682,-0.015000582,0.012171667,0.007136083,-0.005765794
-0.021512107,0.004053065,0.001702887,-0.013107214,-0.024519159,-0.015279055,0.012223618,0.007132755,-0.005772570
-0.021516375,0.000389259,0.000659425,-0.014829770,-0.022852871,-0.015552471,0.012275074,0.007129283,-0.005779332
-0.021520644,-0.018344736,-0.000323970,-0.016531879,-0.021201362,-0.015820800,0.012326030,0.007125665,-0.005786083
-0.021524912,-0.008007496,-0.000395458,-0.018206289,-0.019565177,-0.016084011,0.012376483,0.007121901,-0.005792820
-0.021529180,0.007183771,-0.000344562,-0.019845748,-0.017944861,-0.016342073,0.012426428,0.007117991,-0.005799544
-0.021533449,0.007261480,-0.000210433,-0.021443003,-0.016340959,-0.016594957,0.012475863,0.007113935,-0.005806256
-0.021537717,0.012258051,0.000057877,-0.023080902,-0.014754016,-0.016842631,0.012524784,0.007109731,-0.005812954
-0.021541985,-0.002939761,0.000469387,-0.024654702,-0.013184577,-0.017085065,0.012573186,0.007105379,-0.005819640
-0.021546253,-0.008134989,0.000813006,-0.026149759,-0.011633187,-0.017322229,0.012621066,0.007100880,-0.005826313
-0.021550521,-0.008276329,0.001023304,-0.027551430,-0.010100391,-0.017554092,0.012668421,0.007096232,-0.005832973
-0.021554788,-0.007720532,-0.000417540,-0.027985316,-0.008586040,-0.017780623,0.012715247,0.007091436,-0.005839620
-0.021559056,-0.007099437,-0.002017987,-0.028309976,-0.007091305,-0.018001792,0.012761540,0.007086490,-0.005846255
-0.021563324,0.008547064,-0.003738890,-0.028524211,-0.005616662,-0.018217568,0.012807296,0.007081394,-0.005852876
-0.021567591,-0.001328589,-0.005033437,-0.028626825,-0.004162589,-0.018427922,0.012852512,0.007076149,-0.005859485
-0.021571859,-0.011179613,-0.006449156,-0.028616620,-0.002729563,-0.018632821,0.012897183,0.007070752,-0.005866081
-0.021576126,0.004190423,-0.008183227,-0.028492399,-0.001318060,-0.018832237,0.012941307,0.007065205,-0.005872664
-0.021580394,0.014607220,-0.010062097,-0.028252964,0.000071442,-0.019026137,0.012984879,0.007059507,-0.005879235
-0.021584661,0.009991509,-0.012007243,-0.027897117,0.001438467,-0.019214492,0.013027896,0.007053656,-0.005885792
-0.021588928,0.010282733,-0.013958856,-0.027423663,0.002782537,-0.019397272,0.013070355,0.007047653,-0.005892337
-0.021593196,-0.004641950,-0.015794840,-0.026831402,0.004103176,-0.019574445,0.013112250,0.007041498,-0.005898869
-0.021597463,-0.019905381,-0.018089655,-0.025422584,0.005399906,-0.019745981,0.013153579,0.007035189,-0.005905388
-0.021601730,0.007972241,-0.018617714,-0.023902147,0.006672250,-0.019911850,0.013194338,0.007028727,-0.005911895
-0.021605996,0.010381292,-0.018760559,-0.022278472,0.007919733,-0.020072020,0.013234524,0.007022111,-0.005918389
-0.021610263,0.017314791,-0.018502377,-0.020559944,0.009141876,-0.020226463,0.013274132,0.007015340,-0.005924869
-0.021614530,-0.002307348,-0.016754246,-0.018754946,0.010338202,-0.020375146,0.013313159,0.007008415,-0.005931338
-0.021618797,-0.017346652,-0.014645806,-0.016871861,0.011508235,-0.020518040,0.013351601,0.007001334,-0.005937793
-0.021623063,-0.018468356,-0.011502987,-0.014919072,0.012651498,-0.020655113,0.013389454,0.006994098,-0.005944236
-0.021627330,-0.014875495,-0.008113922,-0.012904963,0.013767514,-0.020786336,0.013426715,0.006986705,-0.005950665
-0.021631596,-0.011501707,-0.004536139,-0.010837917,0.014855805,-0.020911678,0.013463380,0.006979156,-0.005957083
-0.021635862,-0.003280629,-0.000827166,-0.008726317,0.015915896,-0.021031108,0.013499446,0.006971450,-0.005963487
-0.021640129,-0.010145900,0.002955469,-0.006578546,0.016947308,-0.021144596,0.013534908,0.006963587,-0.005969879
-0.021644395,-0.002031156,0.006754238,-0.004402989,0.017949565,-0.021252111,0.013569763,0.006955565,-0.005976257
-0.021648661,-0.008870037,0.010511611,-0.002208027,0.018922189,-0.021353623,0.013604007,0.006947386,-0.005982624
-0.021652927,-0.000596179,0.014170062,-0.000002045,0.019864705,-0.021449101,0.013637636,0.006939047,-0.005988977
-0.021657193,-0.002143221,0.017672061,0.002206575,0.020776635,-0.021538515,0.013670648,0.006930550,-0.005995318
-0.021661458,0.006555200,0.020960081,0.004409449,0.021657501,-0.021621833,0.013703037,0.006921893,-0.006001646
-0.021665724,0.010565445,0.023976592,0.006598193,0.022506828,-0.021699027,0.013734801,0.006913075,-0.006007961
-0.021669990,0.005460656,0.026157289,0.008764425,0.023324137,-0.021770064,0.013765935,0.006904098,-0.006014264
-0.021674255,-0.009187759,0.027939596,0.010899761,0.024108953,-0.021834915,0.013796437,0.006894960,-0.006020553
-0.021678521,0.003203484,0.027749062,0.012995818,0.024860797,-0.021893549,0.013826301,0.006885660,-0.006026831
-0.021682786,0.011103446,0.027125462,0.015044212,0.025579194,-0.021945935,0.013855525,0.006876199,-0.006033095
-0.021687051,0.000587182,0.025002575,0.017036561,0.026263666,-0.021992044,0.013884105,0.006866575,-0.006039347
-0.021691316,0.000436920,0.022607004,0.018964481,0.026913736,-0.022031843,0.013912037,0.006856789,-0.006045586
-0.021695581,0.000535790,0.020903692,0.019980354,0.027528927,-0.022065304,0.013939318,0.006846840,-0.006051812
-0.021699846,-0.009233082,0.019165258,0.020928880,0.028108763,-0.022092395,0.013965943,0.006836727,-0.006058026
-0.021704111,-0.008759481,0.017276476,0.021815525,0.028652766,-0.022113086,0.013991909,0.006826451,-0.006064227
-0.021708376,0.001725149,0.015463773,0.022645755,0.029160459,-0.022127345,0.014017213,0.006816010,-0.006070416
-0.021712640,0.007216448,0.013726494,0.023425036,0.029631365,-0.022135144,0.014041850,0.006805405,-0.006076591
-0.021716905,0.002790704,0.011983336,0.024158834,0.030065008,-0.022076220,0.014033183,0.006767037,-0.006082755
-0.021721169,-0.001581776,0.010258978,0.024852613,0.030460910,-0.022010781,0.014023849,0.006728505,-0.006088905
-0.021725434,-0.005850042,0.008497452,0.025511840,0.030818594,-0.021938806,0.014013851,0.006689808,-0.006095043
-0.021729698,-0.004568869,0.006248520,0.026141981,0.031137584,-0.021860270,0.014003194,0.006650948,-0.006101168
-0.021733962,0.006784054,0.003984856,0.026748501,0.031417402,-0.021775153,0.013991881,0.006611924,-0.006107280
-0.021738226,0.007874853,0.002035317,0.027336867,0.031657572,-0.021683432,0.013979915,0.006572737,-0.006113380
-0.021742490,0.003867824,0.000230594,0.027912543,0.031857616,-0.021585083,0.013967299,0.006533387,-0.006119468
-0.021746754,-0.000323194,-0.001348167,0.028480995,0.032017058,-0.021480085,0.013954037,0.006493875,-0.006125542
-0.021751017,-0.009784364,-0.002619821,0.029047690,0.032135420,-0.021368414,0.013940132,0.006454201,-0.006131604
-0.021755281,-0.005190741,-0.002255397,0.028959164,0.032212226,-0.021250049,0.013925588,0.006414366,-0.006137653
-0.021759545,0.004177039,-0.001642212,0.028883820,0.032246999,-0.021124966,0.013910409,0.006374369,-0.006143690
-0.021763808,0.008449446,-0.000919759,0.028831132,0.032239261,-0.020993144,0.013894597,0.006334212,-0.006149714
-0.021768071,0.002548629,-0.000019210,0.028810573,0.032188536,-0.020854559,0.013878156,0.006293895,-0.006155726
-0.021772334,0.001813449,0.000711550,0.028831618,0.031760487,-0.020375330,0.013861089,0.006253418,-0.006161725
-0.021776597,-0.008625550,0.001132955,0.028903740,0.031288731,-0.019889528,0.013843401,0.006212782,-0.006167711
-0.021780860,0.002142924,-0.000222550,0.029583651,0.030773029,-0.019397367,0.013825093,0.006171987,-0.006173685
-0.021785123,0.008153173,-0.001837102,0.030319638,0.030213138,-0.018899060,0.013806171,0.006131033,-0.006179646
-0.021789386,0.014220251,-0.003520830,0.031107226,0.029608817,-0.018394820,0.013786637,0.006089922,-0.006185595
-0.021793648,0.010163147,-0.005087796,0.031941940,0.028959824,-0.017884860,0.013766494,0.006048652,-0.006191531
-0.021797911,0.000816596,-0.006367811,0.032819305,0.028265917,-0.017369392,0.013745747,0.006007225,-0.006197454
-0.021802173,-0.018980731,-0.007194620,0.033734845,0.027526856,-0.016848630,0.013724398,0.005965642,-0.006203365
-0.021806436,-0.015992562,-0.005400156,0.034284673,0.026742399,-0.016322787,0.013702451,0.005923902,-0.006209263
-0.021810698,0.001607775,-0.003207748,0.034865896,0.025912304,-0.015792074,0.013679910,0.005882006,-0.006215149
-0.021814960,0.014044550,-0.000838910,0.035476209,0.025036330,-0.015256706,0.013656777,0.005839954,-0.006221022
-0.021819222,0.011554564,0.001472313,0.036113307,0.024114235,-0.014716896,0.013633057,0.005797747,-0.006226883
-0.021823483,0.004246162,0.003620331,0.036774884,0.023145778,-0.014172856,0.013608752,0.005755385,-0.006232731
-0.021827745,-0.007759779,0.005487023,0.037458634,0.022130717,-0.013624799,0.013583867,0.005712869,-0.006238567
-0.021832007,-0.008574647,0.006186535,0.038162254,0.021068811,-0.013072937,0.013558404,0.005670199,-0.006244390
-0.021836268,0.005761118,0.006762060,0.038883437,0.019959819,-0.012517485,0.013532367,0.005627376,-0.006250200
-0.021840529,0.009974814,0.007489058,0.039619877,0.018803498,-0.011958655,0.013505759,0.005584399,-0.006255998
-0.021844790,0.008793738,0.008642986,0.040369270,0.017599607,-0.011396660,0.013478585,0.005541269,-0.006261783
-0.021849052,0.005659840,0.011784652,0.041770820,0.015706396,-0.010831713,0.013450846,0.005497988,-0.006267556
-0.021853312,-0.013197755,0.015687686,0.043175823,0.013770022,-0.010264026,0.013422548,0.005454554,-0.006273317
-0.021857573,-0.004053555,0.021629351,0.044577084,0.011795132,-0.009693813,0.013393692,0.005410969,-0.006279065
-0.021861834,0.009694788,0.028010056,0.045967409,0.009786374,-0.009121287,0.013364283,0.005367233,-0.006284800
-0.021866095,0.013431339,0.034448493,0.047339602,0.007748395,-0.008546660,0.013334325,0.005323346,-0.006290523
-0.021870355,0.008006684,0.040096829,0.048686471,0.005685844,-0.007970146,0.013303819,0.005279309,-0.006296233
-0.021874615,-0.011862491,0.045241136,0.050000820,0.003603368,-0.007391957,0.013272771,0.005235122,-0.006301931
-0.021878875,-0.014340914,0.048048897,0.051275454,0.001505615,-0.006812306,0.013241183,0.005190785,-0.006307617
-0.021883135,-0.011235067,0.050329351,0.052503180,-0.000602768,-0.006231407,0.013209058,0.005146300,-0.006313289
-0.021887395,0.017300629,0.052239674,0.053676802,-0.002717133,-0.005649472,0.013176401,0.005101666,-0.006318950
-0.021891655,0.011641086,0.053407711,0.054789126,-0.004832832,-0.005066714,0.013143215,0.005056884,-0.006324598
-0.021895915,-0.013721466,0.054343986,0.055832958,-0.006945217,-0.004483346,0.013109502,0.005011954,-0.006330233
-0.021900174,-0.023765461,0.055029690,0.056801103,-0.009049642,-0.003899581,0.013075267,0.004966877,-0.006335856
-0.021904434,0.002587855,0.055754183,0.056321007,-0.011141457,-0.003315632,0.013040513,0.004921653,-0.006341467
-0.021908693,0.029396002,0.056089085,0.055759094,-0.013216016,-0.002731712,0.013005243,0.004876282,-0.006347065
-0.021912952,0.029264105,0.053423770,0.055116427,-0.015268670,-0.002148033,0.012969461,0.004830765,-0.006352651
-0.021917211,0.024643556,0.050301340,0.054394070,-0.017294772,-0.001564810,0.012933171,0.004785103,-0.006358224
-0.021921470,0.020476163,0.046774487,0.053593086,-0.019289675,-0.000982254,0.012896375,0.004739295,-0.006363785
-0.021925729,0.016703733,0.042895901,0.052714538,-0.021248730,-0.000400578,0.012859077,0.004693343,-0.006369333
-0.021929987,0.023268073,0.038718275,0.051759491,-0.023167290,0.000180004,0.012821281,0.004647246,-0.006374869
-0.021934246,0.025110989,0.034294297,0.050729009,-0.025040708,0.000759279,0.012782989,0.004601005,-0.006380393
-0.021938504,0.027174289,0.029676660,0.049624154,-0.026864335,0.001337035,0.012744206,0.004554620,-0.006385904
-0.021942762,0.014399778,0.024918054,0.048445991,-0.028633523,0.001913059,0.012704935,0.004508092,-0.006391402
-0.021947020,0.006729266,0.020071170,0.047195584,-0.030343626,0.002487138,0.012665179,0.004461422,-0.006396888
-0.021951278,-0.015895443,0.015188698,0.045873995,-0.031989996,0.003059058,0.012624942,0.004414609,-0.006402362
-0.021955536,-0.013532541,0.010323330,0.044482289,-0.033567984,0.003628608,0.012584227,0.004367654,-0.006407824
-0.021959794,-0.005888873,0.005176408,0.043021529,-0.035072943,0.004195573,0.012543037,0.004320557,-0.006413273
-0.021964051,0.011591248,0.000186743,0.041492779,-0.036500225,0.004759741,0.012501376,0.004273320,-0.006418709
-0.021968308,-0.001759742,-0.003983603,0.039897102,-0.037845183,0.005320900,0.012459248,0.004225942,-0.006424133
-0.021972566,-0.005363848,-0.007918128,0.038235563,-0.039103169,0.005878836,0.012416656,0.004178423,-0.006429545
-0.021976823,-0.004217672,-0.011625732,0.036509225,-0.040269535,0.006433336,0.012373603,0.004130764,-0.006434945
-0.021981080,-0.013317820,-0.015115311,0.034719152,-0.041339634,0.006984187,0.012330093,0.004082967,-0.006440332
-0.021985336,-0.012660895,-0.018395764,0.032866407,-0.042308817,0.007531176,0.012286129,0.004035030,-0.006445706
-0.021989593,-0.002840531,-0.020878961,0.030952054,-0.043172438,0.008074092,0.012241714,0.003986954,-0.006451069
-0.021993849,0.011804377,-0.023231507,0.028977156,-0.043925848,0.008612719,0.012196853,0.003938740,-0.006456419
-0.021998106,0.010514355,-0.024699432,0.026942778,-0.044564400,0.009146846,0.012151548,0.003890388,-0.006461756
-0.022002362,-0.005942833,-0.026056000,0.024849983,-0.045083446,0.009676260,0.012105803,0.003841899,-0.006467082
-0.022006618,-0.012622972,-0.027250932,0.022699834,-0.045295923,0.010018333,0.012059621,0.003793273,-0.006472394
-0.022010874,-0.000820820,-0.026994968,0.020493396,-0.045379760,0.010355427,0.012013006,0.003744511,-0.006477695
-0.022015129,0.005462966,-0.026292957,0.018231732,-0.045330471,0.010687492,0.011965961,0.003695612,-0.006482983
-0.022019385,0.010988756,-0.024910769,0.015915906,-0.045143568,0.011014475,0.011918490,0.003646577,-0.006488259
-0.022023640,0.009190843,-0.022243851,0.014502630,-0.044814566,0.011336325,0.011870596,0.003597407,-0.006493523
-0.022027896,0.001449221,-0.018674858,0.012990131,-0.044338977,0.011652990,0.011822282,0.003548103,-0.006498774
-0.022032151,-0.012182197,-0.014216017,0.011332281,-0.043712315,0.011964418,0.011773552,0.003498663,-0.006504013
-0.022036406,0.001672330,-0.007201380,0.009482954,-0.042930094,0.012270557,0.011724410,0.003449090,-0.006509239
-0.022040660,0.005925832,-0.000502292,0.007396026,-0.041987827,0.012571356,0.011674858,0.003399383,-0.006514453
-0.022044915,-0.002536291,0.004037536,0.005025370,-0.040881028,0.012866763,0.011624901,0.003349543,-0.006519655
-0.022049170,-0.001187999,0.002819605,0.003439005,-0.039605210,0.013156726,0.011574541,0.003299570,-0.006524845
-0.022053424,0.005801087,0.000928830,0.001717199,-0.038155886,0.013441193,0.011523782,0.003249464,-0.006530022
-0.022057678,-0.008703159,0.000300485,0.000173682,-0.036647887,0.013720112,0.011472628,0.003199226,-0.006535187
-0.022061932,0.003800614,0.003602239,-0.005276262,-0.032165469,0.013993433,0.011421082,0.003148857,-0.006540340
-0.022066186,0.000649972,0.006828126,-0.010130489,-0.027542328,0.014261102,0.011369147,0.003098357,-0.006545480
-0.022070440,0.008079772,0.008442760,-0.013779692,-0.023087193,0.014523069,0.011316828,0.003047726,-0.006550608
-0.022074693,-0.005740310,-0.000672215,-0.010535350,-0.018539858,0.014779281,0.011264126,0.002996964,-0.006555724
-0.022078947,0.006753077,-0.017323849,-0.006135860,-0.013918178,0.015029688,0.011211046,0.002946073,-0.006560828
-0.022083200,-0.007385737,-0.038458325,-0.000671469,-0.009240006,0.015274235,0.011157591,0.002895052,-0.006565919
-0.022087453,0.014755775,-0.061880021,0.005767575,-0.004523196,0.015512874,0.011103765,0.002843902,-0.006570998
-0.022091706,-0.008034291,-0.061947303,0.013769445,0.000214398,0.015745550,0.011049570,0.002792623,-0.006576065
-0.022095958,-0.051880531,-0.056687870,0.022504338,0.004954922,0.015972214,0.010995011,0.002741216,-0.006581119
-0.022100211,-0.106018951,-0.046696431,0.031820869,0.009680523,0.016192812,0.010940091,0.002689681,-0.006586162
-0.022104463,-0.179685555,-0.032567693,0.041567654,0.014373346,0.016407293,0.010884814,0.002638019,-0.006591192
-0.022108715,-0.257116347,-0.014896367,0.051593308,0.019015537,0.016615606,0.010829182,0.002586229,-0.006596210
-0.022112968,-0.292547332,0.005722838,0.061746446,0.023589243,0.016817698,0.010773199,0.002534313,-0.006601215
-0.022117219,-0.360214516,0.028695215,0.071875685,0.028076609,0.017013518,0.010716868,0.002482271,-0.006606208
-0.022121471,-0.419353903,0.053426054,0.081829638,0.032459782,0.017203015,0.010660194,0.002430103,-0.006611189
-0.022125723,-0.436066383,0.086185531,0.091456923,0.036720908,0.017386135,0.010603179,0.002377809,-0.006616158
-0.022129974,-0.387412390,0.119203368,0.100606154,0.040842133,0.017562828,0.010545827,0.002325391,-0.006621115
-0.022134225,-0.292317246,0.151574171,0.109125946,0.044805603,0.017733042,0.010488142,0.002272848,-0.006626059
-0.022138476,-0.169706269,0.182392547,0.116864916,0.048593464,0.017896725,0.010430126,0.002220181,-0.006630991
-0.022142727,-0.043504780,0.210753102,0.123671678,0.052187862,0.018053825,0.010371783,0.002167390,-0.006635911
-0.022146978,0.157361901,0.235750442,0.129394849,0.055570944,0.018204291,0.010313117,0.002114476,-0.006640819
-0.022151228,0.378968453,0.256479174,0.133883043,0.058724855,0.018348070,0.010254131,0.002061439,-0.006645715
-0.022155479,0.582389557,0.272033905,0.136984876,0.061631742,0.018485112,0.010194828,0.002008279,-0.006650598
-0.022159729,0.678699893,0.281509241,0.138548964,0.064273750,0.018615363,0.010135213,0.001954997,-0.006655469
-0.022163979,0.703974139,0.283999788,0.138423921,0.066633026,0.018738773,0.010075288,0.001901594,-0.006660328
-0.022168229,0.620362867,0.244003650,0.124424354,0.064594075,0.018535470,0.009987140,0.001848070,-0.006665175
-0.022172478,0.349320206,0.198301936,0.108853986,0.062270033,0.018325430,0.009898695,0.001794424,-0.006670010
-0.022176728,-0.006623826,0.149079253,0.091982530,0.059676398,0.018108809,0.009809960,0.001740658,-0.006674832
-0.022180977,-0.244939208,0.098520204,0.074079699,0.056828665,0.017885764,0.009720944,0.001686773,-0.006679643
-0.022185226,-0.318095922,0.048809398,0.055415208,0.053742330,0.017656451,0.009631656,0.001632767,-0.006684441
-0.022189475,-0.240393191,0.003960682,0.036258770,0.050432890,0.017421027,0.009542104,0.001578643,-0.006689227
-0.022193724,-0.122447206,-0.035695128,0.016880098,0.046915841,0.017179647,0.009452295,0.001524399,-0.006694001
-0.022197972,-0.026703401,-0.067997972,-0.002451094,0.043206679,0.016932468,0.009362240,0.001470038,-0.006698762
-0.022202221,0.029392789,-0.090787790,-0.021465094,0.039320900,0.016679646,0.009271946,0.001415558,-0.006703512
-0.022206469,0.011467404,-0.069975998,-0.039892186,0.035274000,0.016421339,0.009181421,0.001360961,-0.006708249
-0.022210717,-0.008400959,-0.043064661,-0.057324564,0.031081475,0.016157701,0.009090674,0.001306247,-0.006712975
-0.022214965,0.007050769,-0.017465921,-0.073628814,0.026758822,0.015888890,0.008999713,0.001251416,-0.006717688
-0.022219212,-0.006901577,0.006257217,-0.088533430,0.022321536,0.015615061,0.008908548,0.001196469,-0.006722389
-0.022223460,0.008693381,0.013329376,-0.091230073,0.017785114,0.015336372,0.008817185,0.001141406,-0.006727078
-0.022227707,0.001101443,0.017133623,-0.092383274,0.013165052,0.015052978,0.008725634,0.001086227,-0.006731754
-0.022231954,-0.006188369,0.019292977,-0.092120731,0.008476846,0.014765035,0.008633903,0.001030934,-0.006736419
-0.022236201,-0.013586090,0.020329507,-0.090570143,0.003735993,0.014472701,0.008542000,0.000975525,-0.006741072
-0.022240448,0.002652312,0.021611220,-0.087859208,-0.001042012,0.014176132,0.008449935,0.000920003,-0.006745712
-0.022244694,0.013512126,0.022264864,-0.084115625,-0.005841673,0.013875483,0.008357714,0.000864367,-0.006750340
-0.022248940,0.009230381,0.022165447,-0.079467092,-0.010647493,0.013570911,0.008265347,0.000808617,-0.006754957
-0.022253187,0.009791961,0.021440122,-0.074566629,-0.014918654,0.013262573,0.008172842,0.000752755,-0.006759561
-0.022257432,0.000279426,0.020118367,-0.069012702,-0.019168895,0.012950625,0.008080208,0.000696780,-0.006764153
-0.022261678,-0.004224663,0.018229656,-0.062929096,-0.023386632,0.012635222,0.007987453,0.000640693,-0.006768733
-0.022265924,-0.008637744,0.015803468,-0.056439598,-0.027560280,0.012316523,0.007894584,0.000584494,-0.006773301
-0.022270169,-0.003182436,0.013174455,-0.049667993,-0.031678256,0.011994682,0.007801612,0.000528184,-0.006777856
-0.022274414,0.007197937,0.010397981,-0.042738068,-0.035728977,0.011669856,0.007708544,0.000471763,-0.006782400
-0.022278659,0.006656801,0.008754118,-0.036095069,-0.039700858,0.011342202,0.007615388,0.000415231,-0.006786932
-0.022282904,0.000598152,0.007616855,-0.029528733,-0.043582315,0.011011876,0.007522153,0.000358590,-0.006791452
-0.022287149,-0.006172083,0.007279713,-0.023150255,-0.047361765,0.010679033,0.007428848,0.000301838,-0.006795959
-0.022291393,0.000797374,0.008390860,-0.017070831,-0.051027625,0.010343832,0.007335481,0.000244978,-0.006800455
-0.022295637,0.003039208,0.009517060,-0.011401656,-0.054568309,0.010006427,0.007242059,0.000188009,-0.006804938
-0.022299881,-0.002883492,0.009194669,-0.006253928,-0.057972235,0.009666976,0.007148593,0.000130931,-0.006809410
-0.022304125,0.007445687,0.003037672,-0.001669792,-0.061227819,0.009325634,0.007055089,0.000073745,-0.006813869
-0.022308368,-0.008588005,-0.006332524,0.002332346,-0.064323476,0.008982558,0.006961557,0.000016452,-0.006818316
-0.022312612,-0.010460801,-0.014502081,0.005803132,-0.067247624,0.008637904,0.006868005,-0.000040949,-0.006822752
-0.022316855,0.005596891,-0.015302986,0.006719722,-0.067915189,0.008291829,0.006774441,-0.000098456,-0.006827175
-0.022321098,-0.004078762,-0.010615745,0.007708147,-0.068408027,0.007944489,0.006680874,-0.000156069,-0.006831586
-0.022325341,0.011153039,-0.005647814,0.008343264,-0.068734503,0.007596040,0.006587311,-0.000213789,-0.006835986
-0.022329583,0.006613667,-0.000769171,0.008681879,-0.068902984,0.007246638,0.006493763,-0.000271614,-0.006840373
-0.022333826,0.003259807,0.003014895,0.008780797,-0.068921836,0.006896441,0.006400236,-0.000329544,-0.006844748
-0.022338068,-0.009432496,0.006179735,0.008696823,-0.068799426,0.006545604,0.006306740,-0.000387578,-0.006849112
-0.022342310,-0.010954921,0.008168425,0.008486761,-0.068544119,0.006194283,0.006213282,-0.000445717,-0.006853463
-0.022346551,-0.001939387,0.009564279,0.008207418,-0.068164281,0.005842636,0.006119872,-0.000503960,-0.006857802
-0.022350793,0.012634627,0.010298172,0.007915597,-0.067668280,0.005490818,0.006026517,-0.000562307,-0.006862129
-0.022355034,0.009413972,0.008638993,0.007703760,-0.067238217,0.005312722,0.005933227,-0.000620756,-0.006866445
-0.022359275,-0.003574177,0.006607296,0.007722714,-0.066898917,0.005134628,0.005840008,-0.000679308,-0.006870748
-0.022363516,-0.006676312,0.004561646,0.007775499,-0.066465518,0.004956554,0.005746871,-0.000737962,-0.006875039
-0.022367757,0.004838923,0.002782758,0.007855487,-0.065943491,0.004778516,0.005653823,-0.000796718,-0.006879319
-0.022371997,-0.004819932,0.002074165,0.007956052,-0.065338307,0.004600532,0.005560872,-0.000855575,-0.006883586
-0.022376238,0.006720290,0.000074772,0.008070567,-0.064655439,0.004422617,0.005468028,-0.000914533,-0.006887842
-0.022380478,0.003163053,-0.001906812,0.008192406,-0.063900357,0.004244789,0.005375298,-0.000973592,-0.006892085
-0.022384718,-0.010467763,-0.003882395,0.008314943,-0.063078534,0.004067064,0.005282691,-0.001032751,-0.006896317
-0.022388957,-0.014553566,-0.005458495,0.008431550,-0.062195440,0.003889460,0.005190216,-0.001092009,-0.006900536
-0.022393197,-0.006060008,-0.004684754,0.008562967,-0.061256548,0.003711994,0.005097880,-0.001151367,-0.006904744
-0.022397436,0.011835288,-0.003343207,0.008674296,-0.060267329,0.003534682,0.005005692,-0.001210824,-0.006908940
-0.022401675,0.009370456,-0.001659008,0.008758005,-0.059233255,0.003357541,0.004913661,-0.001270379,-0.006913124
-0.022405914,0.011783629,0.000142685,0.008806564,-0.058159797,0.003180588,0.004821795,-0.001330032,-0.006917295
-0.022410152,-0.010539260,0.001688919,0.008812439,-0.057052427,0.003003839,0.004730102,-0.001389783,-0.006921455
-0.022414391,-0.012015817,0.002410277,0.008768100,-0.055916616,0.002827313,0.004638591,-0.001449631,-0.006925603
-0.022418629,-0.008173339,0.002847032,0.008666015,-0.054757837,0.002651024,0.004547271,-0.001509576,-0.006929740
-0.022422867,-0.004040992,0.003041330,0.008498651,-0.053581560,0.002474992,0.004456149,-0.001569617,-0.006933864
-0.022427104,0.005352055,0.003035317,0.008258478,-0.052393258,0.002299231,0.004365234,-0.001629754,-0.006937976
-0.022431342,0.009976633,0.002871138,0.007937963,-0.051198401,0.002123760,0.004274534,-0.001689987,-0.006942076
-0.022435579,-0.009995638,0.002479004,0.007440724,-0.050002462,0.001948595,0.004184059,-0.001750315,-0.006946165
-0.022439816,-0.009455773,0.001658770,0.006863364,-0.048810911,0.001773752,0.004093816,-0.001810738,-0.006950241
-0.022444053,0.001121481,0.000882878,0.006213636,-0.047629222,0.001599249,0.004003813,-0.001871255,-0.006954306
-0.022448289,0.006645600,0.000239544,0.005499294,-0.046462865,0.001425103,0.003914060,-0.001931866,-0.006958359
-0.022452526,0.012026062,-0.000183017,0.004728090,-0.045317311,0.001251330,0.003824564,-0.001992570,-0.006962400
-0.022456762,0.002406324,-0.000530569,0.003719696,-0.044009952,0.001077947,0.003735334,-0.002053368,-0.006966429
-0.022460998,-0.002384241,-0.000634791,0.002663736,-0.042728130,0.000904972,0.003646379,-0.002114258,-0.006970446
-0.022465233,-0.012282282,-0.000561342,0.001561752,-0.041471107,0.000732420,0.003557706,-0.002175240,-0.006974452
-0.022469469,-0.012670126,0.000526852,-0.000041767,-0.040238143,0.000560310,0.003469324,-0.002236315,-0.006978445
-0.022473704,0.002233617,0.001360951,-0.001660135,-0.039028500,0.000388657,0.003381243,-0.002297480,-0.006982427
-0.022477939,0.007764658,0.001618990,-0.003307861,-0.037841439,0.000217478,0.003293469,-0.002358737,-0.006986396
-0.022482174,-0.004861160,0.000022119,-0.004922705,-0.036676222,0.000046791,0.003206011,-0.002420084,-0.006990354
-0.022486408,0.003669104,-0.002761467,-0.006486565,-0.035532111,-0.000123387,0.003118879,-0.002481522,-0.006994300
-0.022490642,-0.005443543,-0.002951641,-0.007981340,-0.034408366,-0.000293041,0.003032080,-0.002543049,-0.006998235
-0.022494876,-0.000945664,-0.002011322,-0.009198313,-0.033304249,-0.000462152,0.002945622,-0.002604666,-0.007002157
-0.022499110,0.007919852,-0.000488136,-0.010347733,-0.032219022,-0.000630705,0.002859515,-0.002666371,-0.007006068
-0.022503344,0.011579372,0.001210419,-0.011449232,-0.031151945,-0.000798682,0.002773766,-0.002728165,-0.007009966
-0.022507577,0.006027868,0.002108240,-0.012522444,-0.030102281,-0.000966066,0.002688384,-0.002790048,-0.007013853
-0.022511810,-0.004215275,0.002704809,-0.013587002,-0.029069291,-0.001132841,0.002603378,-0.002852017,-0.007017728
-0.022516043,-0.014062064,0.002983431,-0.014714965,-0.028052235,-0.001298990,0.002518755,-0.002914075,-0.007021592
-0.022520276,-0.008661501,0.003042535,-0.015856528,-0.027050376,-0.001464496,0.002434524,-0.002976219,-0.007025443
-0.022524508,0.002139457,0.002730940,-0.017014313,-0.026062975,-0.001629341,0.002350694,-0.003038449,-0.007029283
-0.022528740,0.013256858,0.002134451,-0.018190942,-0.025089293,-0.001793510,0.002267273,-0.003100766,-0.007033111
-0.022532972,0.015481354,0.000464279,-0.019389038,-0.024128591,-0.001956985,0.002184270,-0.003163168,-0.007036927
-0.022537204,0.012476989,-0.000941765,-0.020611222,-0.023180132,-0.002119749,0.002101692,-0.003225655,-0.007040731
-0.022541435,-0.006217593,-0.001620468,-0.021860117,-0.022243177,-0.002281786,0.002019549,-0.003288227,-0.007044524
-0.022545666,0.003492865,-0.000352735,-0.023450837,-0.021316986,-0.002443078,0.001937848,-0.003350884,-0.007048304
-0.022549897,-0.003674690,0.002795830,-0.025035491,-0.020400821,-0.002603610,0.001856598,-0.003413624,-0.007052073
-0.022554128,0.007428360,0.001878760,-0.025816992,-0.019493944,-0.002763363,0.001775808,-0.003476448,-0.007055831
-0.022558359,0.001004606,-0.001565462,-0.026537180,-0.018595616,-0.002922322,0.001695486,-0.003539355,-0.007059576
-0.022562589,0.000355319,-0.005858719,-0.027176207,-0.017705099,-0.003080468,0.001615640,-0.003602345,-0.007063310
-0.022566819,-0.015360828,-0.010180296,-0.027869770,-0.016666108,-0.003237787,0.001536279,-0.003665417,-0.007067032
-0.022571049,-0.008824385,-0.011870256,-0.028441679,-0.015634247,-0.003394259,0.001457411,-0.003728572,-0.007070742
-0.022575278,0.006802229,-0.012786790,-0.028871292,-0.014609573,-0.003549870,0.001379044,-0.003791807,-0.007074440
-0.022579507,0.011517372,-0.013905717,-0.028181118,-0.013592144,-0.003704601,0.001301188,-0.003855124,-0.007078127
-0.022583736,0.004130669,-0.013071313,-0.027336472,-0.012582017,-0.003858436,0.001223850,-0.003918521,-0.007081802
-0.022587965,0.001196799,-0.011829755,-0.026345824,-0.011579250,-0.004011358,0.001147039,-0.003981999,-0.007085465
-0.022592194,-0.011918295,-0.010538486,-0.025217643,-0.010583900,-0.004163351,0.001070763,-0.004045556,-0.007089116
-0.022596422,0.000098999,-0.009502615,-0.023960399,-0.009596026,-0.004314397,0.000995030,-0.004109193,-0.007092756
-0.022600650,0.007352968,-0.008817929,-0.022582560,-0.008615685,-0.004464479,0.000919850,-0.004172909,-0.007096384
-0.022604878,0.014895568,-0.008527883,-0.021092597,-0.007642933,-0.004613581,0.000845230,-0.004236703,-0.007100000
-0.022609105,0.008154100,-0.009051276,-0.019498979,-0.006677830,-0.004761686,0.000771179,-0.004300576,-0.007103605
-0.022613332,-0.003442761,-0.009808282,-0.017810175,-0.005720433,-0.004908777,0.000697705,-0.004364526,-0.007107198
-0.022617559,-0.015090994,-0.010594421,-0.016034654,-0.004770798,-0.005054837,0.000624818,-0.004428553,-0.007110779
-0.022621786,-0.002541487,-0.010650303,-0.014180886,-0.003828985,-0.005199849,0.000552524,-0.004492658,-0.007114348
-0.022626013,0.014735237,-0.010496903,-0.012257340,-0.002895049,-0.005343796,0.000480832,-0.004556839,-0.007117906
-0.022630239,0.011713745,-0.010100289,-0.010272486,-0.001969050,-0.005486662,0.000409752,-0.004621096,-0.007121452
-0.022634465,0.007559383,-0.008617304,-0.008234793,-0.001051045,-0.005628430,0.000339291,-0.004685429,-0.007124987
-0.022638691,-0.011799397,-0.006967898,-0.006152730,-0.000141091,-0.005769083,0.000269458,-0.004749837,-0.007128509
-0.022642916,-0.001334576,-0.005171591,-0.004034767,0.000760755,-0.005908603,0.000200261,-0.004814320,-0.007132020
-0.022647141,0.009045613,-0.003311647,-0.001889373,0.001654433,-0.006046975,0.000131709,-0.004878878,-0.007135520
-0.022651366,0.014341729,-0.001380124,0.000274983,0.002539888,-0.006184180,0.000063810,-0.004943509,-0.007139007
-0.022655591,0.014554331,0.000630920,0.002449831,0.003417061,-0.006320203,-0.000003428,-0.005008214,-0.007142484
-0.022659815,0.014683978,0.002729427,0.004626701,0.004285895,-0.006455027,-0.000069996,-0.005072992,-0.007145948
-0.022664040,0.004726336,0.004928233,0.006797125,0.005146332,-0.006588634,-0.000135886,-0.005137843,-0.007149401
-0.022668263,-0.015342504,0.007259747,0.008952633,0.005998314,-0.006721008,-0.000201089,-0.005202767,-0.007152842
-0.022672487,-0.000912923,0.010122854,0.011084756,0.006841784,-0.006852132,-0.000265597,-0.005267762,-0.007156271
-0.022676711,0.003499801,0.013041331,0.013185025,0.007676684,-0.006981989,-0.000329401,-0.005332829,-0.007159689
-0.022680934,0.013018808,0.015900539,0.015244969,0.008502957,-0.007110562,-0.000392493,-0.005397967,-0.007163095
-0.022685156,0.012767240,0.018585840,0.017256119,0.009320545,-0.007237835,-0.000454865,-0.005463176,-0.007166490
-0.022689379,0.009138677,0.019712152,0.019210007,0.010129391,-0.007363790,-0.000516509,-0.005528455,-0.007169872
-0.022693601,-0.008891539,0.020312637,0.021098163,0.010929436,-0.007488411,-0.000577415,-0.005593804,-0.007173244
-0.022697823,-0.004126969,0.018199355,0.022912117,0.011720623,-0.007611680,-0.000637575,-0.005659222,-0.007176603
-0.022702045,0.001681463,0.015625019,0.024150115,0.012502895,-0.007733581,-0.000696982,-0.005724710,-0.007179951
-0.022706267,0.008733490,0.011901704,0.025300378,0.013276194,-0.007854098,-0.000755626,-0.005790266,-0.007183288
-0.022710488,0.013751090,0.005312531,0.026357842,0.014040462,-0.007973212,-0.000813499,-0.005855890,-0.007186613
-0.022714709,-0.005454788,-0.001948358,0.027317445,0.014795642,-0.008090908,-0.000870593,-0.005921582,-0.007189926
-0.022718930,0.006581581,-0.010341589,0.028174121,0.015541676,-0.008207169,-0.000926899,-0.005987342,-0.007193227
-0.022723150,-0.010873878,-0.014127992,0.028922808,0.016278507,-0.008321977,-0.000982410,-0.006053169,-0.007196517
-0.022727370,0.005370775,-0.010774365,0.028838395,0.017006077,-0.008435316,-0.001037115,-0.006119062,-0.007199796
-0.022731590,0.009630189,-0.005318400,0.028643956,0.017724328,-0.008547168,-0.001091008,-0.006185021,-0.007203063
-0.022735810,0.002932168,0.001209104,0.028342519,0.018433202,-0.008657518,-0.001144080,-0.006251046,-0.007206318
-0.022740029,0.006304517,0.007777348,0.027937111,0.019132643,-0.008766348,-0.001196322,-0.006317136,-0.007209562
-0.022744248,-0.003733957,0.012864528,0.027876292,0.019377061,-0.008873641,-0.001247725,-0.006383292,-0.007212794
-0.022748467,-0.005056763,0.014341156,0.027717479,0.019612007,-0.008979381,-0.001298282,-0.006449511,-0.007216014
-0.022752686,0.004813997,0.014726340,0.027463623,0.019653024,-0.008899074,-0.001347984,-0.006515795,-0.007219223
-0.022756904,0.001115723,0.014329162,0.026568198,0.019684656,-0.008817226,-0.001396823,-0.006582143,-0.007222421
-0.022761122,0.002977719,0.013463412,0.025588062,0.019706967,-0.008733866,-0.001444790,-0.006648553,-0.007225607
-0.022765340,-0.004854876,0.012376528,0.024530594,0.019720024,-0.008649024,-0.001491877,-0.006715027,-0.007228781
-0.022769557,-0.007636926,0.011315946,0.023403177,0.019723893,-0.008562728,-0.001538075,-0.006781563,-0.007231944
-0.022773774,-0.010623292,0.010529101,0.022213190,0.019718639,-0.008475009,-0.001583376,-0.006848161,-0.007235095
-0.022777991,0.000654449,0.010540143,0.020968014,0.019704328,-0.008385894,-0.001627771,-0.006914821,-0.007238235
-0.022782208,0.011522150,0.011015794,0.019675032,0.019681026,-0.008295415,-0.001671253,-0.006981542,-0.007241363
-0.022786424,0.002047648,0.011880790,0.018341623,0.019648800,-0.008203599,-0.001713812,-0.007048323,-0.007244480
-0.022790640,-0.007626423,0.012985070,0.016975168,0.019607714,-0.008110476,-0.001755441,-0.007115165,-0.007247585
-0.022794856,-0.007338727,0.014159872,0.015583049,0.019557836,-0.008016076,-0.001796130,-0.007182067,-0.007250679
-0.022799071,-0.011927930,0.015236437,0.014172647,0.019499230,-0.007920428,-0.001835872,-0.007249029,-0.007253761
-0.022803286,0.004051296,0.015762008,0.012751341,0.019431963,-0.007823561,-0.001874658,-0.007316049,-0.007256832
-0.022807501,0.005430254,0.015897858,0.011326514,0.019356100,-0.007725504,-0.001912480,-0.007383128,-0.007259891
-0.022811716,0.012324243,0.015521260,0.009905546,0.019271708,-0.007626286,-0.001949329,-0.007450266,-0.007262938
-0.022815930,-0.004121979,0.013480031,0.008495818,0.019178852,-0.007525938,-0.001985196,-0.007517461,-0.007265975
-0.022820144,-0.010074373,0.010932705,0.007104711,0.019077599,-0.007424488,-0.002020074,-0.007584714,-0.007268999
-0.022824358,0.000050413,0.007288504,0.005739606,0.018968013,-0.007321965,-0.002053954,-0.007652024,-0.007272012
-0.022828571,0.010215137,0.003577243,0.004407884,0.018850162,-0.007218399,-0.002086828,-0.007719391,-0.007275014
-0.022832784,-0.000693618,0.000904912,0.003116926,0.018724110,-0.007113819,-0.002118687,-0.007786814,-0.007278004
-0.022836997,-0.006973385,-0.001438381,0.001874112,0.018589924,-0.007027222,-0.002130554,-0.007854292,-0.007280983
-0.022841210,-0.013717727,-0.003366500,0.000686824,0.018447670,-0.006939647,-0.002141412,-0.007921826,-0.007283950
-0.022845422,-0.016020205,-0.004793308,-0.000437557,0.018297414,-0.006851099,-0.002151278,-0.007989415,-0.007286906
-0.022849634,0.009613639,-0.004220694,-0.001491651,0.018139221,-0.006761584,-0.002160166,-0.008057059,-0.007289851
-0.022853846,0.014780356,-0.003252632,-0.002468076,0.017973157,-0.006671107,-0.002168090,-0.008124756,-0.007292784
-0.022858057,0.014424434,-0.001944459,-0.003256031,0.017799289,-0.006579675,-0.002175067,-0.008192508,-0.007295705
-0.022862268,0.008958597,-0.000608136,-0.003956322,0.017617682,-0.006487292,-0.002181110,-0.008260312,-0.007298615
-0.022866479,-0.006444515,0.000581039,-0.004566338,0.017428401,-0.006393966,-0.002186236,-0.008328170,-0.007301514
-0.022870690,-0.011612264,0.001447767,-0.005083464,0.017231514,-0.006299702,-0.002190459,-0.008396080,-0.007304401
-0.022874900,-0.006212613,0.001170593,-0.005018326,0.017027086,-0.006204506,-0.002193794,-0.008464042,-0.007307277
-0.022879110,-0.005525939,0.000528843,-0.004869918,0.016815182,-0.006108383,-0.002196256,-0.008532056,-0.007310141
-0.022883319,0.010326780,-0.000344317,-0.004456778,0.016402171,-0.006011339,-0.002197861,-0.008600121,-0.007312994
-0.022887529,0.001400451,-0.001491607,-0.003985236,0.015982217,-0.005913381,-0.002198622,-0.008668237,-0.007315835
-0.022891738,-0.007975034,-0.002230729,-0.003467928,0.015555789,-0.005814513,-0.002198557,-0.008736403,-0.007318665
-0.022895946,0.006201821,-0.001631365,-0.002837114,0.015123352,-0.005714742,-0.002197679,-0.008804620,-0.007321484
-0.022900155,-0.006453624,0.000788786,-0.002190905,0.014685374,-0.005614074,-0.002196003,-0.008872886,-0.007324291
-0.022904363,0.002190995,0.001914649,-0.001547034,0.014242323,-0.005512514,-0.002193545,-0.008941201,-0.007327087
-0.022908571,0.011388247,0.002510943,-0.000923237,0.013794664,-0.005410069,-0.002190320,-0.009009565,-0.007329872
-0.022912778,0.007305320,0.001470832,-0.000380310,0.013342866,-0.005306744,-0.002186342,-0.009077977,-0.007332645
-0.022916985,-0.001292757,-0.000013474,0.000124058,0.012887395,-0.005202544,-0.002181627,-0.009146437,-0.007335406
-0.022921192,-0.014723635,-0.001624021,0.000589119,0.012428719,-0.005097476,-0.002176190,-0.009214944,-0.007338157
-0.022925399,0.005876078,-0.002223896,0.001014122,0.011967304,-0.004991546,-0.002170046,-0.009283499,-0.007340896
-0.022929605,0.006236802,-0.002543218,0.001275072,0.011626863,-0.004884759,-0.002163209,-0.009352101,-0.007343623
-0.022933811,0.006270002,-0.002493148,0.001494576,0.011284508,-0.004777121,-0.002155696,-0.009420748,-0.007346340
-0.022938017,0.010887144,-0.001681037,0.001368182,0.010940596,-0.004668638,-0.002147521,-0.009489442,-0.007349044
-0.022942222,0.004874467,-0.000208237,0.001210666,0.010595482,-0.004559316,-0.002138698,-0.009558181,-0.007351738
-0.022946427,-0.001411257,0.001557181,0.001032993,0.010249523,-0.004449161,-0.002129244,-0.009626965,-0.007354420
-0.022950632,-0.007738482,0.003372368,0.000846126,0.009903077,-0.004338178,-0.002119173,-0.009695794,-0.007357091
-0.022954836,0.005963708,0.005155112,0.000661030,0.009556500,-0.004226373,-0.002108500,-0.009764667,-0.007359750
-0.022959041,-0.003757171,0.005310090,0.000525169,0.009210148,-0.004113752,-0.002097241,-0.009833583,-0.007362398
-0.022963244,0.004458079,0.002514873,0.000401445,0.008864379,-0.004000321,-0.002085410,-0.009902543,-0.007365035
-0.022967448,-0.002590200,-0.000030623,0.000289258,0.008519549,-0.003886086,-0.002073022,-0.009971546,-0.007367661
-0.022971651,-0.009749993,-0.002478148,0.000188011,0.008176016,-0.003771052,-0.002060092,-0.010040592,-0.007370275
-0.022975854,0.007292950,-0.004141691,0.000097103,0.007834134,-0.003655226,-0.002046637,-0.010109680,-0.007372877
-0.022980057,0.009074492,-0.005556853,0.000015937,0.007494263,-0.003538613,-0.002032669,-0.010178809,-0.007375469
-0.022984259,0.015810900,-0.006939637,-0.000056085,0.007156757,-0.003421219,-0.002018205,-0.010247980,-0.007378049
-0.022988461,0.013168171,-0.008955781,-0.000119563,0.006821974,-0.003303049,-0.002003260,-0.010317192,-0.007380618
-0.022992662,0.010611243,-0.011069956,-0.000175094,0.006490271,-0.003184110,-0.001987849,-0.010386444,-0.007383175
-0.022996864,-0.016945217,-0.013196571,-0.000223278,0.006162004,-0.003064408,-0.001971987,-0.010455736,-0.007385722
-0.023001065,-0.010439621,-0.014396950,-0.000264713,0.005837530,-0.002943948,-0.001955688,-0.010525068,-0.007388257
-0.023005265,0.015777296,-0.015320096,-0.000299997,0.005517206,-0.002822736,-0.001938968,-0.010594439,-0.007390780
-0.023009466,0.015407914,-0.014970330,0.000041750,0.005132115,-0.002700778,-0.001921842,-0.010663848,-0.007393293
-0.023013666,0.004529401,-0.014115510,0.000381237,0.004752255,-0.002578079,-0.001904325,-0.010733297,-0.007395794
-0.023017865,0.003125123,-0.012731896,0.000710654,0.004378352,-0.002454646,-0.001886432,-0.010802783,-0.007398284
-0.023022065,-0.018821553,-0.010795748,0.001022190,0.004011131,-0.002330485,-0.001868178,-0.010872307,-0.007400762
-0.023026264,-0.007543363,-0.007067224,0.001195884,0.003763464,-0.002205600,-0.001849578,-0.010941868,-0.007403230
-0.023030462,-0.006637445,-0.002942077,0.001337060,0.003522945,-0.002079999,-0.001830648,-0.011011466,-0.007405686
-0.023034661,0.009082959,0.001400039,0.001438890,0.003289313,-0.001953686,-0.001811402,-0.011081100,-0.007408130
-0.023038859,0.014804608,0.005779473,0.001494549,0.003062307,-0.001826668,-0.001791855,-0.011150770,-0.007410564
-0.023043057,0.006139654,0.009591179,0.001497210,0.002841670,-0.001698950,-0.001772022,-0.011220475,-0.007412986
-0.023047254,-0.012098185,0.013028545,0.001440047,0.002627140,-0.001570539,-0.001751919,-0.011290216,-0.007415397
-0.023051451,-0.013240504,0.014430275,0.001316232,0.002418458,-0.001441440,-0.001731560,-0.011359991,-0.007417797
-0.023055648,-0.003651737,0.015167907,0.001118941,0.002215364,-0.001311658,-0.001710961,-0.011429801,-0.007420185
-0.023059844,-0.003267022,0.015686369,0.000338665,0.002017599,-0.001181200,-0.001690136,-0.011499644,-0.007422563
-0.023064040,0.012978498,0.015400258,-0.000503772,0.001824902,-0.001050072,-0.001669101,-0.011569521,-0.007424929
-0.023068236,-0.008151738,0.012528273,-0.001390227,0.001637015,-0.000918279,-0.001647870,-0.011639431,-0.007427284
-0.023072432,-0.008724981,0.009119803,-0.002302557,0.001453677,-0.000785827,-0.001626460,-0.011709373,-0.007429627
-0.023076627,-0.003501014,0.004916768,-0.003222620,0.001274628,-0.000652723,-0.001604884,-0.011779348,-0.007431960
-0.023080822,0.006445938,0.000975532,-0.004132272,0.001099610,-0.000518971,-0.001583158,-0.011849354,-0.007434281
-0.023085016,0.009383675,-0.000989570,-0.005013370,0.000928361,-0.000384577,-0.001561297,-0.011919392,-0.007436591
-0.023089210,0.006637550,-0.002321753,-0.005847772,0.000760623,-0.000249548,-0.001539315,-0.011989461,-0.007438890
-0.023093404,-0.001733947,-0.003097370,-0.006617336,0.000596135,-0.000113890,-0.001517229,-0.012059560,-0.007441178
-0.023097597,-0.010672324,-0.003392774,-0.007303917,0.000434639,0.000022393,-0.001495053,-0.012129690,-0.007443454
-0.023101791,-0.011510093,-0.001976753,-0.007805938,0.000275873,0.000159294,-0.001472802,-0.012199849,-0.007445719
-0.023105983,0.007606235,-0.000641923,-0.008183992,0.000119579,0.000296807,-0.001450491,-0.012270037,-0.007447973
-0.023110176,0.002231395,0.000034419,-0.008415233,-0.000034503,0.000434926,-0.001428135,-0.012340255,-0.007450216
-0.023114368,-0.002960891,0.000355987,-0.008476820,-0.000186633,0.000573647,-0.001405750,-0.012410500,-0.007452448
-0.023118560,0.002345177,-0.001083945,-0.007467972,0.000025289,0.000475705,-0.001288635,-0.012510167,-0.007454668
-0.023122751,-0.004588399,-0.000443192,-0.006301504,0.000237899,0.000378439,-0.001171532,-0.012609861,-0.007456878
-0.023126942,0.002835762,0.000705420,-0.005001022,0.000450196,0.000281930,-0.001054468,-0.012709578,-0.007459076
-0.023131133,0.010154206,0.001857573,-0.003597808,0.000661175,0.000186258,-0.000937468,-0.012809318,-0.007461263
-0.023135323,0.008326731,0.002085699,-0.002123145,0.000869832,0.000091505,-0.000820560,-0.012909077,-0.007463439
-0.023139513,0.001528114,0.002247250,-0.000608314,0.001075165,-0.000002250,-0.000703771,-0.013008856,-0.007465604
-0.023143703,-0.005441691,0.002574501,0.000915402,0.001276171,-0.000094924,-0.000587126,-0.013108650,-0.007467758
-0.023147893,-0.012782731,0.003299729,0.002416721,0.001471845,-0.000186437,-0.000470653,-0.013208459,-0.007469900
-0.023152082,-0.006938958,0.005899115,0.003864361,0.001661186,-0.000276709,-0.000354378,-0.013308281,-0.007472031
-0.023156270,-0.001204944,0.008699459,0.005227039,0.001843188,-0.000365658,-0.000238328,-0.013408113,-0.007474152
-0.023160459,0.004880835,0.011271468,0.006473474,0.002016850,-0.000453203,-0.000122529,-0.013507953,-0.007476261
-0.023164647,-0.002627233,0.012592983,0.007572383,0.002181167,-0.000539265,-0.000007007,-0.013607800,-0.007478359
-0.023168834,0.003454487,0.011446443,0.007558638,0.002335137,-0.000623761,0.000108210,-0.013707652,-0.007480446
-0.023173022,-0.003822214,0.008827323,0.007413089,0.002450589,-0.000706610,0.000223095,-0.013807507,-0.007482521
-0.023177208,0.004217638,0.006041757,0.007125169,0.002556925,-0.000787733,0.000337624,-0.013907363,-0.007484586
-0.023181395,0.001798607,0.003846290,0.006711477,0.002656381,-0.000867049,0.000451768,-0.014007217,-0.007486640
-0.023185581,-0.005753867,0.001896593,0.006188611,0.002751191,-0.000944475,0.000565501,-0.014107069,-0.007488682
-0.023189767,0.006722780,0.000011210,0.005573172,0.002843590,-0.001019932,0.000678797,-0.014206915,-0.007490714
-0.023193953,-0.000951262,-0.001648938,0.004881759,0.002935814,-0.001093339,0.000791629,-0.014306754,-0.007492734
-0.023198138,-0.008766320,-0.003112415,0.004130969,0.003030097,-0.001164614,0.000903971,-0.014406585,-0.007494743
-0.023202323,0.002543291,-0.003663797,0.003337404,0.003128675,-0.001233677,0.001015795,-0.014506405,-0.007496741
-0.023206507,0.003540559,-0.003884962,0.002517662,0.003233782,-0.001300447,0.001127075,-0.014606211,-0.007498728
-0.023210691,0.009237802,-0.003807118,0.001688341,0.003347654,-0.001364843,0.001237786,-0.014706003,-0.007500704
-0.023214875,0.004173693,-0.002893203,0.000771416,0.003472526,-0.001426785,0.001347899,-0.014805779,-0.007502669
-0.023219059,-0.011007670,-0.001910413,-0.000112308,0.003610632,-0.001486191,0.001457389,-0.014905536,-0.007504623
-0.023223242,-0.011406947,-0.000786555,-0.000936652,0.003764209,-0.001542980,0.001566228,-0.015005272,-0.007506566
-0.023227424,-0.006709281,0.000135039,-0.001675437,0.003935490,-0.001597073,0.001674391,-0.015104986,-0.007508498
-0.023231607,0.013129070,0.000782159,-0.002302482,0.004126712,-0.001648387,0.001781851,-0.015204675,-0.007510418
-0.023235789,0.008526785,0.000145384,-0.002287647,0.004398416,-0.001696842,0.001888580,-0.015304338,-0.007512328
-0.023239970,0.003964792,-0.000679686,-0.002149910,0.004692999,-0.001742357,0.001994554,-0.015403972,-0.007514227
-0.023244152,-0.000701041,-0.001534662,-0.001904287,0.005011161,-0.001784851,0.002056376,-0.015460208,-0.007516114
-0.023248333,-0.010614846,-0.002261153,-0.001565795,0.005353606,-0.001824244,0.002117390,-0.015516413,-0.007517991
-0.023252513,-0.006634777,-0.002179639,-0.000956558,0.005721037,-0.001860454,0.002177569,-0.015572586,-0.007519856
-0.023256693,-0.002975065,-0.001850022,-0.000303204,0.006114155,-0.001893401,0.002236888,-0.015628725,-0.007521711
-0.023260873,0.000436038,-0.001311072,0.000360532,0.006533664,-0.001923003,0.002295321,-0.015684829,-0.007523555
-0.023265053,0.003670281,-0.000601561,0.001000914,0.006980265,-0.001949181,0.002352842,-0.015740898,-0.007525387
-0.023269232,-0.004245483,0.001284635,0.001584205,0.007454662,-0.001971852,0.002409426,-0.015796931,-0.007527209
-0.023273411,-0.006061720,0.002130960,0.002076670,0.007957558,-0.001990937,0.002465047,-0.015852925,-0.007529019
-0.023277589,0.002451909,0.002740049,0.002444573,0.008489653,-0.002006354,0.002519680,-0.015908881,-0.007530819
-0.023281767,0.011365504,0.003074783,0.002654178,0.009051652,-0.002018023,0.002573298,-0.015964797,-0.007532607
-0.023285945,0.006820743,0.002254165,0.002444045,0.009644256,-0.002025862,0.002625876,-0.016020672,-0.007534385
-0.023290122,0.007549201,0.001280723,0.002079311,0.010268169,-0.002029790,0.002677388,-0.016076505,-0.007536151
-0.023294299,-0.001645968,0.000313109,0.001597409,0.010924092,-0.002029728,0.002727808,-0.016132296,-0.007537907
-0.023298475,-0.005961606,-0.000490024,0.001035774,0.011612729,-0.002025594,0.002777112,-0.016188042,-0.007539651
-0.023302651,-0.005594559,-0.000970023,0.000431837,0.012334781,-0.002017307,0.002825272,-0.016243743,-0.007541385
-0.023306827,-0.010741671,-0.000637005,-0.000967479,0.013550230,-0.002004786,0.002872264,-0.016299398,-0.007543108
-0.023311003,0.007242579,0.001460911,-0.002290337,0.014789785,-0.001871301,0.002801413,-0.016355005,-0.007544819
-0.023315178,-0.003810745,0.002421292,-0.003073449,0.015661467,-0.001733454,0.002729374,-0.016410565,-0.007546520
-0.023319352,0.003484559,-0.001286214,-0.002547255,0.016539810,-0.001591193,0.002656152,-0.016466075,-0.007548210
-0.023323527,-0.003550183,-0.005903665,-0.001783648,0.017417385,-0.001444471,0.002581754,-0.016521534,-0.007549889
-0.023327701,0.002881686,-0.009221234,-0.000781739,0.018286759,-0.001293238,0.002506187,-0.016576942,-0.007551556
-0.023331874,-0.004717524,-0.008690123,0.000414739,0.019140505,-0.001137444,0.002429455,-0.016632298,-0.007553213
-0.023336047,0.004354780,-0.005025169,0.001825404,0.019971190,-0.000977042,0.002351566,-0.016687600,-0.007554859
-0.023340220,0.007234243,-0.000329640,0.003425253,0.020771386,-0.000811982,0.002272525,-0.016742847,-0.007556495
-0.023344392,0.004384222,0.004965484,0.005189282,0.021533660,-0.000642214,0.002192338,-0.016798039,-0.007558119
-0.023348565,-0.003731927,0.010429224,0.007092490,0.022250585,-0.000467691,0.002111012,-0.016853174,-0.007559732
-0.023352736,0.008349154,0.015630600,0.009109872,0.022914728,-0.000288362,0.002028552,-0.016908251,-0.007561334
-0.023356907,0.006090821,0.020138632,0.011216425,0.023518660,-0.000104178,0.001944965,-0.016963270,-0.007562926
-0.023361078,0.004956432,0.023522340,0.013387147,0.024054950,0.000084909,0.001860257,-0.017018228,-0.007564506
-0.023365249,-0.003698821,0.024458910,0.015597033,0.024516168,0.000278949,0.001774433,-0.017073126,-0.007566076
-0.023369419,0.005007643,0.023098138,0.017821081,0.024894884,0.000477990,0.001687500,-0.017127961,-0.007567635
-0.023373589,-0.008516555,0.024064779,0.020034288,0.025183668,0.000682082,0.001599465,-0.017182733,-0.007569182
-0.023377758,0.005108835,0.028010961,0.022211650,0.025375089,0.000891273,0.001510332,-0.017237441,-0.007570719
-0.023381927,0.007803014,0.033049861,0.024328165,0.025461717,0.001105614,0.001420108,-0.017292084,-0.007572245
-0.023386096,0.010263183,0.038516655,0.026358828,0.025436122,0.001325152,0.001328800,-0.017346661,-0.007573761
-0.023390264,0.013186541,0.043746519,0.028278638,0.025144431,0.001696380,0.001236413,-0.017401170,-0.007575265
-0.023394432,0.009152334,0.046192587,0.030062590,0.024726096,0.002072464,0.001142953,-0.017455611,-0.007576758
-0.023398599,0.001267984,0.047779813,0.031685682,0.024174126,0.002453014,0.001048427,-0.017509983,-0.007578241
-0.023402766,-0.005477042,0.048551108,0.033122910,0.023481529,0.002837640,0.000952840,-0.017564284,-0.007579713
-0.023406933,0.006496168,0.047883291,0.033567618,0.021499613,0.003225952,0.000856199,-0.017618514,-0.007581173
-0.023411099,0.009104931,0.046914077,0.033812304,0.019381233,0.003617559,0.000758510,-0.017672670,-0.007582623
-0.023415265,0.007064198,0.045906900,0.033867814,0.017137542,0.004012071,0.000659779,-0.017726754,-0.007584062
-0.023419431,-0.009859030,0.045073145,0.033744993,0.014779690,0.004409097,0.000560011,-0.017780762,-0.007585491
-0.023423596,-0.016897755,0.044624197,0.033454686,0.012318832,0.004808247,0.000459214,-0.017834695,-0.007586908
-0.023427760,-0.004233252,0.044719720,0.033007738,0.009766120,0.005209130,0.000357392,-0.017888551,-0.007588315
-0.023431925,0.008160089,0.045312486,0.032414995,0.007132705,0.005611357,0.000254553,-0.017942329,-0.007589711
-0.023436089,0.025359606,0.046303546,0.031687302,0.004429742,0.006014537,0.000150702,-0.017996028,-0.007591096
-0.023440252,0.007812288,0.047224294,0.030835503,0.001668381,0.006418279,0.000045845,-0.018049647,-0.007592470
-0.023444415,-0.004699099,0.048270351,0.029870445,-0.001140224,0.006822193,-0.000060011,-0.018103185,-0.007593833
-0.023448578,-0.032022138,0.049267684,0.028802973,-0.003984920,0.007225889,-0.000166860,-0.018156640,-0.007595186
-0.023452741,-0.009227381,0.050265231,0.027643931,-0.006854557,0.007628977,-0.000274697,-0.018210013,-0.007596527
-0.023456902,-0.001027268,0.050953817,0.026404165,-0.009737979,0.008031065,-0.000383516,-0.018263301,-0.007597858
-0.023461064,0.027642790,0.051247241,0.025094520,-0.012624037,0.008431764,-0.000493309,-0.018316504,-0.007599178
-0.023465225,0.036847379,0.051059300,0.023725842,-0.015501576,0.008830683,-0.000604072,-0.018369621,-0.007600488
-0.023469386,0.038754411,0.048200468,0.022308975,-0.018359444,0.009227432,-0.000715798,-0.018422650,-0.007601786
-0.023473546,0.031087947,0.044925070,0.020854765,-0.021186489,0.009621621,-0.000828480,-0.018475591,-0.007603074
-0.023477706,0.023675370,0.041384109,0.019374057,-0.023971559,0.010012859,-0.000942114,-0.018528442,-0.007604351
-0.023481866,0.021344064,0.037728585,0.017877696,-0.026703500,0.010400755,-0.001056692,-0.018581203,-0.007605617
-0.023486025,0.023921412,0.034109501,0.016376528,-0.029371161,0.010784920,-0.001172209,-0.018633872,-0.007606872
-0.023490184,0.026234799,0.030677859,0.014881397,-0.031963388,0.011164963,-0.001288659,-0.018686448,-0.007608117
-0.023494342,0.003111607,0.027584661,0.013403149,-0.034469030,0.011540493,-0.001406035,-0.018738931,-0.007609351
-0.023498500,-0.010620779,0.024980907,0.011952630,-0.036876933,0.011911121,-0.001524331,-0.018791319,-0.007610574
-0.023502658,-0.000792454,0.023675079,0.010540684,-0.039175946,0.012276456,-0.001643542,-0.018843610,-0.007611786
-0.023506815,0.003243718,0.022998426,0.009178157,-0.041354915,0.012636107,-0.001763662,-0.018895805,-0.007612988
-0.023510972,0.003830760,0.025586310,0.007875893,-0.043402689,0.012989684,-0.001884683,-0.018947902,-0.007614179
-0.023515128,-0.001024844,0.028410632,0.006644738,-0.045308114,0.013336797,-0.002006600,-0.018999900,-0.007615359
-0.023519284,-0.000963243,0.031089929,0.005495538,-0.047060039,0.013677055,-0.002129408,-0.019051798,-0.007616528
-0.023523439,-0.000624589,0.033242735,0.004439137,-0.048647310,0.014010069,-0.002253099,-0.019103594,-0.007617687
-0.023527594,-0.009649031,0.034487588,0.003486381,-0.050058776,0.014335446,-0.002377668,-0.019155289,-0.007618835
-0.023531749,0.013892867,0.032873434,0.002648115,-0.051283283,0.014652799,-0.002503109,-0.019206880,-0.007619972
-0.023535903,0.004120676,0.029259091,0.001935185,-0.052309680,0.014961735,-0.002629416,-0.019258366,-0.007621099
-0.023540057,0.009799258,0.024858080,0.001358434,-0.053126813,0.015261864,-0.002756582,-0.019309748,-0.007622214
-0.023544211,-0.009537598,0.020114999,0.000928709,-0.053723530,0.015552797,-0.002884601,-0.019361023,-0.007623320
-0.023548364,-0.024356104,0.015474443,0.000656855,-0.054088680,0.015834142,-0.003013468,-0.019412190,-0.007624414
-0.023552516,-0.007243997,0.013502538,0.000553718,-0.054211108,0.016105510,-0.003143176,-0.019463249,-0.007625498
-0.023556669,-0.001025125,0.012001517,0.000343677,-0.053817455,0.016390766,-0.003273720,-0.019514198,-0.007626571
-0.023560820,0.014355135,0.010895138,0.000340561,-0.053175267,0.016665237,-0.003405093,-0.019565036,-0.007627633
-0.023564972,0.018951411,0.011813517,-0.004116453,-0.049308053,0.016928508,-0.003537288,-0.019615763,-0.007628684
-0.023569123,-0.001906547,0.012668405,-0.008067160,-0.045417111,0.017180162,-0.003670301,-0.019666377,-0.007629725
-0.023573273,-0.017538479,0.012727399,-0.011625777,-0.041335674,0.017419783,-0.003804124,-0.019716877,-0.007630756
-0.023577423,-0.004727336,0.002015241,-0.008015507,-0.037081916,0.017646955,-0.003938753,-0.019767262,-0.007631775
-0.023581573,0.010040570,-0.011218730,-0.003980795,-0.032674015,0.017861261,-0.004074180,-0.019817531,-0.007632784
-0.023585722,0.017540591,-0.027692904,0.000439982,-0.028130146,0.018062286,-0.004210399,-0.019867683,-0.007633782
-0.023589871,0.030635970,-0.050213561,0.005208447,-0.023468485,0.018228777,-0.004326568,-0.019917717,-0.007634770
-0.023594020,0.030755806,-0.075152838,0.010286224,-0.018707206,0.018381147,-0.004443512,-0.019967632,-0.007635747
-0.023598168,0.026417087,-0.100970763,0.015634935,-0.013864486,0.018518976,-0.004561219,-0.020017427,-0.007636713
-0.023602315,0.031136804,-0.126127365,0.021216205,-0.008958502,0.018641841,-0.004679677,-0.020067100,-0.007637669
-0.023606463,0.028431946,-0.149082671,0.026991655,-0.004007427,0.018749321,-0.004798874,-0.020116651,-0.007638614
-0.023610609,0.001819503,-0.168296711,0.032922910,0.000970562,0.018840993,-0.004918799,-0.020166079,-0.007639548
-0.023614756,0.012977795,-0.185390840,0.038971593,0.005957289,0.018916435,-0.005039439,-0.020215382,-0.007640472
-0.023618902,-0.052249057,-0.168568922,0.047516026,0.010934579,0.018975225,-0.005160783,-0.020264560,-0.007641385
-0.023623047,-0.138911007,-0.145267299,0.056061095,0.015884255,0.019016942,-0.005282819,-0.020313611,-0.007642287
-0.023627192,-0.186162522,-0.116234506,0.064528384,0.020788143,0.019041164,-0.005405534,-0.020362535,-0.007643179
-0.023631337,-0.188749897,-0.076627247,0.072839477,0.025628066,0.019047468,-0.005528918,-0.020411330,-0.007644060
-0.023635481,-0.139828405,-0.033193249,0.080915960,0.030385850,0.019035432,-0.005652959,-0.020459995,-0.007644931
-0.023639625,-0.083145149,0.012911592,0.088679415,0.035043317,0.019004635,-0.005777644,-0.020508529,-0.007645791
-0.023643768,-0.027447231,0.060531378,0.096051429,0.039582293,0.018954654,-0.005902962,-0.020556932,-0.007646640
-0.023647911,0.083518247,0.108510212,0.102953586,0.043984601,0.018885069,-0.006028900,-0.020605201,-0.007647479
-0.023652054,0.266004182,0.155692195,0.109307469,0.048232067,0.018795455,-0.006155448,-0.020653337,-0.007648307
-0.023656196,0.476263472,0.200921431,0.115034664,0.052306514,0.018685393,-0.006282593,-0.020701338,-0.007649125
-0.023660337,0.655549014,0.243042023,0.120056755,0.056189767,0.018554459,-0.006410324,-0.020749202,-0.007649932
-0.023664479,0.740113707,0.280898072,0.124295327,0.059863649,0.018402232,-0.006538628,-0.020796930,-0.007650729
-0.023668619,0.741210448,0.313333681,0.127671964,0.063309986,0.018228290,-0.006667494,-0.020844519,-0.007651514
-0.023672760,0.661320227,0.305580629,0.121425614,0.063387747,0.017221935,-0.006796910,-0.020891969,-0.007652290
-0.023676900,0.453353227,0.292015427,0.114325602,0.063229974,0.016194089,-0.006926865,-0.020939279,-0.007653055
-0.023681039,0.146447725,0.273402266,0.106458616,0.062846858,0.015145397,-0.007057345,-0.020986447,-0.007653809
-0.023685178,-0.115258005,0.250505333,0.097911344,0.062248588,0.014076506,-0.007188340,-0.021033473,-0.007654552
-0.023689317,-0.292625686,0.224088817,0.088770474,0.061445351,0.012988062,-0.007319838,-0.021080356,-0.007655286
-0.023693455,-0.391517042,0.194916906,0.079122694,0.060447336,0.011880710,-0.007451826,-0.021127093,-0.007656008
-0.023697592,-0.422793799,0.163753790,0.069054693,0.059264734,0.010755096,-0.007584294,-0.021173686,-0.007656720
-0.023701730,-0.427317679,0.131363656,0.058653159,0.057907732,0.009611867,-0.007717229,-0.021220132,-0.007657422
-0.023705867,-0.368199468,0.100759752,0.048004779,0.056386519,0.008451668,-0.007850619,-0.021266429,-0.007658113
-0.023710003,-0.289004524,0.070409902,0.037196242,0.054711284,0.007275145,-0.007984452,-0.021312579,-0.007658793
-0.023714139,-0.210547262,0.041030986,0.026314235,0.052892216,0.006082944,-0.008118718,-0.021358578,-0.007659463
-0.023718274,-0.153642101,0.013339886,0.015445448,0.050939504,0.004875711,-0.008253403,-0.021404427,-0.007660122
-0.023722409,-0.114103458,-0.011946517,0.004676568,0.048863337,0.003654092,-0.008388496,-0.021450123,-0.007660771
-0.023726544,-0.062745751,-0.034111340,-0.005905716,0.046673903,0.002418733,-0.008523986,-0.021495667,-0.007661409
-0.023730678,-0.015383397,-0.052437703,-0.016214718,0.044381391,0.001170279,-0.008659859,-0.021541056,-0.007662037
-0.023734812,0.022169187,-0.066208723,-0.026163747,0.041995990,-0.000090623,-0.008796106,-0.021586291,-0.007662655
-0.023738945,0.024763763,-0.055373698,-0.035666117,0.039527890,-0.001363327,-0.008932713,-0.021631369,-0.007663261
-0.023743078,0.018323061,-0.040316008,-0.045272026,0.036987278,-0.002647188,-0.009069669,-0.021676290,-0.007663858
-0.023747211,0.009435991,-0.023390522,-0.054226362,0.034384344,-0.003941559,-0.009206962,-0.021721053,-0.007664444
-0.023751342,-0.000308538,-0.006315224,-0.062410899,0.031729276,-0.005245795,-0.009344581,-0.021765656,-0.007665019
-0.023755474,0.004472636,0.005397653,-0.069707411,0.029032263,-0.006559249,-0.009482513,-0.021810099,-0.007665584
-0.023759605,-0.004227925,0.007949969,-0.069321170,0.026303495,-0.007881277,-0.009620746,-0.021854381,-0.007666138
-0.023763736,-0.001536681,0.008223254,-0.068018092,0.023553160,-0.009211231,-0.009759270,-0.021898500,-0.007666682
-0.023767866,-0.008022695,0.006865137,-0.065887592,0.020791446,-0.010548466,-0.009898071,-0.021942455,-0.007667216
-0.023771995,-0.014255029,0.004523247,-0.063019084,0.018028543,-0.011892337,-0.010037138,-0.021986246,-0.007667739
-0.023776125,-0.012248667,0.003291133,-0.059501981,0.015274639,-0.013242196,-0.010176460,-0.022029871,-0.007668251
-0.023780253,0.009197729,0.002046026,-0.055425698,0.012539924,-0.014597398,-0.010316024,-0.022073329,-0.007668754
-0.023784382,0.009839576,0.001111072,-0.051089669,0.010044606,-0.015957298,-0.010455819,-0.022116620,-0.007669245
-0.023788510,0.008902639,0.001194262,-0.046226158,0.007586538,-0.017321249,-0.010595832,-0.022159741,-0.007669726
-0.023792637,-0.007863070,0.001797260,-0.041095373,0.005173591,-0.018688605,-0.010736053,-0.022202693,-0.007670197
-0.023796764,-0.010868205,0.003437583,-0.035812707,0.002813637,-0.020058721,-0.010876469,-0.022245474,-0.007670658
-0.023800891,-0.008922476,0.005031805,-0.030493556,0.000514548,-0.021430950,-0.011017068,-0.022288083,-0.007671107
-0.023805017,0.003533397,0.006127509,-0.025253313,-0.001715804,-0.022804647,-0.011157838,-0.022330518,-0.007671547
-0.023809142,-0.002723753,0.006054728,-0.020207374,-0.003869546,-0.024179166,-0.011298769,-0.022372780,-0.007671976
-0.023813267,-0.000534333,0.002672799,-0.015383203,-0.005938806,-0.025553860,-0.011439847,-0.022414866,-0.007672395
-0.023817392,0.007403962,-0.001240688,-0.010869221,-0.007915713,-0.026928084,-0.011581061,-0.022456776,-0.007672803
-0.023821516,-0.009194109,-0.005408533,-0.006665923,-0.009792395,-0.028301193,-0.011722399,-0.022498509,-0.007673201
-0.023825640,-0.007616890,-0.007550429,-0.002773799,-0.011560979,-0.029672539,-0.011863850,-0.022540063,-0.007673588
-0.023829763,0.008336146,-0.008874942,0.000806657,-0.013213594,-0.031041477,-0.012005401,-0.022581438,-0.007673965
-0.023833886,0.003189705,-0.008876966,0.004037104,-0.014742367,-0.032407361,-0.012147041,-0.022622633,-0.007674332
-0.023838009,0.002747679,-0.008420390,0.005262069,-0.014432489,-0.033769546,-0.012288758,-0.022663645,-0.007674688
-0.023842130,-0.007759098,-0.007758193,0.006216148,-0.013997070,-0.035127385,-0.012430540,-0.022704476,-0.007675034
-0.023846252,-0.008337285,-0.006905860,0.006926997,-0.013442279,-0.036480232,-0.012572376,-0.022745122,-0.007675370
-0.023850373,0.001127915,-0.006000334,0.007422275,-0.012774288,-0.037827441,-0.012714252,-0.022785584,-0.007675695
-0.023854493,0.005513807,-0.004941066,0.007729639,-0.011999269,-0.039168367,-0.012856158,-0.022825860,-0.007676010
-0.023858613,0.009697695,-0.003627505,0.007876748,-0.011123393,-0.040502364,-0.012998082,-0.022865949,-0.007676314
-0.023862733,0.003450317,-0.001852534,0.007891260,-0.010152831,-0.041828785,-0.013140012,-0.022905851,-0.007676608
-0.023866852,0.001919717,0.000213656,0.007800832,-0.009093754,-0.043146986,-0.013281936,-0.022945563,-0.007676892
-0.023870971,-0.009852627,0.002507444,0.007633122,-0.007952334,-0.044456318,-0.013423843,-0.022985085,-0.007677165
-0.023875089,0.007298808,0.005841159,0.007415789,-0.006734743,-0.045756138,-0.013565719,-0.023024417,-0.007677428
-0.023879207,-0.003734595,0.007301275,0.007176489,-0.005447150,-0.047045799,-0.013707555,-0.023063556,-0.007677680
-0.023883324,0.003460410,0.005360948,0.007034333,-0.004095729,-0.048324655,-0.013849337,-0.023102502,-0.007677923
-0.023887441,-0.000028616,0.004022868,0.006904581,-0.002686649,-0.049592060,-0.013991054,-0.023141253,-0.007678155
-0.023891557,-0.008648073,0.002732236,0.006793946,-0.001294826,-0.050778624,-0.014132694,-0.023179810,-0.007678376
-0.023895673,-0.007952091,0.002041982,0.006709141,0.000142463,-0.051952597,-0.014274246,-0.023218170,-0.007678588
-0.023899788,0.002462420,0.001547815,0.007032359,0.000402301,-0.052272067,-0.014415697,-0.023256332,-0.007678789
-0.023903903,0.002791426,0.001052570,0.007392268,0.000698835,-0.052578662,-0.014557035,-0.023294296,-0.007678979
-0.023908017,0.018230895,0.000359080,0.007793014,0.001029314,-0.052872593,-0.014698250,-0.023332061,-0.007679160
-0.023912131,0.009955738,-0.001708770,0.008238747,0.001390989,-0.053154069,-0.014839328,-0.023369625,-0.007679330
-0.023916245,0.006806661,-0.003992880,0.008733615,0.001781109,-0.053423302,-0.014980259,-0.023406987,-0.007679489
-0.023920358,-0.016396688,-0.006314103,0.009281766,0.002196922,-0.053680502,-0.015121030,-0.023444147,-0.007679639
-0.023924470,-0.006108932,-0.007219013,0.009887349,0.002587341,-0.053877541,-0.015261630,-0.023481103,-0.007679778
-0.023928582,-0.006167515,-0.008171786,0.010854928,0.002997818,-0.054062835,-0.015402046,-0.023517854,-0.007679907
-0.023932694,0.008315848,-0.008743382,0.011870132,0.003425471,-0.054236461,-0.015542267,-0.023554399,-0.007680025
-0.023936805,0.006025503,-0.007601250,0.012919006,0.003867415,-0.054398496,-0.015682282,-0.023590737,-0.007680134
-0.023940915,-0.006669932,-0.006097100,0.013987596,0.004320766,-0.054549016,-0.015822077,-0.023626867,-0.007680232
-0.023945025,-0.009485961,-0.004498529,0.015061948,0.004782638,-0.054688099,-0.015961642,-0.023662788,-0.007680319
-0.023949135,-0.007408817,-0.002802399,0.016128106,0.005250149,-0.054815821,-0.016100964,-0.023698499,-0.007680397
-0.023953244,-0.005304916,-0.001125392,0.017172116,0.005720414,-0.054932260,-0.016240032,-0.023733999,-0.007680464
-0.023957353,0.006959324,0.000415814,0.018180023,0.006190548,-0.055037492,-0.016378834,-0.023769287,-0.007680521
-0.023961461,0.004624531,0.001597493,0.019137874,0.006657667,-0.055131594,-0.016517358,-0.023804361,-0.007680568
-0.023965568,-0.007390500,0.002517752,0.020031712,0.007118888,-0.055214643,-0.016655593,-0.023839221,-0.007680604
-0.023969676,-0.008292054,0.002399781,0.020847585,0.007571325,-0.055286717,-0.016793525,-0.023873866,-0.007680630
-0.023973782,-0.003902436,0.002082787,0.021571536,0.008012094,-0.055347891,-0.016931145,-0.023908294,-0.007680646
-0.023977889,0.010723922,0.001638103,0.022189613,0.008438312,-0.055398243,-0.017068439,-0.023942505,-0.007680652
-0.023981994,0.011028400,0.000804828,0.022524285,0.008847094,-0.055437850,-0.017205396,-0.023976497,-0.007680647
-0.023986099,0.001435621,0.000027080,0.022709761,0.009235555,-0.055466789,-0.017342004,-0.024010269,-0.007680633
-0.023990204,0.001866019,-0.000583259,0.022716672,0.009600812,-0.055485136,-0.017478252,-0.024043821,-0.007680608
-0.023994308,-0.007759973,-0.000914309,0.022196172,0.010259461,-0.055492969,-0.017614127,-0.024077151,-0.007680573
-0.023998412,-0.012521921,-0.000854187,0.021434446,0.010893063,-0.055490365,-0.017749617,-0.024110258,-0.007680527
-0.024002515,0.012374598,0.001065172,0.019168029,0.011502662,-0.055477399,-0.017884711,-0.024143141,-0.007680472
-0.024006618,0.012157460,0.003387143,0.016624693,0.012089298,-0.055454150,-0.018019398,-0.024175800,-0.007680406
-0.024010721,0.012203671,0.006410613,0.013127565,0.012654015,-0.055420694,-0.018153664,-0.024208232,-0.007680330
-0.024014822,0.012490814,0.009449770,0.009383896,0.013197854,-0.055377109,-0.018287499,-0.024240438,-0.007680244
-0.024018924,-0.011728387,0.012218134,0.005426464,0.013721857,-0.055323470,-0.018420891,-0.024272415,-0.007680147
-0.024023024,0.006220250,0.013007765,0.001288049,0.014227068,-0.055259855,-0.018553827,-0.024304163,-0.007680041
-0.024027125,0.014946727,0.013174904,-0.002998571,0.014714528,-0.055186341,-0.018686295,-0.024335681,-0.007679924
-0.024031224,0.015851746,0.011285091,-0.007400615,0.015185280,-0.055103005,-0.018818285,-0.024366968,-0.007679797
-0.024035324,0.007312991,0.008926884,-0.011885305,0.015640365,-0.055009924,-0.018949784,-0.024398022,-0.007679660
-0.024039423,-0.000922608,0.006319597,-0.016419862,0.016080827,-0.054907174,-0.019080781,-0.024428843,-0.007679512
-0.024043521,-0.014108122,0.003682543,-0.020971506,0.016507707,-0.054794833,-0.019211263,-0.024459429,-0.007679355
-0.024047619,-0.002876816,0.001615230,-0.025507458,0.016922048,-0.054672977,-0.019341218,-0.024489780,-0.007679187
-0.024051716,0.012938703,-0.000083494,-0.029994939,0.017324892,-0.054541683,-0.019470636,-0.024519895,-0.007679010
-0.024055813,0.012557972,-0.000666922,-0.034401170,0.017717281,-0.054401029,-0.019599504,-0.024549772,-0.007678822
-0.024059909,0.011679890,-0.000867711,-0.038693371,0.018100257,-0.054251091,-0.019727809,-0.024579410,-0.007678624
-0.024064005,0.010435691,-0.000850853,-0.042838764,0.018474863,-0.054091946,-0.019855542,-0.024608808,-0.007678415
-0.024068100,-0.006043387,-0.000781341,-0.046804568,0.018842142,-0.054069548,-0.019836812,-0.024637966,-0.007678197
-0.024072195,-0.012626109,-0.000824171,-0.050558006,0.019203134,-0.054038082,-0.019817499,-0.024666882,-0.007677969
-0.024076289,0.010293748,-0.000619321,-0.054066297,0.019558884,-0.053997611,-0.019797606,-0.024695555,-0.007677730
-0.024080383,-0.000384153,-0.002100212,-0.057296663,0.019910432,-0.053948198,-0.019777136,-0.024723984,-0.007677481
-0.024084476,-0.005175471,-0.004784942,-0.060216324,0.020258821,-0.053889904,-0.019756090,-0.024752168,-0.007677223
-0.024088569,0.006747836,-0.009535312,-0.062792502,0.020605094,-0.053822793,-0.019734472,-0.024780105,-0.007676954
-0.024092661,-0.011233336,-0.009765974,-0.064992416,0.020950292,-0.053746926,-0.019712285,-0.024807796,-0.007676675
-0.024096753,-0.001811771,-0.004393792,-0.065868860,0.021956920,-0.053662367,-0.019689531,-0.024835239,-0.007676385
-0.024100844,0.006443864,0.001737516,-0.066347612,0.022963207,-0.053569178,-0.019666212,-0.024862432,-0.007676086
-0.024104935,-0.002615516,0.004788758,-0.066440024,0.023968844,-0.053467421,-0.019642331,-0.024889375,-0.007675777
-0.024109025,0.004492553,-0.001072252,-0.063796000,0.024973520,-0.053357158,-0.019617891,-0.024916067,-0.007675457
-0.024113115,-0.009144348,-0.006526526,-0.060821735,0.025976928,-0.053238453,-0.019592895,-0.024942506,-0.007675128
-0.024117204,-0.011768682,-0.008980347,-0.056868111,0.026978758,-0.053111367,-0.019567344,-0.024968692,-0.007674788
-0.024121293,-0.005957846,-0.010138736,-0.052652336,0.027978700,-0.052975963,-0.019541243,-0.024994623,-0.007674438
-0.024125381,-0.001353909,-0.010335908,-0.048197753,0.028976446,-0.052832304,-0.019514592,-0.025020298,-0.007674079
-0.024129469,0.012401058,-0.009906079,-0.043527701,0.029971686,-0.052680451,-0.019487396,-0.025045717,-0.007673709
-0.024133556,0.004778668,-0.008297147,-0.038665522,0.030964111,-0.052520469,-0.019459656,-0.025070878,-0.007673329
-0.024137643,-0.013102435,-0.006604043,-0.033634557,0.031953412,-0.052352418,-0.019431375,-0.025095781,-0.007672939
-0.024141729,-0.017193287,-0.003852014,-0.028458148,0.032939280,-0.052176361,-0.019452712,-0.025078379,-0.007664428
-0.024145814,-0.001303394,-0.001207842,-0.023159635,0.033921405,-0.051992361,-0.019473511,-0.025060717,-0.007655908
-0.024149899,-0.000425626,0.001345058,-0.017762360,0.034899478,-0.051800481,-0.019493774,-0.025042797,-0.007647377
-0.024153984,-0.004552853,0.003823271,-0.012289663,0.035873190,-0.051600782,-0.019513502,-0.025024619,-0.007638836
-0.024158068,0.001322053,0.006243383,-0.006764886,0.036842231,-0.051393327,-0.019532696,-0.025006182,-0.007630286
-0.024162151,-0.007793777,0.008621977,-0.001211369,0.037806294,-0.051178180,-0.019551358,-0.024987488,-0.007621725
-0.024166234,-0.006893215,0.010975640,0.004347545,0.038765067,-0.050955401,-0.019569487,-0.024968537,-0.007613155
-0.024170317,-0.005969130,0.013320955,0.009888516,0.039718243,-0.050725054,-0.019587086,-0.024949330,-0.007604574
-0.024174399,-0.005014395,0.015674508,0.015388204,0.040665511,-0.050487201,-0.019604155,-0.024929867,-0.007595984
-0.024178480,0.010978122,0.018052884,0.020823266,0.041606564,-0.050241905,-0.019620696,-0.024910148,-0.007587384
-0.024182561,0.007015549,0.020472667,0.026170361,0.042541090,-0.049989227,-0.019636709,-0.024890175,-0.007578773
-0.024186642,-0.006642742,0.022698201,0.031406150,0.043468782,-0.049729231,-0.019652196,-0.024869947,-0.007570153
-0.024190721,-0.009222544,0.023978993,0.036507289,0.044389330,-0.049461979,-0.019667157,-0.024849465,-0.007561523
-0.024194801,-0.006529723,0.025144622,0.041450439,0.045302425,-0.049187534,-0.019681594,-0.024828729,-0.007552884
-0.024198880,-0.003421970,0.026076496,0.046212258,0.046207757,-0.048905957,-0.019695508,-0.024807741,-0.007544234
-0.024202958,-0.004756979,0.026656022,0.050769406,0.047105017,-0.048617312,-0.019708899,-0.024786500,-0.007535575
-0.024207036,0.009607557,0.026764606,0.055098540,0.047993897,-0.048321660,-0.019721770,-0.024765006,-0.007526906
-0.024211113,-0.008643844,0.024741446,0.059176320,0.048874087,-0.048019065,-0.019734120,-0.024743262,-0.007518227
-0.024215190,-0.004247592,0.020346665,0.062979405,0.049745277,-0.047709588,-0.019745951,-0.024721266,-0.007509538
-0.024219266,0.005850196,0.017322007,0.064712543,0.050607159,-0.047393293,-0.019757265,-0.024699020,-0.007500840
-0.024223341,0.011488636,0.014039455,0.066165007,0.051459423,-0.047070241,-0.019768061,-0.024676523,-0.007492132
-0.024227416,0.008312765,0.009836980,0.067354163,0.052301760,-0.046740495,-0.019778342,-0.024653777,-0.007483414
-0.024231491,0.010316307,0.005703868,0.068297372,0.053133861,-0.046404118,-0.019788108,-0.024630782,-0.007474687
-0.024235565,0.007298906,0.001823485,0.069011999,0.053955417,-0.046061172,-0.019797360,-0.024607538,-0.007465950
-0.024239639,-0.010939791,-0.001620804,0.069515407,0.054766118,-0.045711720,-0.019806100,-0.024584047,-0.007457203
-0.024243712,0.009866747,-0.003912523,0.069824960,0.055565656,-0.045355823,-0.019814328,-0.024560307,-0.007448447
-0.024247784,0.004767611,-0.003707621,0.068839752,0.056061857,-0.044993545,-0.019822046,-0.024536320,-0.007439681
-0.024251856,0.004367345,-0.003052133,0.067709339,0.056546722,-0.044624948,-0.019829254,-0.024512087,-0.007430906
-0.024255927,-0.001207366,-0.002104106,0.066465008,0.057020390,-0.044250094,-0.019835954,-0.024487607,-0.007422121
-0.024259998,-0.006829835,-0.001021587,0.065138047,0.057482997,-0.043869046,-0.019842147,-0.024462882,-0.007413326
-0.024264068,-0.007373379,0.000037380,0.063759743,0.057934680,-0.043481867,-0.019847834,-0.024437911,-0.007404522
-0.024268138,-0.007314045,0.000508524,0.062370341,0.058375577,-0.043088618,-0.019853015,-0.024412696,-0.007395709
-0.024272207,0.007961174,0.000784484,0.060964122,0.058805826,-0.042689362,-0.019857693,-0.024387236,-0.007386886
-0.024276276,0.008629065,0.000685161,0.059544323,0.059225564,-0.042284162,-0.019861867,-0.024361533,-0.007378053
-0.024280344,0.004461040,0.000435830,0.058114185,0.059634928,-0.041873080,-0.019865540,-0.024335586,-0.007369211
-0.024284412,-0.004604972,0.000095252,0.056676944,0.060034056,-0.041456179,-0.019868711,-0.024309397,-0.007360359
-0.024288479,-0.008631045,-0.000277811,0.055235840,0.060423085,-0.041033521,-0.019871383,-0.024282965,-0.007351499
-0.024292545,-0.002675423,-0.000628429,0.053794111,0.060802152,-0.040605168,-0.019873557,-0.024256291,-0.007342628
-0.024296611,-0.001781026,-0.000916992,0.052354996,0.061171396,-0.040171183,-0.019875232,-0.024229376,-0.007333749
-0.024300677,0.009013053,-0.001107720,0.050921734,0.061530953,-0.039731629,-0.019876411,-0.024202221,-0.007324860
-0.024304742,0.004497075,-0.000994185,0.049497562,0.061880961,-0.039286568,-0.019877094,-0.024174825,-0.007315961
-0.024308806,-0.005149866,-0.000758795,0.048085720,0.062221556,-0.038836062,-0.019877283,-0.024147189,-0.007307053
-0.024312870,-0.009919320,-0.000413309,0.046689445,0.062552878,-0.038380174,-0.019876979,-0.024119313,-0.007298136
-0.024316933,-0.004999711,0.000420269,0.045119092,0.062875063,-0.037918967,-0.019876182,-0.024091199,-0.007289210
-0.024320996,0.009883066,0.001280466,0.043561955,0.063188248,-0.037452502,-0.019874894,-0.024062846,-0.007280274
-0.024325058,0.004984304,0.001919654,0.042010295,0.063492571,-0.036980842,-0.019873116,-0.024034255,-0.007271330
-0.024329119,0.005200117,0.002440637,0.040465120,0.063788169,-0.036504051,-0.019870849,-0.024005427,-0.007262375
-0.024333180,-0.009395318,0.002770306,0.038925291,0.064075180,-0.036022189,-0.019868093,-0.023976362,-0.007253412
-0.024337241,-0.008209200,0.002316928,0.037389665,0.064353741,-0.035535320,-0.019864851,-0.023947061,-0.007244439
-0.024341301,0.003211484,0.001628556,0.035857102,0.064623990,-0.035043506,-0.019861123,-0.023917523,-0.007235458
-0.024345360,0.004838375,0.000734618,0.034326462,0.064886064,-0.034546810,-0.019856910,-0.023887750,-0.007226467
-0.024349419,0.011643113,-0.000335460,0.032796603,0.065140100,-0.034045294,-0.019852213,-0.023857742,-0.007217467
-0.024353477,0.014031761,-0.001986673,0.031266386,0.065386236,-0.033539020,-0.019847033,-0.023827500,-0.007208457
-0.024357535,0.011469502,-0.003683138,0.029734669,0.065624609,-0.033028051,-0.019841372,-0.023797023,-0.007199439
-0.024361592,-0.011144056,-0.005323394,0.028200311,0.065855357,-0.032512450,-0.019835230,-0.023766313,-0.007190411
-0.024365649,-0.004225386,-0.006489901,0.026662172,0.066078617,-0.031992278,-0.019828608,-0.023735370,-0.007181375
-0.024369705,-0.002490993,-0.007465086,0.025119111,0.066294526,-0.031467599,-0.019821509,-0.023704194,-0.007172329
-0.024373760,0.009026535,-0.008215296,0.023569988,0.066503222,-0.030938475,-0.019813931,-0.023672786,-0.007163275
-0.024377815,-0.000316415,-0.008095848,0.022013661,0.066704843,-0.030404968,-0.019805878,-0.023641147,-0.007154211
-0.024381870,-0.009857569,-0.007767950,0.020448990,0.066899525,-0.029867141,-0.019797349,-0.023609276,-0.007145138
-0.024385923,-0.009545684,-0.007281778,0.018874834,0.067087406,-0.029325056,-0.019788346,-0.023577175,-0.007136056
-0.024389977,-0.009544507,-0.006472517,0.017290052,0.067268624,-0.028778776,-0.019778870,-0.023544843,-0.007126965
-0.024394029,0.000372234,-0.005663380,0.015791514,0.067443316,-0.028228363,-0.019768922,-0.023512282,-0.007117866
-0.024398082,0.010215816,-0.004769435,0.014282933,0.067611620,-0.027673879,-0.019758503,-0.023479492,-0.007108757
-0.024402133,0.009785718,-0.003591956,0.012766035,0.067773672,-0.027115388,-0.019747613,-0.023446473,-0.007099640
-0.024406184,-0.000715782,-0.002335019,0.011242543,0.067929610,-0.026552951,-0.019736256,-0.023413226,-0.007090513
-0.024410235,-0.011298210,-0.000990898,0.009714182,0.068079572,-0.025986631,-0.019724430,-0.023379751,-0.007081378
-0.024414284,0.002831653,0.000645392,0.008182676,0.068223695,-0.025416491,-0.019712137,-0.023346049,-0.007072233
-0.024418334,0.006927984,0.002317877,0.006649750,0.068362116,-0.024842592,-0.019699379,-0.023312120,-0.007063080
-0.024422383,0.011047701,0.003967842,0.005117127,0.068494974,-0.024264998,-0.019686157,-0.023277965,-0.007053918
-0.024426431,0.005455252,0.005329037,0.003586532,0.068622404,-0.023683771,-0.019672471,-0.023243584,-0.007044747
-0.024430478,-0.005004777,0.006555083,0.002059690,0.068744546,-0.023098973,-0.019658322,-0.023208978,-0.007035568
-0.024434525,-0.010280273,0.007592067,0.000538324,0.068861535,-0.022510667,-0.019643712,-0.023174147,-0.007026379
-0.024438572,-0.009620917,0.007731234,-0.001019202,0.068973510,-0.021918915,-0.019628642,-0.023139092,-0.007017182
-0.024442618,0.001266417,0.007632181,-0.002565685,0.069080608,-0.021323780,-0.019613112,-0.023103813,-0.007007976
-0.024446663,0.007373058,0.007299662,-0.004097281,0.069182967,-0.020725324,-0.019597124,-0.023068311,-0.006998762
-0.024450708,0.013690336,0.006738431,-0.005610147,0.069280723,-0.020123610,-0.019580679,-0.023032586,-0.006989538
-0.024454752,-0.014477573,0.005640395,-0.007100441,0.069374014,-0.019518700,-0.019563778,-0.022996638,-0.006980306
-0.024458796,-0.007246451,0.004117422,-0.008564318,0.069462979,-0.018910656,-0.019546422,-0.022960468,-0.006971065
-0.024462839,0.005109628,0.002439666,-0.009997938,0.069547753,-0.018299542,-0.019528613,-0.022924078,-0.006961816
-0.024466881,0.017520240,0.000673637,-0.011397456,0.069628474,-0.017685419,-0.019510350,-0.022887466,-0.006952558
-0.024470923,0.010010228,-0.001209424,-0.012759029,0.069705281,-0.017068350,-0.019491635,-0.022850634,-0.006943291
-0.024474964,0.007360518,-0.002994361,-0.014078815,0.069778309,-0.016448397,-0.019472470,-0.022813582,-0.006934016
-0.024479005,-0.000552691,-0.004561288,-0.015352971,0.069847698,-0.015825623,-0.019452855,-0.022776310,-0.006924732
-0.024483045,-0.018853202,-0.005790319,-0.016577654,0.069913584,-0.015200091,-0.019432792,-0.022738820,-0.006915439
-0.024487085,-0.008973505,-0.005562476,-0.017439423,0.069976104,-0.014571862,-0.019412281,-0.022701111,-0.006906138
-0.024491124,0.015454876,-0.004931747,-0.018252842,0.070035396,-0.013941000,-0.019391324,-0.022663184,-0.006896829
-0.024495162,0.014097827,-0.003559124,-0.019022879,0.070091597,-0.013307567,-0.019369921,-0.022625039,-0.006887510
-0.024499200,0.007545628,-0.002029992,-0.019340207,0.069730554,-0.012671624,-0.019348074,-0.022586678,-0.006878184
-0.024503238,0.000994656,-0.000535837,-0.019624615,0.069367224,-0.012033236,-0.019325784,-0.022548100,-0.006868849
-0.024507274,-0.010358713,0.000731859,-0.019881598,0.069002273,-0.011392463,-0.019303051,-0.022509306,-0.006859505
-0.024511310,-0.005974142,0.001237652,-0.020116651,0.068636369,-0.010749370,-0.019279877,-0.022470296,-0.006850153
-0.024515346,0.008814548,0.001320257,-0.020335269,0.068270177,-0.010104017,-0.019256264,-0.022431071,-0.006840792
-0.024519381,0.009212225,0.000368906,-0.020132159,0.067904365,-0.009456468,-0.019232211,-0.022391632,-0.006831423
-0.024523415,0.004702685,-0.000689337,-0.019918778,0.067539598,-0.008806785,-0.019207720,-0.022351979,-0.006822046
-0.024527449,-0.005035549,-0.001532933,-0.019695795,0.067176543,-0.008155030,-0.019182793,-0.022312112,-0.006812660
-0.024531482,-0.005466763,-0.001669152,-0.019492252,0.066815867,-0.007501266,-0.019157430,-0.022272032,-0.006803266
-0.024535515,0.003373491,-0.001115069,-0.019256129,0.066458235,-0.006845556,-0.019131632,-0.022231739,-0.006793864
-0.024539547,-0.005003468,0.001593751,-0.018963779,0.066104315,-0.006187961,-0.019105400,-0.022191234,-0.006784453
-0.024543578,0.007100363,0.003735055,-0.018591557,0.065754773,-0.005528545,-0.019078736,-0.022150518,-0.006775034
-0.024547609,0.001332903,0.003636675,-0.018115815,0.065410275,-0.004867370,-0.019051640,-0.022109590,-0.006765607
-0.024551640,-0.008536456,0.001862384,-0.016870320,0.065071488,-0.004204498,-0.019024114,-0.022068452,-0.006756171
-0.024555669,-0.007689945,-0.000773241,-0.015488021,0.064739079,-0.003539991,-0.018996159,-0.022027104,-0.006746727
-0.024559698,-0.005759572,-0.004648436,-0.013959276,0.064413713,-0.002873913,-0.018967775,-0.021985545,-0.006737275
-0.024563727,0.011073550,-0.008592331,-0.012274446,0.064096057,-0.002206325,-0.018938964,-0.021943778,-0.006727814
-0.024567755,0.011007305,-0.011320591,-0.009916349,0.063786778,-0.001537291,-0.018909727,-0.021901802,-0.006718346
-0.024571782,0.005054649,-0.013321238,-0.007410526,0.063486542,-0.000866872,-0.018880064,-0.021859617,-0.006708869
-0.024575809,-0.016942691,-0.014418603,-0.004774973,0.063196015,-0.000195131,-0.018849978,-0.021817225,-0.006699384
-0.024579835,-0.025142986,-0.014437019,-0.002027688,0.062915865,0.000477869,-0.018819469,-0.021774625,-0.006689891
-0.024583860,-0.012909962,-0.009995363,0.000813330,0.062646757,0.001152066,-0.018788537,-0.021731819,-0.006680390
-0.024587885,-0.001429156,-0.004890706,0.003730085,0.062389358,0.001827398,-0.018757185,-0.021688806,-0.006670880
-0.024591910,-0.000091556,0.000285337,0.006704577,0.062144335,0.002503802,-0.018725413,-0.021645588,-0.006661363
-0.024595933,-0.003288150,0.004941150,0.009718810,0.061912353,0.003181216,-0.018693223,-0.021602164,-0.006651837
-0.024599956,0.009590072,0.008485118,0.012754786,0.061694080,0.003859577,-0.018660614,-0.021558536,-0.006642303
-0.024603979,-0.004812157,0.009289902,0.015794506,0.061490182,0.004538822,-0.018627589,-0.021514703,-0.006632762
-0.024608001,0.003615360,0.007262702,0.018819973,0.061301324,0.005218890,-0.018594149,-0.021470666,-0.006623212
-0.024612022,-0.006092538,0.008386074,0.021813190,0.061128175,0.005899718,-0.018560294,-0.021426426,-0.006613654
-0.024616043,0.001742379,0.011999183,0.024756158,0.060971400,0.006581243,-0.018526026,-0.021381982,-0.006604088
-0.024620063,0.003727567,0.016511969,0.027630879,0.060831665,0.007263402,-0.018491346,-0.021337337,-0.006594515
-0.024624083,0.010771888,0.021032964,0.030419357,0.060709638,0.007946135,-0.018456254,-0.021292489,-0.006584933
-0.024628102,-0.009909616,0.023364522,0.033103592,0.060605984,0.008629377,-0.018420752,-0.021247440,-0.006575343
-0.024632120,-0.003414585,0.023621680,0.035665588,0.060521370,0.009313066,-0.018384841,-0.021202191,-0.006565746
-0.024636138,-0.001059077,0.023137889,0.038087346,0.060456463,0.009997141,-0.018348522,-0.021156740,-0.006556140
-0.024640155,0.006928451,0.022159002,0.040350869,0.060411929,0.010681538,-0.018311796,-0.021111090,-0.006546527
-0.024644171,0.010319543,0.020930872,0.042438159,0.060388434,0.011366195,-0.018274664,-0.021065240,-0.006536905
-0.024648187,-0.000045860,0.018630951,0.044331218,0.060386645,0.012051049,-0.018237127,-0.021019191,-0.006527276
-0.024652203,-0.010054222,0.016163100,0.046012048,0.060407229,0.012736039,-0.018199186,-0.020972944,-0.006517639
-0.024656217,-0.003369214,0.013489919,0.046181117,0.060450851,0.013421102,-0.018160843,-0.020926498,-0.006507994
-0.024660231,-0.001036917,0.010402107,0.046093206,0.060518179,0.014106175,-0.018122098,-0.020879855,-0.006498342
-0.024664245,0.012050983,0.006817499,0.045721562,0.060609878,0.014791195,-0.018082952,-0.020833015,-0.006488681
-0.024668258,0.007159728,0.001497002,0.045039432,0.060726615,0.015476101,-0.018043407,-0.020785979,-0.006479013
-0.024672270,-0.007692718,-0.003551194,0.043543741,0.061345381,0.016160829,-0.018003464,-0.020738746,-0.006469337
-0.024676282,-0.003617880,-0.007189415,0.041686942,0.061987633,0.016845318,-0.017963123,-0.020691318,-0.006459654
-0.024680293,0.004127054,-0.009134323,0.039445168,0.062651154,0.017529505,-0.017922386,-0.020643694,-0.006449962
-0.024684303,-0.008160720,-0.003718362,0.034855947,0.063333725,0.018213327,-0.017881253,-0.020595876,-0.006440263
-0.024688313,-0.005055423,0.001692629,0.029861625,0.064033128,0.018896722,-0.017839727,-0.020547864,-0.006430556
-0.024692322,0.018225591,0.007314543,0.024465944,0.064747146,0.019579628,-0.017797807,-0.020499658,-0.006420842
-0.024696331,0.027605350,0.012222892,0.018672645,0.065473559,0.020261982,-0.017755495,-0.020451259,-0.006411120
-0.024700339,0.033584987,0.011752998,0.011647556,0.066210149,0.020943721,-0.017712793,-0.020402668,-0.006401390
-0.024704346,0.026228059,0.009935377,0.004298885,0.066954700,0.021624784,-0.017669700,-0.020353884,-0.006391653
-0.024708353,0.010176228,0.007060355,-0.003303072,0.067704992,0.022305107,-0.017626218,-0.020304908,-0.006381908
-0.024712359,0.015071158,0.003418258,-0.011088023,0.068458807,0.022984628,-0.017582349,-0.020255741,-0.006372156
-0.024716364,0.015554509,-0.000700588,-0.018985674,0.069213928,0.023663285,-0.017538093,-0.020206384,-0.006362396
-0.024720369,0.006267945,-0.005005857,-0.026925731,0.069968136,0.024341015,-0.017493451,-0.020156836,-0.006352628
-0.024724374,0.001853128,-0.009207223,-0.034837900,0.070719212,0.025017756,-0.017448425,-0.020107098,-0.006342853
-0.024728377,-0.008048280,-0.013014360,-0.042651888,0.071464940,0.025693445,-0.017403016,-0.020057172,-0.006333070
-0.024732380,0.006093498,-0.016025056,-0.050297401,0.072203100,0.026368020,-0.017357223,-0.020007056,-0.006323280
-0.024736383,0.006086808,-0.015115668,-0.057704144,0.072931475,0.027041419,-0.017311050,-0.019956752,-0.006313483
-0.024740384,0.009850732,-0.013273291,-0.064801825,0.073647846,0.027713578,-0.017264496,-0.019906260,-0.006303677
-0.024744386,-0.007514991,-0.010665674,-0.071520150,0.074349996,0.028384436,-0.017217563,-0.019855581,-0.006293865
-0.024748386,-0.015910622,-0.007460569,-0.077788824,0.075035706,0.029053930,-0.017170252,-0.019804715,-0.006284045
-0.024752386,-0.012298387,-0.002589846,-0.082711471,0.075702757,0.029721997,-0.017122563,-0.019753663,-0.006274218
-0.024756385,0.005861634,0.002187939,-0.087067168,0.076348933,0.030388576,-0.017074499,-0.019702425,-0.006264383
-0.024760384,0.014047392,0.006350107,-0.090808910,0.076972015,0.031053603,-0.017026060,-0.019651001,-0.006254541
-0.024764382,0.003077277,0.009033548,-0.093889691,0.077569784,0.031717016,-0.016977246,-0.019599392,-0.006244692
-0.024768379,-0.002368585,0.010513412,-0.096262507,0.078140023,0.032378753,-0.016928060,-0.019547600,-0.006234835
-0.024772376,-0.007269634,0.005527464,-0.092564553,0.078561667,0.033038751,-0.016878502,-0.019495623,-0.006224971
-0.024776372,-0.005423349,-0.001877319,-0.088161990,0.078951440,0.033696948,-0.016828574,-0.019443462,-0.006215100
-0.024780368,0.001600638,-0.010078756,-0.083105180,0.079307223,0.034353281,-0.016778275,-0.019391119,-0.006205221
-0.024784363,0.008414654,-0.018636626,-0.077444487,0.079626892,0.035007688,-0.016727608,-0.019338594,-0.006195335
-0.024788357,0.004314815,-0.026794495,-0.071230273,0.079908328,0.035660106,-0.016676574,-0.019285886,-0.006185442
-0.024792350,-0.000167620,-0.035031077,-0.064512900,0.080149408,0.036310474,-0.016625173,-0.019232997,-0.006175542
-0.024796343,-0.014817603,-0.043508871,-0.057342731,0.080348011,0.036958727,-0.016573407,-0.019179927,-0.006165634
-0.024800336,-0.014556286,-0.052254176,-0.049770129,0.080502016,0.037604805,-0.016521277,-0.019126676,-0.006155719
-0.024804327,0.006400379,-0.061998493,-0.041845456,0.080609302,0.038248644,-0.016468783,-0.019073245,-0.006145797
-0.024808319,0.013700240,-0.073337122,-0.033619076,0.080667746,0.038890182,-0.016415927,-0.019019635,-0.006135868
-0.024812309,-0.001436073,-0.087438143,-0.025141350,0.080675228,0.039529357,-0.016362710,-0.018965846,-0.006125932
-0.024816299,-0.000496814,-0.102760756,-0.016462642,0.080629627,0.040166105,-0.016309133,-0.018911878,-0.006115989
-0.024820288,-0.004397454,-0.118336942,-0.007633313,0.080528820,0.040800366,-0.016255197,-0.018857732,-0.006106038
-0.024824276,0.004777353,-0.137029497,0.001296272,0.080370687,0.041432076,-0.016200903,-0.018803408,-0.006096081
-0.024828264,0.021857134,-0.153615402,0.010275753,0.080153106,0.042061172,-0.016146252,-0.018748907,-0.006086116
-0.024832252,0.030502237,-0.166702456,0.019254765,0.079873956,0.042687592,-0.016091246,-0.018694230,-0.006076145
-0.024836238,-0.004822916,-0.156046971,0.028527385,0.079531115,0.043311275,-0.016035885,-0.018639376,-0.006066166
-0.024840224,-0.059378759,-0.140999194,0.037706479,0.079122463,0.043932156,-0.015980170,-0.018584347,-0.006056180
-0.024844210,-0.127621653,-0.122057886,0.046749352,0.078645877,0.044550175,-0.015924102,-0.018529143,-0.006046188
-0.024848194,-0.194007954,-0.099721808,0.055613310,0.078099236,0.045165268,-0.015867683,-0.018473764,-0.006036188
-0.024852178,-0.242994021,-0.074489720,0.064255656,0.077480419,0.045777373,-0.015810914,-0.018418211,-0.006026181
-0.024856162,-0.294036213,-0.046860386,0.072633698,0.076787305,0.046386427,-0.015753795,-0.018362484,-0.006016168
-0.024860144,-0.361590887,-0.017332565,0.080704738,0.076172308,0.046837832,-0.015696328,-0.018306584,-0.006006147
-0.024864127,-0.425114402,0.013594981,0.088426083,0.075478720,0.047286112,-0.015638514,-0.018250511,-0.005996120
-0.024868108,-0.414342714,0.050703087,0.095755037,0.074704371,0.047731254,-0.015580353,-0.018194266,-0.005986086
-0.024872089,-0.338221074,0.087981887,0.102648905,0.073847088,0.048173247,-0.015521848,-0.018137849,-0.005976044
-0.024876069,-0.225974332,0.124701110,0.109064992,0.072904699,0.048612078,-0.015462998,-0.018081261,-0.005965996
-0.024880049,-0.116827337,0.160130486,0.114960603,0.071875033,0.049047735,-0.015403806,-0.018024502,-0.005955941
-0.024884027,0.054995061,0.193539745,0.120293043,0.070755919,0.049480206,-0.015344271,-0.017967573,-0.005945880
-0.024888006,0.270268012,0.224198616,0.125019618,0.069545184,0.049909478,-0.015284396,-0.017910473,-0.005935811
-0.024891983,0.484766669,0.251376830,0.129097631,0.068240657,0.050335540,-0.015224181,-0.017853205,-0.005925736
-0.024895960,0.669266180,0.274344116,0.132484389,0.066840167,0.050758379,-0.015163627,-0.017795768,-0.005915654
-0.024899936,0.729541697,0.292370204,0.135137195,0.065341541,0.051177983,-0.015102735,-0.017738162,-0.005905565
-0.024903912,0.697717444,0.273057851,0.129776038,0.061297826,0.051594340,-0.015041507,-0.017680389,-0.005895470
-0.024907887,0.481576543,0.248865692,0.123707955,0.057160241,0.052007438,-0.014979944,-0.017622448,-0.005885367
-0.024911861,0.125251189,0.220585388,0.117002664,0.052935223,0.052417264,-0.014918046,-0.017564340,-0.005875258
-0.024915835,-0.222126423,0.189008601,0.109729887,0.048629208,0.052823807,-0.014855815,-0.017506066,-0.005865143
-0.024919808,-0.421424096,0.154926994,0.101959342,0.044248634,0.053227054,-0.014793251,-0.017447626,-0.005855021
-0.024923780,-0.448509635,0.119132227,0.093760749,0.039799938,0.053626992,-0.014730356,-0.017389020,-0.005844892
-0.024927752,-0.370301174,0.083466292,0.085203827,0.035289556,0.054023610,-0.014667131,-0.017330250,-0.005834756
-0.024931723,-0.291645435,0.047699768,0.076358297,0.030723925,0.054416896,-0.014603577,-0.017271315,-0.005824614
-0.024935693,-0.213439469,0.012653564,0.067293877,0.026109482,0.054806837,-0.014539695,-0.017212216,-0.005814465
-0.024939663,-0.146580328,-0.020851412,0.058080288,0.021452665,0.055193421,-0.014475485,-0.017152953,-0.005804310
-0.024943632,-0.101965062,-0.051994251,0.048787249,0.016759909,0.055576636,-0.014410950,-0.017093528,-0.005794148
-0.024947601,-0.060490723,-0.079954046,0.039484479,0.012037652,0.055956470,-0.014346091,-0.017033940,-0.005783979
-0.024951568,-0.008054362,-0.103909886,0.030241699,0.007292331,0.056332910,-0.014280907,-0.016974190,-0.005773804
-0.024955535,0.029446970,-0.123040865,0.021128628,0.002530383,0.056705945,-0.014215400,-0.016914279,-0.005763623
-0.024959502,0.024559669,-0.114969521,0.012214985,-0.002241756,0.057075561,-0.014149572,-0.016854206,-0.005753435
-0.024963468,0.005282492,-0.102770754,0.003570490,-0.007017649,0.057441748,-0.014083424,-0.016793973,-0.005743240
-0.024967433,-0.006942356,-0.088458060,-0.004239989,-0.011790858,0.057804493,-0.014016956,-0.016733579,-0.005733040
-0.024971397,0.011093478,-0.074814434,-0.011648232,-0.016554947,0.058163783,-0.013950169,-0.016673027,-0.005722832
-0.024975361,0.008890215,-0.061409889,-0.018590871,-0.021303479,0.058519606,-0.013883065,-0.016612315,-0.005712619
-0.024979324,0.006042359,-0.047908721,-0.025004537,-0.026030017,0.058871951,-0.013815645,-0.016551444,-0.005702398
-0.024983286,0.003956965,-0.035787776,-0.030825863,-0.030728125,0.059220804,-0.013747910,-0.016490415,-0.005692172
-0.024987248,-0.012630773,-0.024852039,-0.035991480,-0.035391364,0.059566154,-0.013679860,-0.016429229,-0.005681939
-0.024991209,-0.004298820,-0.014593337,-0.040438020,-0.040013299,0.059907989,-0.013611497,-0.016367885,-0.005671700
-0.024995170,0.004372237,-0.005500873,-0.044102114,-0.044587493,0.060246297,-0.013542823,-0.016306385,-0.005661454
-0.024999129,0.008488656,0.002249302,-0.046920395,-0.049107508,0.060581064,-0.013473837,-0.016244729,-0.005651202
-0.025003088,-0.005927223,0.001236707,-0.042785380,-0.053282672,0.060912280,-0.013404541,-0.016182916,-0.005640944
-0.025007047,0.005042794,-0.000950789,-0.037923995,-0.057392106,0.061239931,-0.013334937,-0.016120949,-0.005630680
-0.025011005,-0.007521462,-0.000107250,-0.032627111,-0.061430696,0.061564006,-0.013265025,-0.016058827,-0.005620409
-0.025014962,0.007494396,0.002720615,-0.026967504,-0.065393327,0.061884492,-0.013194806,-0.015996551,-0.005610132
-0.025018918,0.006874002,0.005924901,-0.021126005,-0.069274884,0.062201378,-0.013124281,-0.015934120,-0.005599849
-0.025022874,0.011550923,0.008747773,-0.015283448,-0.073070254,0.062514651,-0.013053452,-0.015871537,-0.005589560
-0.025026829,-0.005645217,0.008535340,-0.009620665,-0.076774321,0.062824298,-0.012982320,-0.015808801,-0.005579264
-0.025030783,-0.006675559,0.007424475,-0.004318490,-0.080381970,0.063130308,-0.012910885,-0.015745912,-0.005568962
-0.025034737,-0.005315266,0.005211503,-0.000403183,-0.083888089,0.063432669,-0.012839148,-0.015682872,-0.005558654
-0.025038690,-0.003322684,0.002752064,0.003022857,-0.087287561,0.063731368,-0.012767111,-0.015619680,-0.005548340
-0.025042642,0.003833761,0.000457313,0.006011804,-0.090575272,0.064026392,-0.012694775,-0.015556338,-0.005538020
-0.025046594,0.000262810,-0.000838769,0.006781493,-0.091911769,0.064317731,-0.012622141,-0.015492845,-0.005527694
-0.025050545,0.001381881,-0.001610872,0.007228159,-0.093135998,0.064605372,-0.012549210,-0.015429202,-0.005517362
-0.025054495,0.002185559,-0.001910856,0.007413696,-0.094252568,0.064889302,-0.012475983,-0.015365410,-0.005507023
-0.025058445,-0.007331569,-0.001790581,0.007400002,-0.095266084,0.065169509,-0.012402461,-0.015301469,-0.005496679
-0.025062394,0.007540350,-0.000643709,0.006875502,-0.096181156,0.065445981,-0.012328645,-0.015237380,-0.005486328
-0.025066342,-0.007526799,0.000419443,0.006283253,-0.097002389,0.065718706,-0.012254536,-0.015173143,-0.005475972
-0.025070290,0.002875164,0.000577033,0.006041538,-0.097734393,0.065987672,-0.012180135,-0.015108758,-0.005465609
-0.025074236,0.008367104,0.000560880,0.005802293,-0.098381775,0.066252867,-0.012105443,-0.015044226,-0.005455241
-0.025078183,-0.001205634,0.000529626,0.005566153,-0.098949141,0.066514277,-0.012030462,-0.014979548,-0.005444866
-0.025082128,-0.005854366,0.000498575,0.005333752,-0.099441100,0.066771892,-0.011955193,-0.014914724,-0.005434486
-0.025086073,-0.010554574,0.000447196,0.005105722,-0.099862259,0.067025699,-0.011879636,-0.014849754,-0.005424100
-0.025090017,-0.000511700,0.000584920,0.004882699,-0.100196189,0.067254649,-0.011803792,-0.014784639,-0.005413708
-0.025093961,0.004648969,0.000541020,0.004665314,-0.100468546,0.067479779,-0.011727663,-0.014719380,-0.005403309
-0.025097903,0.010072189,0.000174730,0.004454202,-0.100683951,0.067701088,-0.011651250,-0.014653977,-0.005392905
-0.025101846,0.001669565,-0.001421569,0.004249997,-0.100847022,0.067918577,-0.011574553,-0.014588430,-0.005382496
-0.025105787,-0.006579884,-0.003222908,0.004235485,-0.101144533,0.068132245,-0.011497575,-0.014522741,-0.005372080
-0.025109728,0.005035583,-0.004937040,0.004227441,-0.101397245,0.068342093,-0.011420315,-0.014456908,-0.005361659
-0.025113668,-0.004671833,-0.005372178,0.004224794,-0.101608072,0.068548121,-0.011342775,-0.014390934,-0.005351231
-0.025117607,-0.000245660,-0.005103831,0.004349495,-0.101779929,0.068750327,-0.011264957,-0.014324818,-0.005340798
-0.025121546,0.003804632,-0.004488542,0.004470475,-0.101915731,0.068948714,-0.011186860,-0.014258560,-0.005330359
-0.025125484,0.002187654,-0.003223960,0.004579688,-0.102018391,0.069143279,-0.011108487,-0.014192163,-0.005319915
-0.025129421,-0.004437741,-0.001957977,0.004669087,-0.102090824,0.069334024,-0.011029837,-0.014125625,-0.005309464
-0.025133357,-0.000968637,-0.000782543,0.004730625,-0.102135945,0.069520949,-0.010950914,-0.014058947,-0.005299008
-0.025137293,0.002523874,0.000384392,0.004756257,-0.102156667,0.069704052,-0.010871716,-0.013992130,-0.005288547
-0.025141228,0.005925204,0.001668383,0.004737936,-0.102155906,0.069883335,-0.010792246,-0.013925175,-0.005278079
-0.025145163,-0.005639491,0.002955232,0.004667616,-0.102136577,0.070058797,-0.010712504,-0.013858081,-0.005267606
-0.025149097,-0.007687312,0.004773005,0.004537250,-0.102101592,0.070230438,-0.010632492,-0.013790850,-0.005257128
-0.025153030,-0.004775619,0.006690023,0.004338793,-0.102053867,0.070398258,-0.010552211,-0.013723481,-0.005246643
-0.025156962,-0.001563021,0.008375858,0.004064197,-0.101996317,0.070562257,-0.010471661,-0.013655976,-0.005236153
-0.025160894,0.002291872,0.009500083,0.003705418,-0.101931855,0.070722435,-0.010390844,-0.013588334,-0.005225658
-0.025164825,-0.002590503,0.009965645,0.002261251,-0.101382663,0.070878792,-0.010309761,-0.013520557,-0.005215157
-0.025168755,0.006416742,0.006623466,0.000734416,-0.100829267,0.071031328,-0.010228413,-0.013452645,-0.005204650
-0.025172685,0.006730827,0.002046553,-0.000865523,-0.100271457,0.071180043,-0.010146801,-0.013384597,-0.005194138
-0.025176614,-0.013039688,-0.002383420,-0.002529005,-0.099709026,0.071324936,-0.010064926,-0.013316415,-0.005183620
-0.025180542,-0.005741312,-0.003829716,-0.004246465,-0.099141767,0.071466009,-0.009982788,-0.013248100,-0.005173097
-0.025184469,0.005658105,-0.004334252,-0.006008342,-0.098569470,0.071603260,-0.009900391,-0.013179651,-0.005162568
-0.025188396,0.011285376,-0.004033612,-0.007805072,-0.097991928,0.071736690,-0.009817733,-0.013111069,-0.005152034
-0.025192322,0.010559252,-0.002251220,-0.009732188,-0.097408932,0.071866298,-0.009734817,-0.013042355,-0.005141494
-0.025196247,-0.005433758,-0.000189351,-0.011674130,-0.096820275,0.071992086,-0.009651643,-0.012973510,-0.005130949
-0.025200172,-0.011315210,0.001762876,-0.013620431,-0.096225749,0.072114051,-0.009568212,-0.012904532,-0.005120399
-0.025204096,-0.001150019,0.002355159,-0.015256079,-0.095625146,0.072232196,-0.009484526,-0.012835424,-0.005109843
-0.025208019,0.014473450,0.002477259,-0.016882677,-0.095018256,0.072346518,-0.009400585,-0.012766186,-0.005099282
-0.025211942,0.010927266,0.001753955,-0.018497280,-0.094404873,0.072457020,-0.009316392,-0.012696817,-0.005088715
-0.025215864,0.007627253,0.000766274,-0.020096943,-0.093784789,0.072563699,-0.009231945,-0.012627319,-0.005078143
-0.025219785,-0.000606970,-0.000308558,-0.021678722,-0.093157795,0.072666557,-0.009147248,-0.012557692,-0.005067566
-0.025223705,-0.018955782,-0.001293309,-0.023239672,-0.092523683,0.072765594,-0.009062301,-0.012487937,-0.005056983
-0.025227625,0.001601745,-0.001212060,-0.024776849,-0.091882245,0.072860808,-0.008977104,-0.012418054,-0.005046395
-0.025231544,0.001891772,-0.000894124,-0.026287307,-0.091233273,0.072952201,-0.008891659,-0.012348043,-0.005035802
-0.025235462,0.016941771,-0.000370123,-0.027768101,-0.090576559,0.073039772,-0.008805968,-0.012277905,-0.005025204
-0.025239380,0.011787615,0.000255514,-0.029150883,-0.089911895,0.073123522,-0.008720030,-0.012207641,-0.005014600
-0.025243296,-0.003501201,0.000963148,-0.030485715,-0.089239073,0.073203449,-0.008633848,-0.012137250,-0.005003991
-0.025247213,-0.013846781,0.001659333,-0.031757255,-0.088557884,0.073279555,-0.008547422,-0.012066734,-0.004993377
-0.025251128,-0.009177774,0.002257173,-0.032950162,-0.087868122,0.073351838,-0.008460753,-0.011996093,-0.004982758
-0.025255043,0.005550979,0.002695959,-0.034049093,-0.087169577,0.073420300,-0.008373842,-0.011925328,-0.004972133
-0.025258957,0.005378090,0.002921531,-0.035038706,-0.086462042,0.073484939,-0.008286691,-0.011854438,-0.004961504
-0.025262870,0.010342169,0.002879730,-0.036198367,-0.085450601,0.073545757,-0.008199301,-0.011783425,-0.004950869
-0.025266782,0.000549622,0.001404235,-0.036172806,-0.084430609,0.073602752,-0.008111672,-0.011712289,-0.004940229
-0.025270694,-0.009050539,-0.000415418,-0.035999923,-0.083402710,0.073655925,-0.008023806,-0.011641030,-0.004929584
-0.025274605,-0.008044868,-0.002998496,-0.035673248,-0.082367551,0.073705276,-0.007935703,-0.011569649,-0.004918934
-0.025278516,-0.001933353,-0.005850831,-0.035186314,-0.081325778,0.073750805,-0.007847365,-0.011498146,-0.004908279
-0.025282425,0.009180662,-0.008874898,-0.034532655,-0.080278038,0.073792511,-0.007758794,-0.011426522,-0.004897619
-0.025286334,0.009723970,-0.011503312,-0.033705801,-0.079224976,0.073830396,-0.007669988,-0.011354777,-0.004886954
-0.025290243,-0.000006067,-0.014039253,-0.032699286,-0.078167239,0.073864457,-0.007580951,-0.011282913,-0.004876283
-0.025294150,-0.010181950,-0.017442933,-0.030379749,-0.077105472,0.073894697,-0.007491683,-0.011210928,-0.004865608
-0.025298057,-0.007094376,-0.019281926,-0.027888272,-0.076040323,0.073921114,-0.007402185,-0.011138824,-0.004854928
-0.025301963,-0.004631831,-0.020652909,-0.025239043,-0.074972436,0.073943708,-0.007312459,-0.011066602,-0.004844243
-0.025305868,0.007198999,-0.021534360,-0.022446251,-0.073902459,0.073962480,-0.007222504,-0.010994261,-0.004833553
-0.025309773,-0.008457572,-0.020055756,-0.019524086,-0.072831037,0.073977429,-0.007132323,-0.010921803,-0.004822858
-0.025313677,-0.010372341,-0.017431463,-0.016486735,-0.071758816,0.073988556,-0.007041916,-0.010849227,-0.004812158
-0.025317580,-0.017688009,-0.014503945,-0.013348388,-0.070686444,0.073995860,-0.006951285,-0.010776535,-0.004801453
-0.025321482,-0.000316391,-0.011346547,-0.010123234,-0.069614565,0.073999341,-0.006860430,-0.010703726,-0.004790744
-0.025325384,0.006830694,-0.008032618,-0.006825462,-0.068543826,0.073999000,-0.006769353,-0.010630801,-0.004780029
-0.025329285,0.008841431,-0.004635502,-0.003469260,-0.067474873,0.073994836,-0.006678054,-0.010557761,-0.004769310
-0.025333185,0.010804003,-0.001228547,-0.000068817,-0.066408352,0.073986849,-0.006586535,-0.010484606,-0.004758586
-0.025337084,0.002806592,0.002114900,0.003361677,-0.065344910,0.073975039,-0.006494797,-0.010411337,-0.004747857
-0.025340983,-0.005062618,0.005321494,0.006808034,-0.064285193,0.073959406,-0.006402840,-0.010337954,-0.004737123
-0.025344881,0.002284556,0.008317887,0.010256065,-0.063229846,0.073939950,-0.006310667,-0.010264458,-0.004726385
-0.025348778,0.009936297,0.011030734,0.013691581,-0.062179516,0.073916672,-0.006218277,-0.010190849,-0.004715641
-0.025352675,0.017980789,0.013386687,0.017100394,-0.061134849,0.073889570,-0.006125673,-0.010117127,-0.004704893
-0.025356571,0.003018976,0.013799639,0.020468314,-0.060096492,0.073858645,-0.006032855,-0.010043293,-0.004694141
-0.025360466,-0.001582866,0.013918150,0.023781152,-0.059065089,0.073823897,-0.005939824,-0.009969348,-0.004683383
-0.025364360,-0.010945699,0.013878018,0.027024719,-0.058041289,0.073785326,-0.005846581,-0.009895292,-0.004672621
-0.025368254,0.000271055,0.013353504,0.030184828,-0.057025736,0.073742932,-0.005753127,-0.009821126,-0.004661854
-0.025372147,-0.003424442,0.012851281,0.033247288,-0.056019076,0.073696715,-0.005659464,-0.009746849,-0.004651083
-0.025376039,0.002937510,0.012416485,0.036197911,-0.055021957,0.073646674,-0.005565592,-0.009672463,-0.004640307
-0.025379930,0.004326615,0.012094251,0.039022508,-0.054035024,0.073592810,-0.005471513,-0.009597969,-0.004629526
-0.025383821,-0.004685551,0.012327837,0.041706891,-0.053058923,0.073535123,-0.005377227,-0.009523365,-0.004618741
-0.025387711,-0.007132643,0.011165736,0.044236869,-0.052094300,0.073473612,-0.005282736,-0.009448654,-0.004607952
-0.025391600,0.000859764,0.009748360,0.046598255,-0.051141802,0.073408278,-0.005188041,-0.009373835,-0.004597157
-0.025395488,-0.000632359,0.008014574,0.048776860,-0.050202075,0.073339120,-0.005093142,-0.009298909,-0.004586358
-0.025399376,0.013466961,0.005903241,0.050758494,-0.049275764,0.073266139,-0.004998041,-0.009223876,-0.004575555
-0.025403263,0.004734346,0.002685682,0.051695863,-0.048363517,0.073189334,-0.004902740,-0.009148737,-0.004564747
-0.025407149,0.005999007,-0.000303713,0.052426015,-0.047465979,0.073108706,-0.004807238,-0.009073493,-0.004553935
-0.025411035,-0.008409196,-0.002398097,0.052952891,-0.046583796,0.073024254,-0.004711537,-0.008998143,-0.004543118
-0.025414919,0.004815505,-0.000475637,0.052182525,-0.046050605,0.072935978,-0.004615638,-0.008922689,-0.004532297
-0.025418803,-0.003649815,0.003325855,0.051242184,-0.045532931,0.072843878,-0.004519543,-0.008847131,-0.004521471
-0.025422686,0.006441491,0.004075939,0.049815176,-0.045030290,0.072747955,-0.004423252,-0.008771469,-0.004510641
-0.025426569,-0.000837578,0.002336339,0.048266297,-0.044542199,0.072648208,-0.004326766,-0.008695704,-0.004499806
-0.025430451,-0.007074278,-0.000324918,0.046614294,-0.044068172,0.072544637,-0.004230086,-0.008619837,-0.004488967
-0.025434332,-0.012889183,-0.003306488,0.044877914,-0.043607727,0.072437243,-0.004133214,-0.008543867,-0.004478124
-0.025438212,0.000135605,-0.005045497,0.043075902,-0.043160377,0.072326024,-0.004036150,-0.008467795,-0.004467277
-0.025442091,0.012821855,-0.006382943,0.041227004,-0.042725641,0.072210981,-0.003938896,-0.008391623,-0.004456425
-0.025445970,0.015028197,-0.007196685,0.039349968,-0.042303032,0.072092115,-0.003841453,-0.008315349,-0.004445568
-0.025449848,0.011606827,-0.007358147,0.037463538,-0.041892068,0.071969424,-0.003743821,-0.008238975,-0.004434708
-0.025453725,0.002408332,-0.006737146,0.035586463,-0.041492264,0.071842909,-0.003646002,-0.008162502,-0.004423843
-0.025457602,-0.007716701,-0.005291814,0.033825805,-0.041103136,0.071712570,-0.003547997,-0.008085929,-0.004412974
-0.025461477,0.004788892,-0.001491360,0.032093125,-0.040724199,0.071578407,-0.003449807,-0.008009257,-0.004402101
-0.025465352,-0.004169873,0.003758839,0.030388303,-0.040354971,0.071440420,-0.003351433,-0.007932487,-0.004391223
-0.025469226,0.004713611,0.006151815,0.028711217,-0.039994965,0.071298608,-0.003252876,-0.007855620,-0.004380342
-0.025473100,0.009702970,0.007423582,0.027061745,-0.039643700,0.071152972,-0.003154137,-0.007778655,-0.004369456
-0.025476973,-0.007997520,0.006469963,0.025339304,-0.039300689,0.071003512,-0.003055217,-0.007701593,-0.004358566
-0.025480844,-0.010606449,0.005409520,0.023643441,-0.038965449,0.070850227,-0.002956117,-0.007624435,-0.004347671
-0.025484716,0.000178327,0.005940541,0.021973241,-0.038637497,0.070693118,-0.002856839,-0.007547181,-0.004336773
-0.025488586,0.005664765,0.006755503,0.020327787,-0.038316347,0.070532185,-0.002757383,-0.007469831,-0.004325871
-0.025492456,-0.003614329,0.007322031,0.018706165,-0.038001516,0.070367427,-0.002657751,-0.007392387,-0.004314964
-0.025496325,0.004475222,0.005506384,0.017107460,-0.037692519,0.070198844,-0.002557943,-0.007314848,-0.004304053
-0.025500193,0.002336038,0.003906372,0.015530754,-0.037388872,0.070026437,-0.002457960,-0.007237215,-0.004293139
-0.025504060,-0.009815835,0.002306384,0.013975134,-0.037090092,0.069850205,-0.002357805,-0.007159489,-0.004282220
-0.025507927,-0.007692422,0.001418876,0.012439684,-0.036795694,0.069670149,-0.002257476,-0.007081670,-0.004271297
-0.025511792,0.004176325,0.000774235,0.010923488,-0.036505194,0.069486268,-0.002156977,-0.007003759,-0.004260370
-0.025515657,0.015930969,0.000232329,0.009425630,-0.036218108,0.069314689,-0.002072436,-0.006925755,-0.004249440
-0.025519522,0.008185407,-0.000820305,0.007945196,-0.035933951,0.069139288,-0.001987726,-0.006847660,-0.004238505
-0.025523385,0.000446859,-0.001890453,0.006481270,-0.035652240,0.068960063,-0.001902851,-0.006769474,-0.004227566
-0.025527248,-0.017304124,-0.002958235,0.005032936,-0.035372490,0.068777018,-0.001817812,-0.006691198,-0.004216624
-0.025531110,-0.005709892,-0.003380868,0.003599279,-0.035094218,0.068590152,-0.001732613,-0.006612831,-0.004205677
-0.025534971,0.015845604,-0.003773967,0.002179383,-0.034816938,0.068399468,-0.001647254,-0.006534375,-0.004194727
-0.025538832,0.012274535,-0.004049271,0.000772334,-0.034540168,0.068204965,-0.001561739,-0.006455830,-0.004183772
-0.025542691,0.003665180,-0.004294625,-0.000622785,-0.034263422,0.068006646,-0.001476070,-0.006377196,-0.004172814
-0.025546550,0.005024841,-0.004516899,-0.002006889,-0.033986217,0.067804512,-0.001390249,-0.006298475,-0.004161852
-0.025550408,-0.013639177,-0.004722965,-0.003380894,-0.033708068,0.067598564,-0.001304278,-0.006219665,-0.004150886
-0.025554266,0.002871374,-0.005110637,-0.004745714,-0.033428492,0.067388802,-0.001218160,-0.006140769,-0.004139916
-0.025558122,0.014268523,-0.005391512,-0.006102265,-0.033147004,0.067175228,-0.001131897,-0.006061786,-0.004128943
-0.025561978,0.014879414,-0.004892301,-0.007451463,-0.032863120,0.066957844,-0.001045491,-0.005982717,-0.004117965
-0.025565833,0.000299290,-0.004207815,-0.008794224,-0.032576356,0.066736650,-0.000958944,-0.005903562,-0.004106984
-0.025569688,0.000547566,-0.003357033,-0.010131462,-0.032286228,0.066511648,-0.000872259,-0.005824322,-0.004096000
-0.025573541,-0.019356348,-0.002358936,-0.011464093,-0.031992252,0.066282838,-0.000785438,-0.005744997,-0.004085011
-0.025577394,-0.004967039,-0.000740079,-0.012711456,-0.031693943,0.066050223,-0.000698483,-0.005665588,-0.004074019
-0.025581246,0.014436331,0.000850991,-0.013946323,-0.031390818,0.065813802,-0.000611397,-0.005586095,-0.004063023
-0.025585097,0.019000597,0.002258148,-0.015159888,-0.031082391,0.065573578,-0.000524182,-0.005506520,-0.004052023
-0.025588947,0.004769293,0.002013543,-0.015928317,-0.030768180,0.065329551,-0.000436839,-0.005426861,-0.004041020
-0.025592797,-0.004198696,0.001466222,-0.016660024,-0.030447700,0.065081723,-0.000349372,-0.005347120,-0.004030013
-0.025596646,-0.002947788,0.000653503,-0.017348392,-0.030120467,0.064830094,-0.000261783,-0.005267298,-0.004019003
-0.025600494,-0.011522401,-0.000387293,-0.017986805,-0.029785996,0.064574667,-0.000174073,-0.005187394,-0.004007988
-0.025604341,0.010434316,-0.002020117,-0.018568647,-0.029443804,0.064315441,-0.000086246,-0.005107409,-0.003996971
-0.025608188,0.011793702,-0.003123406,-0.019087302,-0.029093406,0.064052419,0.000001697,-0.005027344,-0.003985949
-0.025612033,0.003001736,-0.004150237,-0.019536155,-0.028734319,0.063785601,0.000089753,-0.004947200,-0.003974924
-0.025615878,-0.006014764,-0.005034528,-0.019908588,-0.028366057,0.063514989,0.000177921,-0.004866976,-0.003963896
-0.025619722,-0.010328980,-0.005710195,-0.020197985,-0.027988138,0.063240584,0.000266196,-0.004786673,-0.003952864
-0.025623566,-0.000654343,-0.005936633,-0.019656949,-0.027875131,0.062962386,0.000354579,-0.004706292,-0.003941829
-0.025627408,0.008734701,-0.005962183,-0.019038530,-0.027751198,0.062680398,0.000443065,-0.004625832,-0.003930790
-0.025631250,0.007353255,-0.005290461,-0.018354998,-0.027615553,0.062394619,0.000531654,-0.004545296,-0.003919748
-0.025635091,0.000828474,-0.004537137,-0.017618622,-0.027467411,0.062105053,0.000620342,-0.004464683,-0.003908702
-0.025638931,-0.000782685,-0.003747680,-0.016841672,-0.027305989,0.061811698,0.000709127,-0.004383993,-0.003897652
-0.025642771,-0.007423268,-0.002967560,-0.016036416,-0.027130502,0.061514558,0.000798008,-0.004303227,-0.003886600
-0.025646609,0.001160968,-0.002439533,-0.015215123,-0.026940165,0.061213632,0.000886981,-0.004222386,-0.003875544
-0.025650447,-0.000236578,-0.001945510,-0.014390064,-0.026734192,0.060908923,0.000976045,-0.004141470,-0.003864484
-0.025654284,0.008374777,-0.001464690,-0.013573506,-0.026511801,0.060600431,0.001065197,-0.004060480,-0.003853422
-0.025658121,0.006939464,-0.000930019,-0.012777720,-0.026272205,0.060288157,0.001154435,-0.003979415,-0.003842356
-0.025661956,-0.004425962,-0.000446563,-0.012014973,-0.026014620,0.059972103,0.001243757,-0.003898277,-0.003831286
-0.025665791,-0.010651202,-0.000073136,-0.011297537,-0.025738263,0.059652270,0.001333160,-0.003817066,-0.003820213
-0.025669625,-0.011724191,0.000189683,-0.010637679,-0.025442347,0.059328658,0.001422642,-0.003735783,-0.003809137
-0.025673458,0.007384200,0.000324251,-0.010047669,-0.025126088,0.059001270,0.001512202,-0.003654427,-0.003798058
-0.025677290,0.011644868,0.000371157,-0.009539777,-0.024788702,0.058670106,0.001601835,-0.003573000,-0.003786975
-0.025681122,0.006702685,-0.000494745,-0.008934509,-0.024429405,0.058335167,0.001691542,-0.003491502,-0.003775890
-0.025684952,-0.008476568,-0.000716307,-0.008755580,-0.024047410,0.057996455,0.001781318,-0.003409933,-0.003764801
-0.025688782,-0.009727763,0.000166418,-0.008628846,-0.023641934,0.057653971,0.001871162,-0.003328295,-0.003753708
-0.025692611,0.003715701,0.001347851,-0.008516113,-0.023212193,0.057307716,0.001961071,-0.003246586,-0.003742613
-0.025696440,-0.003668579,0.003311416,-0.008379185,-0.022757400,0.056957690,0.002051044,-0.003164809,-0.003731514
-0.025700267,0.006880003,0.001577862,-0.007500201,-0.022276773,0.056603896,0.002141078,-0.003082963,-0.003720413
-0.025704094,0.003790540,-0.001621735,-0.006540113,-0.021769525,0.056246335,0.002231170,-0.003001048,-0.003709308
-0.025707920,0.006191223,-0.005435064,-0.005480204,-0.021234873,0.055885007,0.002321319,-0.002919067,-0.003698200
-0.025711745,-0.016468856,-0.009330715,-0.004301759,-0.020672032,0.055519914,0.002411522,-0.002837018,-0.003687089
-0.025715569,-0.006105134,-0.011412752,-0.002986062,-0.020080216,0.055151056,0.002501776,-0.002754902,-0.003675975
-0.025719393,0.008658836,-0.013855575,-0.000735942,-0.019458643,0.054778436,0.002592081,-0.002672720,-0.003664858
-0.025723215,0.017834972,-0.015879468,0.001656183,-0.018806526,0.054402054,0.002682432,-0.002590472,-0.003653737
-0.025727037,0.005411621,-0.016459599,0.004176352,-0.018123081,0.054021912,0.002772829,-0.002508160,-0.003642614
-0.025730858,0.002532840,-0.016726845,0.006810601,-0.017407524,0.053638010,0.002863268,-0.002425782,-0.003631488
-0.025734679,-0.020680883,-0.016788515,0.009544969,-0.016659069,0.053250350,0.002953748,-0.002343340,-0.003620359
-0.025738498,-0.015587603,-0.015273375,0.012365494,-0.015876933,0.052858933,0.003044266,-0.002260835,-0.003609226
-0.025742317,-0.010709532,-0.013646033,0.015258212,-0.015060330,0.052463760,0.003134820,-0.002178266,-0.003598091
-0.025746135,-0.006047421,-0.011892559,0.018209161,-0.014208477,0.052064832,0.003225408,-0.002095635,-0.003586953
-0.025749952,-0.011602023,-0.009999020,0.021204380,-0.013320587,0.051662151,0.003316027,-0.002012941,-0.003575812
-0.025753768,-0.017374091,-0.007951486,0.024229905,-0.012395877,0.051255717,0.003406675,-0.001930185,-0.003564668
-0.025757584,-0.008364375,-0.005736024,0.027271774,-0.011433562,0.050845532,0.003497350,-0.001847368,-0.003553521
-0.025761398,0.000426371,-0.003338704,0.030316026,-0.010432857,0.050431597,0.003588049,-0.001764490,-0.003542372
-0.025765212,0.018997396,-0.000745594,0.033348697,-0.009392978,0.050013913,0.003678771,-0.001681552,-0.003531219
-0.025769025,0.017347948,0.002057237,0.036355826,-0.008313140,0.049592482,0.003769513,-0.001598554,-0.003520064
-0.025772837,0.010234862,0.005326133,0.039323449,-0.007192558,0.049167304,0.003860272,-0.001515497,-0.003508905
-0.025776649,-0.002054674,0.008787085,0.042237605,-0.006030447,0.048738380,0.003951047,-0.001432380,-0.003497744
-0.025780459,-0.014475885,0.012408497,0.045084332,-0.004826024,0.048305712,0.004041835,-0.001349205,-0.003486581
-0.025784269,-0.002734081,0.016908860,0.047849666,-0.003578503,0.047869301,0.004132634,-0.001265973,-0.003475414
-0.025788078,0.009465076,0.021007015,0.050519646,-0.002287100,0.047429149,0.004223442,-0.001182683,-0.003464245
-0.025791886,-0.006247862,0.023085589,0.053080309,-0.000951030,0.046985255,0.004314256,-0.001099336,-0.003453073
-0.025795693,-0.007321634,0.020606499,0.055517693,0.000430492,0.046537622,0.004405074,-0.001015932,-0.003441898
-0.025799500,0.008016692,0.017883564,0.056744265,0.001858250,0.046086251,0.004495894,-0.000932473,-0.003430721
-0.025803306,0.005547042,0.013096835,0.057799265,0.003333030,0.045631142,0.004586713,-0.000848958,-0.003419541
-0.025807110,0.003941957,0.007607320,0.058648360,0.004855614,0.045172297,0.004677530,-0.000765388,-0.003408358
-0.025810914,0.002805465,0.001844539,0.059257220,0.006426789,0.044709718,0.004768341,-0.000681764,-0.003397173
-0.025814718,0.006741594,-0.003761986,0.059591513,0.008047339,0.044243405,0.004859145,-0.000598085,-0.003385985
-0.025818520,0.005354370,-0.008782735,0.059616907,0.009718048,0.043773359,0.004949940,-0.000514353,-0.003374794
-0.025822322,-0.001752178,-0.012788187,0.059299071,0.011439702,0.043299582,0.005040723,-0.000430568,-0.003363601
-0.025826122,-0.009974023,-0.015348822,0.058603674,0.013213084,0.042822074,0.005131492,-0.000346731,-0.003352405
-0.025829922,0.003897055,-0.013023441,0.055407642,0.015511855,0.042340838,0.005222244,-0.000262841,-0.003341207
-0.025833721,0.006652709,-0.009202671,0.051787579,0.017858381,0.041855873,0.005312978,-0.000178900,-0.003330006
-0.025837520,-0.008772378,-0.001804297,0.047731346,0.020247907,0.041367182,0.005403691,-0.000094907,-0.003318803
-0.025841317,-0.001479877,0.003290250,0.043226807,0.022675675,0.040874765,0.005494380,-0.000010864,-0.003307597
-0.025845114,0.001367270,0.008260809,0.038261822,0.025136927,0.040378624,0.005585044,0.000073229,-0.003296388
-0.025848909,0.010081094,0.012812244,0.032824253,0.027626907,0.039878760,0.005675680,0.000157372,-0.003285178
-0.025852704,0.034973627,0.016649422,0.026901962,0.030140856,0.039375174,0.005766286,0.000241564,-0.003273964
-0.025856499,0.015768162,0.016030518,0.019518240,0.032674019,0.038867867,0.005856860,0.000325804,-0.003262749
-0.025860292,-0.002166962,0.014559272,0.011705766,0.035221638,0.038356840,0.005947399,0.000410093,-0.003251531
-0.025864084,-0.009052144,0.012392735,0.003532646,0.037778954,0.037842094,0.006037902,0.000494430,-0.003240310
-0.025867876,-0.010107782,0.009687957,-0.004933011,0.040341213,0.037323631,0.006128365,0.000578813,-0.003229087
-0.025871667,-0.020554276,0.006601989,-0.013623099,0.042903655,0.036801452,0.006218787,0.000663244,-0.003217862
-0.025875457,-0.020612025,0.003291880,-0.022469509,0.045461524,0.036275558,0.006309165,0.000747720,-0.003206635
-0.025879246,-0.015501428,-0.000085318,-0.031404134,0.048010062,0.035745950,0.006399497,0.000832243,-0.003195405
-0.025883034,-0.005442883,-0.003372556,-0.040358866,0.050544513,0.035212630,0.006489781,0.000916810,-0.003184173
-0.025886822,-0.010656790,-0.006412783,-0.049265599,0.053060119,0.034675597,0.006580014,0.001001423,-0.003172938
-0.025890608,-0.011363547,-0.009048948,-0.058056224,0.055552123,0.034134855,0.006670195,0.001086080,-0.003161702
-0.025894394,-0.022783554,-0.011124003,-0.066662635,0.058015768,0.033590403,0.006760320,0.001170780,-0.003150463
-0.025898179,-0.016838766,-0.010779340,-0.075016723,0.060446296,0.033042243,0.006850388,0.001255524,-0.003139221
-0.025901963,0.003242644,-0.009850134,-0.083050380,0.062838950,0.032490376,0.006940397,0.001340311,-0.003127978
-0.025905747,0.007530945,-0.008470004,-0.090695501,0.065188973,0.031934804,0.007030343,0.001425140,-0.003116732
-0.025909529,0.008630005,-0.004306164,-0.097883976,0.067491608,0.031375527,0.007120226,0.001510011,-0.003105485
-0.025913311,0.004278081,-0.000160224,-0.104547699,0.069742098,0.030812546,0.007210042,0.001594923,-0.003094235
-0.025917092,-0.005252969,0.003632613,-0.110618562,0.071935685,0.030245864,0.007299789,0.001679876,-0.003082983
-0.025920871,-0.003933486,0.005979339,-0.116028458,0.074067612,0.029675480,0.007389465,0.001764870,-0.003071728
-0.025924651,0.002297401,0.007755732,-0.120709278,0.076133122,0.029101397,0.007479068,0.001849904,-0.003060472
-0.025928429,0.013258368,0.009079769,-0.124592916,0.078127457,0.028523614,0.007568595,0.001934977,-0.003049214
-0.025932206,0.003802402,0.010035114,-0.127611264,0.080045861,0.027942135,0.007658045,0.002020088,-0.003037953
-0.025935983,-0.006080270,0.010568192,-0.129696214,0.081883576,0.027356959,0.007747414,0.002105239,-0.003026690
-0.025939759,-0.021365109,0.010202394,-0.130292622,0.083537527,0.026768087,0.007836702,0.002190427,-0.003015426
-0.025943533,-0.003371564,0.010602493,-0.129839300,0.085101208,0.026175522,0.007925904,0.002275653,-0.003004159
-0.025947307,-0.000045042,0.009670495,-0.128288024,0.086569793,0.025579264,0.008015019,0.002360916,-0.002992891
-0.025951081,0.009325064,0.006652396,-0.125590570,0.087938459,0.024979314,0.008104046,0.002446215,-0.002981620
-0.025954853,0.010449359,-0.006642954,-0.114261566,0.089202379,0.024375673,0.008192981,0.002531550,-0.002970347
-0.025958625,0.014226174,-0.023516007,-0.101894065,0.090356731,0.023768343,0.008281822,0.002616921,-0.002959073
-0.025962395,-0.001445255,-0.041705266,-0.088643974,0.091396689,0.023157325,0.008370567,0.002702327,-0.002947796
-0.025966165,0.007303364,-0.064918291,-0.074667198,0.092317429,0.022542620,0.008459213,0.002787768,-0.002936518
-0.025969934,0.022048999,-0.084571319,-0.060119643,0.093114126,0.021924229,0.008547760,0.002873242,-0.002925238
-0.025973702,-0.009730753,-0.078201001,-0.044937428,0.093781955,0.021302153,0.008636203,0.002958750,-0.002913955
-0.025977469,-0.077268617,-0.066210674,-0.029479665,0.094316092,0.020676394,0.008724541,0.003044292,-0.002902671
-0.025981236,-0.164678021,-0.049342758,-0.013885679,0.095211448,0.019547216,0.008812772,0.003129866,-0.002891385
-0.025985001,-0.231072396,-0.028339672,0.001705204,0.095963219,0.018414601,0.008900893,0.003215472,-0.002880098
-0.025988766,-0.295565169,-0.003943837,0.017153661,0.096566335,0.017278795,0.008988902,0.003301109,-0.002868808
-0.025992530,-0.357269771,0.023102329,0.032320366,0.097015729,0.016140041,0.009076797,0.003386778,-0.002857517
-0.025996293,-0.420299630,0.052056403,0.047065994,0.097306330,0.014998587,0.009164575,0.003472477,-0.002846224
-0.026000055,-0.424988986,0.088396780,0.061251222,0.097433071,0.013854677,0.009252235,0.003558207,-0.002834929
-0.026003816,-0.368888661,0.124818427,0.074736724,0.097390883,0.012708556,0.009339774,0.003643966,-0.002823632
-0.026007576,-0.275770283,0.160237129,0.087383176,0.097174697,0.011560470,0.009427189,0.003729755,-0.002812334
-0.026011336,-0.134405484,0.193568665,0.099051253,0.096779444,0.010410663,0.009514479,0.003815572,-0.002801034
-0.026015095,0.041434104,0.223728819,0.109601630,0.096200055,0.009259383,0.009601640,0.003901418,-0.002789732
-0.026018853,0.287976852,0.249633372,0.118894982,0.095431462,0.008106872,0.009688672,0.003987291,-0.002778429
-0.026022610,0.521451129,0.270198105,0.126791985,0.094468596,0.006953378,0.009775571,0.004073192,-0.002767123
-0.026026366,0.693085303,0.284338801,0.133153314,0.093306389,0.005799144,0.009862336,0.004159119,-0.002755817
-0.026030121,0.734107743,0.290971241,0.137839644,0.091939771,0.004644417,0.009948963,0.004245073,-0.002744508
-0.026033875,0.660526832,0.249998784,0.128922239,0.086385495,0.003489442,0.010035451,0.004331052,-0.002733199
-0.026037629,0.400075170,0.202637566,0.118453024,0.080642659,0.002334464,0.010121798,0.004417057,-0.002721887
-0.026041381,0.020265369,0.151091300,0.106694510,0.074732183,0.001179728,0.010208001,0.004503086,-0.002710574
-0.026045133,-0.251389959,0.097563699,0.093909211,0.068674985,0.000025480,0.010294058,0.004589140,-0.002699259
-0.026048884,-0.322378200,0.044258476,0.080359639,0.062491985,-0.001128035,0.010379966,0.004675218,-0.002687943
-0.026052634,-0.265186743,-0.006620657,0.066308307,0.056204103,-0.002280572,0.010465724,0.004761319,-0.002676625
-0.026056383,-0.125426086,-0.049746875,0.052017728,0.049832258,-0.003431886,0.010551329,0.004847443,-0.002665306
-0.026060132,-0.022199174,-0.086300908,0.037750414,0.043397369,-0.004581731,0.010636779,0.004933590,-0.002653986
-0.026063879,0.037267937,-0.114340373,0.023768878,0.036920355,-0.005729861,0.010722071,0.005019758,-0.002642664
-0.026067626,0.031851771,-0.098025470,0.010335632,0.030422135,-0.006876032,0.010807204,0.005105948,-0.002631340
-0.026071372,0.013672508,-0.075384641,-0.001662223,0.023923630,-0.008019999,0.010892175,0.005192159,-0.002620015
-0.026075116,0.000952910,-0.049265317,-0.012621179,0.017445759,-0.009161516,0.010976981,0.005278390,-0.002608689
-0.026078860,0.001371695,-0.027595477,-0.022313139,0.011009439,-0.010300337,0.011061621,0.005364641,-0.002597361
-0.026082603,0.007931411,-0.008626926,-0.030510005,0.004635592,-0.011436218,0.011146092,0.005450912,-0.002586032
-0.026086346,0.007143323,0.005879812,-0.036983683,-0.001654863,-0.012568913,0.011230391,0.005537201,-0.002574701
-0.026090087,0.003729722,0.006781363,-0.032334249,-0.007841008,-0.013698176,0.011314518,0.005623510,-0.002563369
-0.026093828,-0.003534341,0.004924963,-0.026205154,-0.013901923,-0.014823764,0.011398469,0.005709836,-0.002552036
-0.026097567,-0.010873816,0.001986025,-0.019132539,-0.019752171,-0.015945429,0.011482242,0.005796179,-0.002540702
-0.026101306,-0.000523492,0.000649801,-0.011524297,-0.025434565,-0.017062928,0.011565834,0.005882540,-0.002529366
-0.026105044,0.003742486,0.000863432,-0.004575370,-0.030927400,-0.018176014,0.011649244,0.005968917,-0.002518029
-0.026108781,-0.003565134,0.002775652,0.002032810,-0.036208971,-0.019284443,0.011732470,0.006055311,-0.002506691
-0.026112517,0.007692494,0.001563406,0.004503007,-0.037798077,-0.020387969,0.011815508,0.006141720,-0.002495351
-0.026116252,-0.003382773,-0.001891986,0.006318666,-0.039161577,-0.021486346,0.011898357,0.006228144,-0.002484011
-0.026119986,-0.013753621,-0.005710886,0.007569955,-0.040306837,-0.022579330,0.011981015,0.006314583,-0.002472669
-0.026123720,-0.010816372,-0.007580023,0.008347045,-0.041241221,-0.023666675,0.012063478,0.006401035,-0.002461326
-0.026127453,0.006561829,-0.008715299,0.008740106,-0.041972091,-0.024748136,0.012145746,0.006487502,-0.002449981
-0.026131184,0.013208629,-0.009027409,0.008839307,-0.042506813,-0.025823468,0.012227815,0.006573981,-0.002438636
-0.026134915,0.013523108,-0.007998481,0.008734819,-0.042852751,-0.026892425,0.012309684,0.006660474,-0.002427289
-0.026138645,0.008190075,-0.006968143,0.009088579,-0.043017268,-0.027954762,0.012391349,0.006746978,-0.002415942
-0.026142374,-0.012534229,-0.005640635,0.009355712,-0.043007728,-0.029010234,0.012472809,0.006833494,-0.002404593
-0.026146102,-0.004351695,-0.003333837,0.009563107,-0.042831496,-0.030058595,0.012554062,0.006920022,-0.002393243
-0.026149830,0.003953247,-0.001283087,0.009737657,-0.042495936,-0.031099601,0.012635105,0.007006560,-0.002381892
-0.026153556,0.007638033,0.000234405,0.009906252,-0.042008411,-0.032133005,0.012715936,0.007093108,-0.002370540
-0.026157282,0.007260559,0.000640978,0.010095783,-0.041376286,-0.033158563,0.012796553,0.007179666,-0.002359188
-0.026161006,-0.002919455,0.000657140,0.010139703,-0.040547222,-0.034042291,0.012876953,0.007266234,-0.002347834
-0.026164730,0.002374905,-0.000496353,0.010742444,-0.039589832,-0.034917676,0.012957134,0.007352810,-0.002336479
-0.026168453,-0.004687033,0.000511841,0.011411997,-0.038513028,-0.035784467,0.013037094,0.007439394,-0.002325123
-0.026172175,0.008135869,0.001531948,0.012065662,-0.037325719,-0.036642413,0.013116830,0.007525987,-0.002313766
-0.026175896,0.011123056,0.002322241,0.012674381,-0.036036817,-0.037491263,0.013196341,0.007612586,-0.002302408
-0.026179616,0.005926280,0.001268691,0.013209096,-0.034655231,-0.038330765,0.013275624,0.007699192,-0.002291050
-0.026183335,0.001173682,-0.000127149,0.013548773,-0.033189873,-0.039160667,0.013354676,0.007785805,-0.002279690
-0.026187054,-0.013387505,-0.001711374,0.013800938,-0.031649653,-0.039980720,0.013433496,0.007872424,-0.002268330
-0.026190771,0.001521672,-0.002646136,0.013857451,-0.030043482,-0.040790672,0.013512082,0.007959048,-0.002256968
-0.026194488,0.006307023,-0.003455797,0.013845526,-0.028380271,-0.041590272,0.013590430,0.008045677,-0.002245606
-0.026198204,0.010906074,-0.004072745,0.013768688,-0.026668929,-0.042379267,0.013668539,0.008132310,-0.002234243
-0.026201918,0.004941449,-0.004114467,0.013630463,-0.024918369,-0.043157409,0.013746406,0.008218947,-0.002222879
-0.026205632,-0.011080978,-0.004081700,0.013434374,-0.023137500,-0.043924444,0.013824029,0.008305588,-0.002211515
-0.026209345,-0.011758897,-0.004371617,0.013183948,-0.021335233,-0.044680122,0.013901406,0.008392231,-0.002200149
-0.026213058,-0.002344659,-0.004726729,0.012882709,-0.019520479,-0.045424192,0.013978535,0.008478877,-0.002188783
-0.026216769,0.007120720,-0.005100883,0.012534183,-0.017702148,-0.046156402,0.014055413,0.008565525,-0.002177416
-0.026220479,0.011596227,-0.005447929,0.012141893,-0.015889151,-0.046876502,0.014132038,0.008652174,-0.002166049
-0.026224189,0.016040845,-0.005721713,0.011709366,-0.014090399,-0.047584240,0.014208407,0.008738825,-0.002154680
-0.026227897,-0.004004140,-0.006458383,0.011240125,-0.012314802,-0.048279365,0.014284519,0.008825476,-0.002143311
-0.026231605,-0.014311101,-0.006880429,0.010737697,-0.010571271,-0.048961626,0.014360371,0.008912127,-0.002131942
-0.026235312,-0.006241922,-0.005620829,0.010205606,-0.008868717,-0.049630771,0.014435962,0.008998777,-0.002120571
-0.026239017,-0.008345731,-0.004125319,0.009647377,-0.007216051,-0.050286550,0.014511287,0.009085427,-0.002109201
-0.026242722,0.004656533,-0.002667823,0.009066534,-0.005622182,-0.050928711,0.014586346,0.009172075,-0.002097829
-0.026246426,-0.002261899,-0.001216432,0.008466604,-0.004096021,-0.051557003,0.014661137,0.009258721,-0.002086457
-0.026250130,0.002280244,-0.001147283,0.007851111,-0.002646480,-0.052171175,0.014735655,0.009345365,-0.002075084
-0.026253832,-0.004397338,0.000225063,0.007223579,-0.001282469,-0.052770976,0.014809901,0.009432005,-0.002063711
-0.026257533,-0.006042639,0.001653736,0.006587535,-0.000012899,-0.053356155,0.014883871,0.009518643,-0.002052337
-0.026261234,-0.002481233,0.002969449,0.005946502,0.001153321,-0.053926459,0.014957562,0.009605276,-0.002040963
-0.026264933,0.011762223,0.003701995,0.005304007,0.002207279,-0.054481639,0.015030974,0.009691906,-0.002029588
-0.026268632,0.003839026,0.002204128,0.004333915,0.002970808,-0.055021443,0.015104102,0.009778530,-0.002018212
-0.026272329,-0.008645704,0.000351682,0.003377586,0.003621348,-0.055545620,0.015176946,0.009865149,-0.002006836
-0.026276026,-0.001605092,-0.000962351,0.002446723,0.004167082,-0.056053918,0.015249503,0.009951762,-0.001995460
-0.026279722,0.004770943,-0.001568185,0.001553026,0.004616191,-0.056546087,0.015321771,0.010038369,-0.001984083
-0.026283417,-0.006157192,0.000553489,0.000308348,0.004976860,-0.057021875,0.015393746,0.010124969,-0.001972706
-0.026287111,0.008837916,0.001713908,-0.000834391,0.004564667,-0.056803295,0.015480295,0.010211562,-0.001961329
-0.026290804,0.005898408,0.000469567,-0.001582261,0.004080832,-0.056568264,0.015566548,0.010298147,-0.001949951
-0.026294496,0.003388635,-0.001325155,-0.002162421,0.003533970,-0.056316966,0.015652504,0.010384724,-0.001938572
-0.026298188,-0.009462480,-0.002920318,-0.002562166,0.002932698,-0.056049583,0.015738160,0.010471292,-0.001927193
-0.026301878,0.000281407,-0.002659783,-0.002382411,0.002285632,-0.055766297,0.015823516,0.010557851,-0.001915814
-0.026305568,0.004136311,-0.001626647,-0.001958709,0.001495591,-0.055467290,0.015908568,0.010644400,-0.001904435
-0.026309256,-0.003627546,0.000955402,-0.001454873,0.000680041,-0.055152744,0.015993315,0.010730939,-0.001893055
-0.026312944,0.005188400,0.001934331,-0.000928922,-0.000149350,-0.054822842,0.016077756,0.010817468,-0.001881675
-0.026316631,0.000421061,0.001503628,-0.000422737,-0.000980911,-0.054477765,0.016161888,0.010903985,-0.001870295
-0.026320316,-0.003844314,0.000607528,0.000022712,-0.001802975,-0.054117697,0.016245710,0.010990490,-0.001858915
-0.026324001,-0.008020691,-0.000327658,0.000382595,-0.002603872,-0.053742818,0.016329220,0.011076984,-0.001847534
-0.026327685,-0.007961149,-0.000435504,0.000632078,-0.003371933,-0.053353313,0.016412416,0.011163464,-0.001836153
-0.026331368,0.006845779,0.000071817,-0.000137878,-0.003530903,-0.052915681,0.016495296,0.011249932,-0.001824772
-0.026335051,0.001664547,0.000610838,-0.001010328,-0.003644771,-0.052463868,0.016577859,0.011336386,-0.001813391
-0.026338732,0.001460596,0.001183049,-0.001952534,-0.003712940,-0.051998136,0.016660103,0.011422826,-0.001802009
-0.026342412,-0.003607530,0.001596836,-0.002931759,-0.003734814,-0.051518748,0.016742026,0.011509251,-0.001790628
-0.026346091,-0.003381285,0.000928725,-0.003379887,-0.003513313,-0.051025967,0.016823625,0.011595661,-0.001779246
-0.026349770,-0.001800445,-0.001162299,-0.003817376,-0.003246922,-0.050520057,0.016904900,0.011682056,-0.001767864
-0.026353447,0.000051935,-0.003605835,-0.004229307,-0.002937644,-0.050001281,0.016985849,0.011768435,-0.001756482
-0.026357124,0.006994480,-0.006233157,-0.004600760,-0.002587480,-0.049469901,0.017066469,0.011854797,-0.001745100
-0.026360800,-0.006332102,-0.008697628,-0.004916816,-0.002198432,-0.048926182,0.017146759,0.011941142,-0.001733718
-0.026364474,-0.009927338,-0.011012372,-0.005162554,-0.001772503,-0.048370387,0.017226717,0.012027470,-0.001722336
-0.026368148,0.000150098,-0.012131366,-0.005323055,-0.001311695,-0.047802778,0.017306342,0.012113779,-0.001710954
-0.026371821,-0.000111960,-0.013926753,-0.004511744,-0.000818009,-0.047223619,0.017385631,0.012200070,-0.001699572
-0.026375493,0.009393094,-0.015625046,-0.003606446,-0.000293449,-0.046633173,0.017464582,0.012286343,-0.001688190
-0.026379164,0.008345660,-0.016898208,-0.002613328,0.000259984,-0.046031703,0.017543194,0.012372595,-0.001676808
-0.026382834,-0.002778681,-0.018213386,-0.001538560,0.000840288,-0.045419472,0.017621466,0.012458828,-0.001665426
-0.026386504,-0.003930549,-0.019611521,-0.000388312,0.001445460,-0.044796744,0.017699394,0.012545041,-0.001654044
-0.026390172,-0.010060566,-0.021133554,0.000831249,0.002073499,-0.044163783,0.017776978,0.012631232,-0.001642662
-0.026393839,0.008750799,-0.022690581,0.002113953,0.002722402,-0.043520850,0.017854216,0.012717402,-0.001631281
-0.026397505,0.012332266,-0.024102885,0.003453632,0.003390167,-0.042868209,0.017931105,0.012803551,-0.001619899
-0.026401171,0.009154004,-0.023832198,0.004844116,0.004074791,-0.042206124,0.018007645,0.012889677,-0.001608517
-0.026404835,-0.004728631,-0.022925441,0.006279237,0.004774274,-0.041534857,0.018083832,0.012975780,-0.001597136
-0.026408499,-0.019488984,-0.021200831,0.007752825,0.005486612,-0.040854672,0.018159666,0.013061860,-0.001585755
-0.026412162,0.007287100,-0.016064085,0.009258712,0.006209803,-0.040165832,0.018235144,0.013147915,-0.001574374
-0.026415823,0.003363779,-0.010270928,0.010790730,0.006941846,-0.039468601,0.018310266,0.013233947,-0.001562993
-0.026419484,0.014092714,-0.004164582,0.012342708,0.007680738,-0.038763241,0.018385028,0.013319954,-0.001551613
-0.026423144,0.005228840,0.001508455,0.013908478,0.008424477,-0.038050015,0.018459429,0.013405936,-0.001540233
-0.026426803,-0.008359809,0.006888584,0.015481871,0.009171060,-0.037329188,0.018533468,0.013491891,-0.001528853
-0.026430461,-0.009569519,0.009880528,0.017056719,0.009918487,-0.036601021,0.018607142,0.013577821,-0.001517473
-0.026434118,-0.015274651,0.012367085,0.018626852,0.010664754,-0.035865779,0.018680450,0.013663724,-0.001506093
-0.026437774,-0.010517162,0.014398648,0.020186101,0.011407859,-0.035123724,0.018753389,0.013749599,-0.001494714
-0.026441429,-0.015339006,0.016025607,0.021728298,0.012145801,-0.034375120,0.018825959,0.013835447,-0.001483335
-0.026445083,-0.019782139,0.017298357,0.023247274,0.012876576,-0.033620230,0.018898157,0.013921267,-0.001471957
-0.026448737,-0.008888518,0.018267290,0.024736859,0.013598184,-0.032859316,0.018969982,0.014007058,-0.001460579
-0.026452389,-0.012700099,0.018982797,0.026190886,0.014308621,-0.032092643,0.019041431,0.014092820,-0.001449201
-0.026456040,-0.001258836,0.019495272,0.027603184,0.015005886,-0.031320474,0.019112503,0.014178552,-0.001437824
-0.026459691,0.010393313,0.019855106,0.028967585,0.015687977,-0.030543071,0.019183196,0.014264254,-0.001426447
-0.026463340,0.012214392,0.020112693,0.030277921,0.016352890,-0.029760697,0.019253508,0.014349925,-0.001415071
-0.026466989,0.014162447,0.020318425,0.031528022,0.016998625,-0.028973617,0.019323438,0.014435565,-0.001403695
-0.026470636,-0.003040779,0.019758994,0.032711719,0.017623179,-0.028182093,0.019392984,0.014521174,-0.001392319
-0.026474283,-0.015118741,0.019166292,0.033822844,0.018224550,-0.027386389,0.019462143,0.014606751,-0.001380944
-0.026477929,0.003840253,0.017637064,0.034855227,0.018800736,-0.026586767,0.019530914,0.014692295,-0.001369570
-0.026481573,0.013041381,0.015974567,0.035802700,0.019349734,-0.025783492,0.019599296,0.014777805,-0.001358196
-0.026485217,0.017561272,0.014110610,0.036659093,0.019869543,-0.024976825,0.019667285,0.014863283,-0.001346822
-0.026488860,-0.001340670,0.011677265,0.036535200,0.020358160,-0.024167030,0.019734882,0.014948726,-0.001335449
-0.026492502,-0.009959644,0.009080786,0.036322229,0.020813583,-0.023354371,0.019802083,0.015034135,-0.001324077
-0.026496143,-0.013408068,0.006427690,0.036028353,0.021233810,-0.022539111,0.019868887,0.015119509,-0.001312705
-0.026499783,-0.011796388,0.003822521,0.035661741,0.021616838,-0.021721512,0.019935292,0.015204847,-0.001301334
-0.026503422,-0.005227161,0.001361930,0.035230564,0.021960667,-0.020901839,0.020001297,0.015290149,-0.001289964
-0.026507060,0.006199033,-0.000859406,0.034742995,0.022263293,-0.020080353,0.020066899,0.015375415,-0.001278594
-0.026510697,0.007381611,-0.002746806,0.034207203,0.022522714,-0.019257319,0.020132097,0.015460644,-0.001267225
-0.026514333,0.007333930,-0.002436538,0.033468474,0.022016821,-0.018433000,0.020196889,0.015545836,-0.001255856
-0.026517968,-0.007939189,-0.001828134,0.032700118,0.021467281,-0.017607659,0.020261273,0.015630989,-0.001244489
-0.026521602,-0.003115322,-0.001255734,0.031912555,0.020875654,-0.016781559,0.020325247,0.015716104,-0.001233122
-0.026525236,0.001692605,-0.000618131,0.031116210,0.020243502,-0.015954963,0.020388810,0.015801180,-0.001221755
-0.026528868,0.006575329,-0.000017779,0.030321505,0.019572384,-0.015128134,0.020451959,0.015886217,-0.001210390
-0.026532499,0.011623586,0.000422575,0.029559155,0.018863860,-0.014301337,0.020514694,0.015971214,-0.001199025
-0.026536130,0.002313705,0.000247763,0.028806705,0.018119491,-0.013474833,0.020577011,0.016056171,-0.001187661
-0.026539759,-0.011835619,-0.000060041,0.028061991,0.017340837,-0.012648886,0.020638910,0.016141087,-0.001176298
-0.026543388,-0.005914965,-0.000409388,0.027322850,0.016529459,-0.011823759,0.020700388,0.016225961,-0.001164936
-0.026547015,-0.004994373,-0.000729370,0.026587119,0.015686915,-0.010999716,0.020761443,0.016310794,-0.001153574
-0.026550642,0.005861253,-0.000954216,0.025852633,0.014814768,-0.010177020,0.020822075,0.016395584,-0.001142213
-0.026554267,0.011587009,-0.001018152,0.025117231,0.013914577,-0.009355933,0.020882281,0.016480331,-0.001130854
-0.026557892,0.001950204,-0.000687619,0.024378748,0.012987902,-0.008536719,0.020942058,0.016565035,-0.001119495
-0.026561516,-0.012702992,-0.000307917,0.023635021,0.012036303,-0.007719642,0.021001407,0.016649696,-0.001108137
-0.026565138,0.002795719,-0.000046477,0.022883886,0.011031477,-0.006875100,0.021060323,0.016734312,-0.001096780
-0.026568760,0.013574308,-0.000030402,0.022123181,0.010004697,-0.006033070,0.021118807,0.016818884,-0.001085424
-0.026572381,0.015532618,-0.001158663,0.021350742,0.008957374,-0.005193665,0.021176856,0.016903410,-0.001074068
-0.026576001,0.012698302,-0.002458048,0.020564406,0.007890916,-0.004356996,0.021234467,0.016987890,-0.001062714
-0.026579619,0.004880970,-0.003737296,0.019762009,0.006806733,-0.003523178,0.021291641,0.017072325,-0.001051361
-0.026583237,-0.008109770,-0.004805148,0.018941388,0.005706236,-0.002692322,0.021348373,0.017156712,-0.001040009
-0.026586854,-0.001629108,-0.005305545,0.018100379,0.004590833,-0.001864542,0.021404664,0.017241053,-0.001028658
-0.026590470,0.004558578,-0.005473240,0.017236820,0.003461935,-0.001039949,0.021460510,0.017325345,-0.001017308
-0.026594085,-0.000252941,-0.004601135,0.016348546,0.002320951,-0.000218656,0.021515911,0.017409590,-0.001005959
-0.026597699,-0.004878097,-0.003873930,0.015433395,0.001169290,0.000599224,0.021570864,0.017493786,-0.000994611
-0.026601312,0.006491402,-0.004099048,0.014489203,0.000008363,0.001413578,0.021625367,0.017577933,-0.000983264
-0.026604924,-0.007531992,-0.003888073,0.013513807,-0.001160422,0.002224295,0.021679419,0.017662030,-0.000971919
-0.026608535,0.000818386,-0.000759884,0.012258127,-0.002335653,0.003031260,0.021733018,0.017746077,-0.000960574
-0.026612145,0.003751276,0.002820467,0.010977179,-0.003515923,0.003834362,0.021786162,0.017830074,-0.000949231
-0.026615754,-0.002546025,0.005656288,0.009679064,-0.004699820,0.004633489,0.021838850,0.017914020,-0.000937889
-0.026619362,0.005850970,0.004014230,0.008171349,-0.005885936,0.005428527,0.021891079,0.017997914,-0.000926548
-0.026622970,-0.008894705,0.000510159,0.006673840,-0.007072860,0.006219363,0.021942847,0.018081755,-0.000915208
-0.026626576,-0.013242868,-0.003416674,0.005205807,-0.008259184,0.007005887,0.021994154,0.018165545,-0.000903869
-0.026630181,-0.004707329,-0.005273023,0.003786524,-0.009443497,0.007787983,0.022044996,0.018249281,-0.000892532
-0.026633785,-0.001835040,-0.006532507,0.002435262,-0.010624390,0.008565541,0.022095373,0.018332964,-0.000881196
-0.026637388,0.015318765,-0.007160456,0.001171292,-0.011800453,0.009338448,0.022145282,0.018416593,-0.000869861
-0.026640991,0.011468319,-0.006891668,0.000013887,-0.012970276,0.010106590,0.022194722,0.018500168,-0.000858528
-0.026644592,0.001905710,-0.006038800,-0.001017683,-0.014132451,0.010869856,0.022243690,0.018583687,-0.000847195
-0.026648192,-0.013307504,-0.005274405,-0.001313715,-0.015285566,0.011628132,0.022292186,0.018667151,-0.000835865
-0.026651791,-0.005678794,-0.002481479,-0.001485037,-0.016428213,0.012381306,0.022340207,0.018750559,-0.000824535
-0.026655390,0.007008262,0.000142657,-0.001552046,-0.017558982,0.013129266,0.022387751,0.018833911,-0.000813207
-0.026658987,-0.004891679,0.002262448,-0.001535139,-0.018676463,0.013871899,0.022434817,0.018917206,-0.000801880
-0.026662583,0.006182121,0.001011649,-0.000972381,-0.019936965,0.014609092,0.022481402,0.019000443,-0.000790555
-0.026666179,-0.003047271,0.000022550,-0.000387835,-0.021171673,0.015340733,0.022527506,0.019083623,-0.000779231
-0.026669773,-0.012441970,-0.000811987,0.000176772,-0.022369489,0.016066708,0.022573125,0.019166744,-0.000767909
-0.026673367,0.001873005,-0.000113201,-0.000215693,-0.022610359,0.016550359,0.022618259,0.019249806,-0.000756588
-0.026676959,0.015933244,0.000853021,-0.000671777,-0.022793993,0.017028238,0.022662906,0.019332809,-0.000745268
-0.026680550,0.011000419,0.000617945,-0.001377870,-0.022526941,0.017500354,0.022707063,0.019415753,-0.000733950
-0.026684141,0.006187062,0.000264385,-0.002143745,-0.022194782,0.017966712,0.022750730,0.019498635,-0.000722634
-0.026687730,0.001541635,-0.000260536,-0.002963616,-0.021798894,0.018427321,0.022793903,0.019581457,-0.000711319
-0.026691319,-0.012887400,-0.001009693,-0.003831696,-0.021340651,0.018882186,0.022836582,0.019664218,-0.000700005
-0.026694906,-0.002078995,-0.002008548,-0.004742201,-0.020821429,0.019331314,0.022878764,0.019746917,-0.000688693
-0.026698492,-0.001121758,-0.003172907,-0.005689345,-0.020242607,0.019774712,0.022920448,0.019829554,-0.000677383
-0.026702078,0.009868287,-0.004391160,-0.006667341,-0.019605558,0.020212388,0.022961631,0.019912128,-0.000666074
-0.026705662,0.010424023,-0.005200605,-0.007670405,-0.018911660,0.020644347,0.023002313,0.019994639,-0.000654767
-0.026709246,-0.009183186,-0.005877019,-0.008692751,-0.018162288,0.021070597,0.023042491,0.020077086,-0.000643462
-0.026712828,-0.004235496,-0.006340637,-0.009530615,-0.017358820,0.021491144,0.023082164,0.020159469,-0.000632158
-0.026716410,-0.004574748,-0.006541932,-0.010390313,-0.016502630,0.021905995,0.023121329,0.020241787,-0.000620856
-0.026719990,0.004754791,-0.006426929,-0.011280181,-0.015595096,0.022315158,0.023159985,0.020324040,-0.000609556
-0.026723570,0.008708857,-0.005941653,-0.012208558,-0.014637593,0.022718638,0.023198130,0.020406227,-0.000598257
-0.026727148,-0.008441784,-0.004347162,-0.013183780,-0.013631498,0.023116443,0.023235762,0.020488349,-0.000586960
-0.026730726,-0.010880521,-0.002450357,-0.014214186,-0.012578187,0.023508580,0.023272880,0.020570403,-0.000575664
-0.026734302,-0.013567699,-0.000281185,-0.015308112,-0.011479035,0.023895055,0.023309481,0.020652391,-0.000564371
-0.026737878,-0.006206602,0.001873348,-0.016473896,-0.010335420,0.024275875,0.023345565,0.020734310,-0.000553079
-0.026741452,-0.003592503,0.003818222,-0.017719875,-0.009148717,0.024651047,0.023381128,0.020816162,-0.000541789
-0.026745026,0.009479328,0.005358419,-0.019054387,-0.007920302,0.025020577,0.023416169,0.020897945,-0.000530501
-0.026748598,0.013213619,0.006298918,-0.020485770,-0.006651553,0.025384473,0.023450687,0.020979659,-0.000519215
-0.026752170,0.009388370,0.005016295,-0.022167224,-0.005343844,0.025742742,0.023484679,0.021061304,-0.000507930
-0.026755740,-0.003836058,0.003179109,-0.023926302,-0.003998552,0.026095390,0.023518144,0.021142879,-0.000496648
-0.026759310,-0.006726031,0.001027517,-0.025735419,-0.002617053,0.026442423,0.023551080,0.021224383,-0.000485367
-0.026762878,0.006002622,-0.001748867,-0.027566993,-0.001200724,0.026783850,0.023583485,0.021305816,-0.000474088
-0.026766446,0.007029226,-0.002855578,-0.029393439,0.000249059,0.027119676,0.023615357,0.021387177,-0.000462811
-0.026770012,-0.002769386,-0.003195662,-0.031187173,0.001730921,0.027449909,0.023646695,0.021468466,-0.000451536
-0.026773577,-0.008573387,-0.002733944,-0.032801827,0.003243485,0.027774554,0.023677497,0.021549684,-0.000440263
-0.026777142,-0.011604497,-0.000186605,-0.034298125,0.004785374,0.028093620,0.023707760,0.021630828,-0.000428992
-0.026780705,-0.009750620,0.002277568,-0.035618006,0.006355214,0.028407113,0.023737484,0.021711898,-0.000417723
-0.026784268,0.003058793,0.003531338,-0.036703412,0.007951626,0.028715039,0.023766666,0.021792895,-0.000406456
-0.026787829,-0.002144731,0.002486490,-0.037496281,0.009573236,0.029017406,0.023795304,0.021873817,-0.000395191
-0.026791389,0.006471259,-0.004098981,-0.036585689,0.011218667,0.029314221,0.023823397,0.021954664,-0.000383928
-0.026794949,-0.014748598,-0.006969905,-0.034570071,0.012886543,0.029605489,0.023850943,0.022035436,-0.000372667
-0.026798507,-0.019593800,-0.001534307,-0.032250535,0.014575488,0.029891218,0.023877940,0.022116133,-0.000361408
-0.026802065,-0.011940482,0.006128700,-0.029670460,0.016284125,0.030171415,0.023904387,0.022196752,-0.000350151
-0.026805621,0.000101527,0.014173699,-0.026873228,0.018011079,0.030446087,0.023930280,0.022277295,-0.000338896
-0.026809176,0.013422399,0.020755269,-0.023902219,0.019754973,0.030715240,0.023955620,0.022357761,-0.000327643
-0.026812731,-0.007735250,0.021675547,-0.020800815,0.021514431,0.030978881,0.023980403,0.022438148,-0.000316393
-0.026816284,0.005768778,0.017839090,-0.017612396,0.023288077,0.031237017,0.024004628,0.022518458,-0.000305145
-0.026819836,-0.007194138,0.015419267,-0.014380343,0.025074534,0.031489655,0.024028294,0.022598688,-0.000293899
-0.026823387,0.013805137,0.014031698,-0.011148036,0.026872427,0.031736801,0.024051397,0.022678840,-0.000282655
-0.026826938,0.008937196,0.013550543,-0.007958857,0.028680379,0.031978463,0.024073938,0.022758911,-0.000271413
-0.026830487,0.013482359,0.013740234,-0.004856187,0.030497014,0.032214647,0.024095913,0.022838903,-0.000260173
-0.026834035,0.012720942,0.014365207,-0.001883406,0.032320956,0.032445361,0.024117321,0.022918813,-0.000248936
-0.026837582,0.016933266,0.015189894,0.000916105,0.034150829,0.032670610,0.024138160,0.022998642,-0.000237701
-0.026841128,0.016399647,0.015978731,0.003498964,0.035985256,0.032890402,0.024158429,0.023078390,-0.000226469
-0.026844673,0.011400406,0.016496150,0.005821792,0.037822862,0.033104743,0.024178125,0.023158055,-0.000215238
-0.026848218,0.022215860,0.016506587,0.007841207,0.039662270,0.033313640,0.024197247,0.023237638,-0.000204010
-0.026851761,0.024126329,0.015774474,0.009513829,0.041502104,0.033517101,0.024215793,0.023317138,-0.000192784
-0.026855303,0.020659457,0.012350387,0.009262809,0.043340987,0.033715132,0.024233761,0.023396554,-0.000181561
-0.026858844,-0.001917801,0.008377724,0.008679165,0.045177545,0.033907739,0.024251149,0.023475885,-0.000170340
-0.026862384,-0.009091164,0.004286024,0.007820450,0.047010399,0.034094930,0.024267956,0.023555132,-0.000159121
-0.026865923,-0.000205106,-0.000636418,0.006744214,0.048838175,0.034276712,0.024284179,0.023634294,-0.000147905
-0.026869461,0.003085880,-0.004791289,0.005508009,0.050659496,0.034453090,0.024299818,0.023713371,-0.000136691
-0.026872998,0.002235801,-0.002771100,0.002090005,0.052634691,0.034624073,0.024314869,0.023792361,-0.000125480
-0.026876534,0.000639116,0.000036569,-0.001351828,0.054598908,0.034789666,0.024329332,0.023871265,-0.000114271
-0.026880068,-0.006342462,0.003194556,-0.004738902,0.056549001,0.034949877,0.024343204,0.023950081,-0.000103065
-0.026883602,-0.018347219,0.006265703,-0.007992630,0.058481825,0.035104712,0.024356484,0.024028810,-0.000091861
-0.026887135,-0.003711493,0.007510899,-0.011034423,0.060394234,0.035254179,0.024369170,0.024107451,-0.000080659
-0.026890667,0.026551554,0.005781098,-0.010802281,0.061386432,0.035398284,0.024381260,0.024186004,-0.000069460
-0.026894198,0.037730706,0.002887654,-0.010291934,0.062354005,0.035537033,0.024392752,0.024264467,-0.000058264
-0.026897727,0.028866126,-0.005196214,-0.009515703,0.063295891,0.035670434,0.024403644,0.024342841,-0.000047070
-0.026901256,-0.018991030,-0.014508288,-0.008485907,0.064211027,0.035798494,0.024413935,0.024421125,-0.000035879
-0.026904784,-0.026038229,-0.024837722,-0.007214864,0.065098351,0.035921219,0.024423623,0.024499319,-0.000024691
-0.026908310,-0.017472940,-0.035973669,-0.005714896,0.065956799,0.036038616,0.024432706,0.024577421,-0.000013505
-0.026911836,-0.023492630,-0.047705287,-0.003998320,0.066785309,0.036150692,0.024441182,0.024655433,-0.000002321
-0.026915360,-0.019294766,-0.059821728,-0.002077456,0.067582818,0.036257454,0.024449049,0.024733352,0.000008859
-0.026918884,-0.020076816,-0.072112149,0.000035376,0.068348264,0.036358909,0.024456306,0.024811178,0.000020037
-0.026922406,-0.026036248,-0.084365703,0.002327858,0.069080583,0.036455063,0.024462951,0.024888912,0.000031213
-0.026925928,-0.017370529,-0.096371546,0.004787669,0.069778713,0.036545923,0.024468981,0.024966553,0.000042385
-0.026929448,-0.024277127,-0.107918832,0.007402491,0.070441592,0.036631496,0.024474396,0.025044099,0.000053555
-0.026932968,-0.008652728,-0.117097498,0.010160004,0.071068157,0.036711788,0.024479193,0.025121552,0.000064723
-0.026936486,0.001193725,-0.125585224,0.013047888,0.071657344,0.036786808,0.024483371,0.025198909,0.000075887
-0.026940003,0.010254071,-0.133360469,0.016053825,0.072208091,0.036856561,0.024486927,0.025276171,0.000087049
-0.026943519,0.006417499,-0.138299048,0.019165495,0.072719336,0.036921054,0.024489861,0.025353337,0.000098207
-0.026947035,-0.007914317,-0.142789254,0.022370578,0.073190016,0.036980294,0.024492169,0.025430407,0.000109363
-0.026950549,-0.002115773,-0.147443316,0.025656756,0.073619068,0.037034288,0.024493851,0.025507380,0.000120517
-0.026954062,-0.001397790,-0.152036934,0.029011709,0.074005429,0.037083043,0.024494904,0.025584256,0.000131667
-0.026957574,0.009355291,-0.156672390,0.032423118,0.074348037,0.037126565,0.024495327,0.025661034,0.000142814
-0.026961085,0.010837068,-0.162029905,0.035878662,0.074645829,0.037164862,0.024495118,0.025737714,0.000153959
-0.026964595,0.007552884,-0.167601442,0.039366024,0.074897742,0.037197939,0.024494274,0.025814295,0.000165101
-0.026968104,-0.000413982,-0.173456906,0.042872883,0.075102714,0.037225805,0.024492795,0.025890777,0.000176240
-0.026971612,-0.007980249,-0.179666197,0.046386921,0.075259681,0.037248465,0.024490679,0.025967159,0.000187375
-0.026975118,0.000371941,-0.186733799,0.049895817,0.075367582,0.037265927,0.024487923,0.026043440,0.000198508
-0.026978624,0.004541630,-0.194545373,0.053387253,0.075425353,0.037278198,0.024484526,0.026119622,0.000209638
-0.026982129,0.008642210,-0.202200936,0.056848909,0.075431931,0.037285283,0.024480486,0.026195702,0.000220765
-0.026985632,0.008156175,-0.210169603,0.060268466,0.075386255,0.037287191,0.024475801,0.026271680,0.000231889
-0.026989135,-0.002654206,-0.217700265,0.063633605,0.075721099,0.036922385,0.024398173,0.026347556,0.000243010
-0.026992637,0.008626582,-0.227195061,0.066932005,0.076001448,0.036552525,0.024319902,0.026423330,0.000254128
-0.026996137,0.022777048,-0.234419122,0.070151348,0.076226122,0.036177729,0.024240991,0.026499000,0.000265243
-0.026999637,0.033728949,-0.238290827,0.073279315,0.076393942,0.035798113,0.024161444,0.026574567,0.000276355
-0.027003135,0.009496954,-0.222547437,0.077039556,0.076503732,0.035413796,0.024081264,0.026650030,0.000287463
-0.027006632,-0.038489291,-0.202860200,0.080674729,0.076554311,0.035024895,0.024000453,0.026725388,0.000298569
-0.027010129,-0.089717228,-0.179719243,0.084163465,0.076544502,0.034631526,0.023919017,0.026800641,0.000309671
-0.027013624,-0.143674300,-0.153614697,0.087484392,0.076473126,0.034233808,0.023836957,0.026875788,0.000320771
-0.027017118,-0.204847948,-0.125036689,0.090616139,0.076339006,0.033831857,0.023771869,0.026933239,0.000331867
-0.027020611,-0.257725615,-0.094475347,0.093537336,0.076140961,0.033425792,0.023706164,0.026990583,0.000342960
-0.027024103,-0.311794743,-0.062420801,0.096226611,0.075877815,0.033015728,0.023639846,0.027047821,0.000354050
-0.027027594,-0.391542775,-0.029363179,0.098662593,0.075548388,0.032601785,0.023572917,0.027104952,0.000365136
-0.027031084,-0.446457152,0.004207390,0.100823911,0.075151502,0.032184078,0.023505381,0.027161976,0.000376219
-0.027034573,-0.441120810,0.042896271,0.102689196,0.074685979,0.031762726,0.023437240,0.027218894,0.000387299
-0.027038061,-0.364748654,0.080940797,0.104237074,0.074150640,0.031337846,0.023368499,0.027275704,0.000398376
-0.027041548,-0.266651080,0.117673796,0.105446177,0.073544308,0.030909555,0.023299158,0.027332407,0.000409450
-0.027045033,-0.156138488,0.152428094,0.108176197,0.070984736,0.030477970,0.023229223,0.027389002,0.000420520
-0.027048518,0.007478727,0.184536517,0.110519866,0.068356648,0.030043209,0.023158696,0.027445490,0.000431587
-0.027052001,0.249890165,0.213331894,0.112450977,0.065663698,0.029605390,0.023087580,0.027501870,0.000442650
-0.027055484,0.506785430,0.238147049,0.113943325,0.062909543,0.029164629,0.023015877,0.027558143,0.000453711
-0.027058965,0.653854123,0.258314811,0.114970706,0.060097838,0.028721044,0.022943592,0.027614307,0.000464767
-0.027062446,0.686785848,0.273168006,0.115506913,0.057232238,0.028274752,0.022870727,0.027670362,0.000475821
-0.027065925,0.592573052,0.248831074,0.107431285,0.054316401,0.027825870,0.022797285,0.027726309,0.000486871
-0.027069403,0.348836235,0.219525852,0.098897706,0.051353980,0.027374517,0.022723270,0.027782147,0.000497917
-0.027072880,0.004498741,0.186265792,0.089965608,0.048348632,0.026920809,0.022648683,0.027837877,0.000508961
-0.027076356,-0.276516084,0.150064343,0.080694416,0.045304013,0.026464864,0.022573529,0.027893497,0.000520000
-0.027079832,-0.385284897,0.111934957,0.071143561,0.042223778,0.026006798,0.022497811,0.027949008,0.000531037
-0.027083305,-0.362884351,0.072891084,0.061372471,0.039111583,0.025546730,0.022421531,0.028004410,0.000542069
-0.027086778,-0.266998833,0.035553905,0.051440574,0.035971084,0.025084777,0.022344692,0.028059702,0.000553098
-0.027090250,-0.187076975,-0.000691151,0.041407299,0.032805935,0.024621056,0.022267299,0.028114884,0.000564124
-0.027093721,-0.119175141,-0.034850924,0.031332074,0.029619794,0.024155685,0.022189352,0.028169957,0.000575146
-0.027097191,-0.064349697,-0.065932254,0.021274328,0.026416316,0.023688780,0.022110857,0.028224919,0.000586165
-0.027100659,-0.023657004,-0.092941984,0.011293489,0.023199155,0.023220459,0.022031815,0.028279771,0.000597180
-0.027104127,0.021846572,-0.114886952,0.001448986,0.019971969,0.022750840,0.021952231,0.028334512,0.000608191
-0.027107593,0.020928534,-0.105597866,-0.008199753,0.016738413,0.022280040,0.021872106,0.028389143,0.000619199
-0.027111058,0.020044701,-0.091914734,-0.017272314,0.013502142,0.021808175,0.021791444,0.028443663,0.000630203
-0.027114523,0.005474758,-0.074868000,-0.026021713,0.010266811,0.021335365,0.021710248,0.028498071,0.000641204
-0.027117986,0.016044835,-0.058355537,-0.034379984,0.007036078,0.020861725,0.021628522,0.028552369,0.000652200
-0.027121448,0.015350182,-0.041044340,-0.042279159,0.003813597,0.020387374,0.021546267,0.028606555,0.000663193
-0.027124909,0.009532492,-0.024147845,-0.049651269,0.000603024,0.019912428,0.021463488,0.028660630,0.000674183
-0.027128369,0.009733461,-0.008879492,-0.056428347,-0.002591985,0.019437006,0.021380187,0.028714593,0.000685169
-0.027131828,0.007196390,0.003445674,-0.062542425,-0.005767774,0.018961223,0.021296367,0.028768444,0.000696150
-0.027135286,-0.013571846,0.013249035,-0.067925535,-0.008920689,0.018485199,0.021212032,0.028822183,0.000707129
-0.027138742,-0.002333822,0.014407948,-0.066696234,-0.012047072,0.018009049,0.021127184,0.028875809,0.000718103
-0.027142198,0.004913663,0.013825236,-0.064764325,-0.015143269,0.017532892,0.021041827,0.028929324,0.000729074
-0.027145653,0.012802755,0.011961305,-0.062226135,-0.018205624,0.017056845,0.020955963,0.028982725,0.000740040
-0.027149106,0.012499973,0.007742189,-0.059177990,-0.021230481,0.016581024,0.020869596,0.029036014,0.000751003
-0.027152558,0.006934326,0.003331428,-0.055716218,-0.024214185,0.016105548,0.020782729,0.029089190,0.000761963
-0.027156010,-0.004430801,-0.000641810,-0.052490592,-0.026599634,0.015630534,0.020695364,0.029142252,0.000772918
-0.027159460,0.002496521,-0.003176903,-0.049041739,-0.028938873,0.015156100,0.020607505,0.029195201,0.000783869
-0.027162909,-0.004740282,-0.002020037,-0.045168422,-0.031230499,0.014682361,0.020519156,0.029248037,0.000794817
-0.027166357,0.007570843,-0.000441790,-0.041313635,-0.033473112,0.014209437,0.020430318,0.029300759,0.000805760
-0.027169804,0.010242610,0.000891283,-0.037625064,-0.035665309,0.013737444,0.020340995,0.029353367,0.000816700
-0.027173250,-0.009619948,-0.000502129,-0.033727948,-0.037805689,0.013266499,0.020251190,0.029405861,0.000827635
-0.027176695,-0.005125192,-0.000634565,-0.030502911,-0.039892851,0.012796721,0.020160906,0.029458241,0.000838567
-0.027180138,0.004117794,-0.000343962,-0.027504453,-0.041925392,0.012328225,0.020070147,0.029510507,0.000849495
-0.027183581,-0.002415477,0.000815274,-0.024655204,-0.043901912,0.011861131,0.019978915,0.029562657,0.000860419
-0.027187022,0.002226418,0.000812824,-0.021877788,-0.045821008,0.011395554,0.019887213,0.029614693,0.000871338
-0.027190463,-0.002372182,-0.000234783,-0.018874595,-0.047681280,0.010931613,0.019795044,0.029666615,0.000882254
-0.027193902,0.003810058,-0.002124561,-0.015871469,-0.049481326,0.010469424,0.019702412,0.029718421,0.000893165
-0.027197340,-0.007131365,-0.001809600,-0.013012338,-0.051219744,0.010009106,0.019609319,0.029770111,0.000904073
-0.027200777,0.014678067,0.000718979,-0.010182121,-0.052895132,0.009550775,0.019515769,0.029821686,0.000914976
-0.027204213,0.010888780,0.003832467,-0.007404057,-0.054506089,0.009094549,0.019421765,0.029873146,0.000925876
-0.027207648,0.012174577,0.006878780,-0.004701386,-0.056051214,0.008640545,0.019327309,0.029924490,0.000936771
-0.027211082,0.000614721,0.007800372,-0.002097347,-0.057529105,0.008188880,0.019232405,0.029975717,0.000947662
-0.027214515,-0.010089687,0.007917860,0.000384820,-0.058938361,0.007739672,0.019137055,0.030026829,0.000958549
-0.027217946,-0.008681287,0.006409617,0.002307859,-0.060277579,0.007293039,0.019041264,0.030077824,0.000969431
-0.027221377,-0.001585241,0.004279353,0.004091703,-0.061545359,0.006849097,0.018945034,0.030128702,0.000980310
-0.027224806,0.010924087,0.001793992,0.004493275,-0.061491305,0.006407964,0.018848367,0.030179464,0.000991184
-0.027228235,0.003699683,-0.000906890,0.004772883,-0.061368408,0.005969757,0.018751267,0.030230109,0.001002054
-0.027231662,-0.003538912,-0.003550271,0.004941844,-0.061180666,0.005534594,0.018653738,0.030280637,0.001012920
-0.027235088,-0.000944811,-0.005990479,0.005011473,-0.060932076,0.005102592,0.018555782,0.030331048,0.001023782
-0.027238513,-0.013671123,-0.008081841,0.004993084,-0.060626635,0.004673868,0.018457402,0.030381341,0.001034639
-0.027241937,0.002441956,-0.008991599,0.004897994,-0.060268341,0.004248540,0.018358601,0.030431516,0.001045492
-0.027245360,0.008091596,-0.009424363,0.004737519,-0.059861192,0.003826725,0.018259383,0.030481574,0.001056340
-0.027248781,0.013287880,-0.009397653,0.004522973,-0.059409184,0.003408540,0.018159750,0.030531514,0.001067185
-0.027252202,-0.007754397,-0.008231437,0.004363405,-0.059060789,0.003138577,0.018059705,0.030581335,0.001078024
-0.027255621,-0.009131459,-0.006734686,0.004167890,-0.058675399,0.002872348,0.017959252,0.030631039,0.001088860
-0.027259040,-0.015734823,-0.005018819,0.003943239,-0.058256881,0.002609838,0.017858393,0.030680623,0.001099691
-0.027262457,-0.012626987,-0.003024268,0.003696259,-0.057809100,0.002351034,0.017757133,0.030730090,0.001110518
-0.027265873,-0.004554383,-0.001007531,0.003433761,-0.057335922,0.002095922,0.017655472,0.030779437,0.001121340
-0.027269288,0.003565571,0.000945875,0.003162551,-0.056841213,0.001844487,0.017553416,0.030828665,0.001132158
-0.027272702,0.001815459,0.002750436,0.002889441,-0.056328839,0.001596715,0.017450966,0.030877774,0.001142971
-0.027276115,0.000277864,0.004320638,0.002621237,-0.055802666,0.001352593,0.017348127,0.030926763,0.001153780
-0.027279527,0.004035369,0.005570966,0.002364750,-0.055266561,0.001112106,0.017244900,0.030975633,0.001164585
-0.027282937,0.008170558,0.006415904,0.002322980,-0.054920580,0.000875241,0.017141289,0.031024384,0.001175385
-0.027286347,0.017766013,0.006769938,0.002303894,-0.054569750,0.000641983,0.017037298,0.031073014,0.001186180
-0.027289755,0.009100472,0.005297974,0.002365077,-0.054215285,0.000412318,0.016932928,0.031121524,0.001196971
-0.027293162,0.000822523,0.003417676,0.002441504,-0.053858404,0.000186232,0.016828184,0.031169914,0.001207757
-0.027296568,-0.002223094,0.001297133,0.002521576,-0.053500323,-0.000036289,0.016723068,0.031218183,0.001218539
-0.027299973,-0.000191638,-0.000895571,0.002593692,-0.053142259,-0.000255259,0.016617583,0.031266332,0.001229316
-0.027303377,-0.003238366,-0.002992348,0.002646253,-0.052785427,-0.000470692,0.016511732,0.031314360,0.001240088
-0.027306780,-0.001518539,-0.004825112,0.002667659,-0.052431046,-0.000682602,0.016405519,0.031362267,0.001250856
-0.027310182,-0.005187413,-0.006225777,0.002646310,-0.052080331,-0.000891003,0.016298947,0.031410053,0.001261619
-0.027313582,0.006120563,-0.007547068,0.002570606,-0.051734499,-0.001095909,0.016192018,0.031457717,0.001272378
-0.027316982,-0.005307079,-0.005837602,0.001904550,-0.051096458,-0.001297335,0.016084735,0.031505260,0.001283131
-0.027320380,-0.012619573,-0.003168695,0.001166117,-0.050463617,-0.001495293,0.015977102,0.031552681,0.001293880
-0.027323777,0.003153700,0.001494566,0.000348883,-0.049835078,-0.001689799,0.015869122,0.031599980,0.001304625
-0.027327173,-0.000767136,0.005937595,-0.000553575,-0.049209941,-0.001880867,0.015760798,0.031647157,0.001315364
-0.027330568,0.011619168,0.009164676,-0.001547680,-0.048587308,-0.002068510,0.015652133,0.031694212,0.001326099
-0.027333962,-0.006218931,0.008065993,-0.002992959,-0.047966279,-0.002252742,0.015543129,0.031741145,0.001336829
-0.027337355,0.003291549,0.004692740,-0.004514477,-0.047345956,-0.002433578,0.015433791,0.031787955,0.001347555
-0.027340746,-0.005292809,0.004465616,-0.006090405,-0.046725439,-0.002611031,0.015324120,0.031834642,0.001358275
-0.027344137,0.001237936,0.004151963,-0.007698911,-0.046103829,-0.002785117,0.015214121,0.031881206,0.001368991
-0.027347526,0.012857023,0.003755822,-0.009318166,-0.045480227,-0.002955847,0.015103795,0.031927647,0.001379701
-0.027350914,0.019911013,0.002907915,-0.010926339,-0.044853733,-0.003123238,0.014993147,0.031973964,0.001390407
-0.027354301,0.009170535,-0.000185106,-0.012501600,-0.044223450,-0.003287302,0.014882180,0.032020159,0.001401108
-0.027357687,-0.001647501,-0.003262869,-0.014022117,-0.043588477,-0.003448054,0.014770895,0.032066229,0.001411805
-0.027361072,-0.013402116,-0.005489072,-0.015466062,-0.042947916,-0.003605508,0.014659297,0.032112176,0.001422496
-0.027364456,-0.016952329,-0.006027412,-0.016811603,-0.042300868,-0.003759678,0.014547388,0.032157998,0.001433182
-0.027367838,0.008255468,-0.000638141,-0.017852987,-0.041646433,-0.003910578,0.014435172,0.032203697,0.001443863
-0.027371220,-0.002264445,0.005328652,-0.018755292,-0.040983712,-0.004058222,0.014322652,0.032249271,0.001454540
-0.027374600,0.005265485,0.001948016,-0.018649857,-0.040033958,-0.004202625,0.014209830,0.032294720,0.001465211
-0.027377979,-0.005672097,-0.003128843,-0.018392033,-0.039075659,-0.004343799,0.014096710,0.032340045,0.001475877
-0.027381357,-0.016665045,-0.008307882,-0.017987354,-0.038109457,-0.004481759,0.013983294,0.032385245,0.001486539
-0.027384734,-0.002423041,-0.009324540,-0.016990050,-0.037135993,-0.004616520,0.013869587,0.032430319,0.001497195
-0.027388110,-0.004748263,-0.008915867,-0.015860240,-0.036155907,-0.004748095,0.013755590,0.032475269,0.001507846
-0.027391484,0.011908986,-0.007622091,-0.014606740,-0.035169840,-0.004876499,0.013641307,0.032520093,0.001518492
-0.027394858,0.013098401,-0.005983442,-0.013238366,-0.034178434,-0.005001745,0.013526741,0.032564791,0.001529133
-0.027398230,-0.010863843,-0.004306627,-0.011763931,-0.033182328,-0.005123847,0.013411895,0.032609364,0.001539769
-0.027401601,-0.014519348,-0.003040576,-0.010192251,-0.032182164,-0.005242820,0.013296773,0.032653810,0.001550400
-0.027404971,-0.012909415,-0.002134522,-0.008532143,-0.031178581,-0.005358677,0.013181376,0.032698130,0.001561026
-0.027408340,-0.001249030,-0.001364011,-0.006792420,-0.030172223,-0.005471433,0.013065709,0.032742324,0.001571646
-0.027411708,0.010246820,-0.000504588,-0.004981899,-0.029163728,-0.005581102,0.012949774,0.032786392,0.001582261
-0.027415075,0.006363147,0.000668200,-0.003109394,-0.028153737,-0.005687697,0.012833574,0.032830333,0.001592872
-0.027418440,0.000314081,0.003949692,-0.001183721,-0.027142893,-0.005791233,0.012717113,0.032874147,0.001603476
-0.027421805,-0.011219795,0.007668773,0.000786305,-0.026131834,-0.005891724,0.012600393,0.032917833,0.001614076
-0.027425168,0.001505923,0.012090504,0.002791868,-0.025121203,-0.005989184,0.012483418,0.032961393,0.001624670
-0.027428530,-0.000904110,0.016619698,0.004824154,-0.024111639,-0.006083627,0.012366190,0.033004825,0.001635260
-0.027431891,0.016789468,0.021026461,0.006874348,-0.023103784,-0.006175066,0.012248713,0.033048130,0.001645843
-0.027435251,0.005986580,0.023920338,0.008933633,-0.022098279,-0.006263517,0.012130990,0.033091307,0.001656422
-0.027438609,0.000479393,0.026518627,0.010993194,-0.021095764,-0.006348993,0.012013024,0.033134355,0.001666995
-0.027441967,-0.014779363,0.028878066,0.013044217,-0.020096880,-0.006431508,0.011894817,0.033177276,0.001677563
-0.027445323,0.000128035,0.031090400,0.015077886,-0.019102267,-0.006511076,0.011776373,0.033220069,0.001688126
-0.027448678,0.000229274,0.033137409,0.017085386,-0.018112568,-0.006587711,0.011657695,0.033262733,0.001698683
-0.027452032,0.010517034,0.035035879,0.019057902,-0.017128421,-0.006661428,0.011538787,0.033305268,0.001709234
-0.027455385,0.006413130,0.036373464,0.020986618,-0.016150469,-0.006732240,0.011419650,0.033347674,0.001719781
-0.027458737,-0.007444089,0.037521282,0.022862718,-0.015179352,-0.006800161,0.011300288,0.033389952,0.001730322
-0.027462088,-0.004684434,0.037118609,0.024677389,-0.014215711,-0.006865206,0.011180705,0.033432100,0.001740857
-0.027465437,0.003344541,0.036522470,0.026421814,-0.013260186,-0.006927388,0.011060903,0.033474119,0.001751387
-0.027468785,0.006597986,0.035787179,0.028087178,-0.012313419,-0.006986722,0.010940885,0.033516008,0.001761912
-0.027472132,0.010031053,0.034967054,0.029664666,-0.011376050,-0.007043221,0.010820655,0.033557768,0.001772431
-0.027475478,0.009031257,0.033684044,0.031145463,-0.010448720,-0.007096900,0.010700215,0.033599397,0.001782944
-0.027478823,-0.001784419,0.032330636,0.032520753,-0.009532069,-0.007147773,0.010579568,0.033640897,0.001793452
-0.027482167,-0.012366628,0.030866949,0.033781722,-0.008626739,-0.007195853,0.010458719,0.033682266,0.001803954
-0.027485509,-0.007063018,0.029782249,0.033787402,-0.007733371,-0.007241156,0.010337668,0.033723505,0.001814451
-0.027488851,-0.001380633,0.028442522,0.033679505,-0.006852604,-0.007283694,0.010216421,0.033764614,0.001824942
-0.027492191,0.014776489,0.026742898,0.033467590,-0.005985081,-0.007323482,0.010094979,0.033805591,0.001835428
-0.027495530,0.007913022,0.023169796,0.033161218,-0.005131441,-0.007360534,0.009973346,0.033846437,0.001845908
-0.027498868,0.006418480,0.019324792,0.032769946,-0.004292325,-0.007394864,0.009851525,0.033887153,0.001856382
-0.027502205,-0.009908910,0.015400755,0.032303336,-0.003468375,-0.007426486,0.009729518,0.033927737,0.001866851
-0.027505540,-0.006067580,0.011387206,0.031770947,-0.002660231,-0.007455414,0.009607330,0.033968189,0.001877314
-0.027508875,0.007507410,0.007710299,0.031182339,-0.001868534,-0.007481662,0.009484963,0.034008510,0.001887772
-0.027512208,0.004570726,0.005606460,0.030547071,-0.001093924,-0.007505244,0.009362420,0.034048699,0.001898223
-0.027515540,0.001251124,0.003938024,0.030303372,-0.000765712,-0.007526175,0.009239704,0.034088756,0.001908669
-0.027518871,-0.002336254,0.002580944,0.030031050,-0.000454787,-0.007544468,0.009116818,0.034128681,0.001919109
-0.027522201,-0.011076270,0.001411172,0.029738582,-0.000160707,-0.007560138,0.008993766,0.034168473,0.001929544
-0.027525529,-0.000481979,0.000932856,0.029434445,0.000116971,-0.007573197,0.008870550,0.034208132,0.001939972
-0.027528857,0.005170787,0.000412922,0.029127117,0.000378688,-0.007583662,0.008747173,0.034247659,0.001950395
-0.027532183,0.010977999,-0.000253512,0.028825073,0.000624886,-0.007591544,0.008623639,0.034287053,0.001960812
-0.027535508,0.012397325,-0.001533020,0.028536791,0.000856006,-0.007596860,0.008499950,0.034326314,0.001971223
-0.027538832,0.003654636,-0.002660380,0.028270748,0.001072491,-0.007599622,0.008376110,0.034365442,0.001981629
-0.027542155,-0.005662500,-0.003232069,0.028035422,0.001274783,-0.007599844,0.008252122,0.034404436,0.001992028
-0.027545476,0.003543084,-0.001874528,0.027359656,0.001463323,-0.007597542,0.008127988,0.034443296,0.002002422
-0.027548797,-0.003835545,0.001035589,0.026726605,0.001638553,-0.007592728,0.008003712,0.034482023,0.002012809
-0.027552116,0.006108083,0.001587862,0.026139791,0.001800915,-0.007585417,0.007879297,0.034520616,0.002023191
-0.027555434,-0.006428097,-0.000752437,0.025935575,0.001950852,-0.007575622,0.007754745,0.034559074,0.002033567
-0.027558751,0.005305836,-0.002351696,0.025729992,0.002088804,-0.007563359,0.007630061,0.034597398,0.002043937
-0.027562067,-0.004670817,-0.002178520,0.025471918,0.002215214,-0.007548641,0.007505247,0.034635588,0.002054301
-0.027565381,0.003606072,0.000243191,0.024720692,0.002330524,-0.007531481,0.007380306,0.034673642,0.002064659
-0.027568695,-0.003951135,0.003645520,0.023831439,0.002435175,-0.007511895,0.007255241,0.034711562,0.002075010
-0.027572007,0.006739806,0.004447203,0.022302749,0.002529609,-0.007489896,0.007130055,0.034749347,0.002085356
-0.027575318,0.006606669,0.001230233,0.020624424,0.002614269,-0.007465498,0.007004751,0.034786997,0.002095696
-0.027578628,-0.002250704,-0.003128463,0.018819264,0.002689595,-0.007438716,0.006879333,0.034824511,0.002106030
-0.027581936,-0.005822325,-0.007662104,0.016910069,0.002756031,-0.007409562,0.006753803,0.034861890,0.002116357
-0.027585244,0.004487158,-0.010989273,0.014919640,0.002814017,-0.007378052,0.006628164,0.034899132,0.002126679
-0.027588550,0.007179146,-0.011634603,0.012870778,0.002863997,-0.007344199,0.006502420,0.034936239,0.002136994
-0.027591855,0.003973754,-0.011341439,0.010786283,0.002575114,-0.006900114,0.006299967,0.034973210,0.002147304
-0.027595159,-0.004844313,-0.010417717,0.008688954,0.002279264,-0.006453881,0.006097423,0.035010044,0.002157607
-0.027598462,-0.008990353,-0.009171371,0.006601593,0.001977048,-0.006005681,0.005894801,0.035046742,0.002167904
-0.027601764,0.001220996,-0.007310992,0.004547000,0.001669065,-0.005555693,0.005692113,0.035083303,0.002178195
-0.027605064,0.001506287,-0.005576368,0.002547976,0.001355913,-0.005104100,0.005489370,0.035119728,0.002188479
-0.027608363,0.011982735,-0.004107941,0.000627320,0.001038192,-0.004651080,0.005286586,0.035156015,0.002198758
-0.027611661,0.003211411,-0.003490015,-0.001192167,0.000716502,-0.004196815,0.005083773,0.035192165,0.002209030
-0.027614958,0.004528825,-0.003082332,-0.002887685,0.000391441,-0.003741484,0.004880941,0.035228178,0.002219296
-0.027618254,-0.004284651,-0.002688492,-0.004436432,0.000063610,-0.003285270,0.004678104,0.035264053,0.002229555
-0.027621548,-0.008448648,-0.002112098,-0.005815610,-0.000266394,-0.002828352,0.004475273,0.035299790,0.002239809
-0.027624842,0.006129546,-0.000929870,-0.006541639,-0.000597970,-0.002370911,0.004272462,0.035335390,0.002250056
-0.027628134,-0.004853677,0.000641181,-0.007094331,-0.000930519,-0.001913127,0.004069680,0.035370851,0.002260297
-0.027631425,0.005495831,0.000117708,-0.006777922,-0.001370437,-0.001455180,0.003866942,0.035406174,0.002270531
-0.027634715,0.005764590,-0.000428458,-0.006358447,-0.001809872,-0.000997252,0.003664259,0.035441359,0.002280759
-0.027638003,0.000869178,-0.000863348,-0.005887142,-0.002247968,-0.000539523,0.003461643,0.035476405,0.002290981
-0.027641291,-0.009504772,-0.000759492,-0.005477796,-0.002683867,-0.000082174,0.003259106,0.035511312,0.002301196
-0.027644577,-0.001611744,0.001074771,-0.005068276,-0.003116713,0.000374616,0.003056660,0.035546080,0.002311405
-0.027647862,0.006408329,0.002779105,-0.004658999,-0.003545650,0.000830665,0.002854318,0.035580709,0.002321607
-0.027651146,-0.003761099,0.002669787,-0.004250386,-0.003969821,0.001285793,0.002652092,0.035615199,0.002331803
-0.027654428,0.003794039,-0.000129677,-0.003880698,-0.004388368,0.001739820,0.002449993,0.035649549,0.002341992
-0.027657710,-0.004421125,-0.002176209,-0.003498832,-0.004800435,0.002192564,0.002248034,0.035683759,0.002352175
-0.027660990,-0.008097258,-0.003793089,-0.003091529,-0.005205167,0.002643846,0.002046226,0.035717830,0.002362352
-0.027664269,-0.008909354,-0.003505195,-0.002459605,-0.005601705,0.003093485,0.001844583,0.035751760,0.002372522
-0.027667547,-0.005454463,-0.002507966,-0.001811262,-0.005989193,0.003541300,0.001643116,0.035785551,0.002382685
-0.027670823,0.007564852,-0.001077247,-0.001168776,-0.006366774,0.003987111,0.001441837,0.035819200,0.002392842
-0.027674099,0.005446028,0.000511114,-0.000554426,-0.006733592,0.004430737,0.001240758,0.035852710,0.002402992
-0.027677373,0.008486500,0.001981269,0.000009513,-0.007088791,0.004871998,0.001039892,0.035886078,0.002413136
-0.027680646,-0.007666006,0.002707082,0.000500762,-0.007431512,0.005310714,0.000839250,0.035919306,0.002423273
-0.027683918,0.007261757,0.002436895,0.000897046,-0.007760901,0.005746702,0.000638845,0.035952392,0.002433404
-0.027687188,-0.001791761,0.001444334,0.000985599,-0.008076099,0.006179784,0.000438689,0.035985337,0.002443528
-0.027690458,-0.005636827,0.000334130,0.000314102,-0.007417262,0.006254915,0.000291837,0.036018141,0.002453645
-0.027693726,0.005705348,-0.000887554,-0.000445719,-0.006742907,0.006326968,0.000145253,0.036050803,0.002463755
-0.027696993,0.000678128,-0.000426353,-0.001532081,-0.006052560,0.006395955,-0.000001055,0.036083323,0.002473859
-0.027700259,-0.009562480,0.000249906,-0.002633654,-0.005345750,0.006461884,-0.000147081,0.036115701,0.002483956
-0.027703524,0.000084753,0.000980951,-0.003691887,-0.004622005,0.006524767,-0.000292816,0.036147937,0.002494046
-0.027706787,0.009982359,0.001345210,-0.004648225,-0.003880853,0.006584613,-0.000438255,0.036180030,0.002504130
-0.027710049,0.015245690,0.000138846,-0.004148252,-0.003388245,0.006641433,-0.000583389,0.036211981,0.002514207
-0.027713310,0.011867411,-0.002616855,-0.003472940,-0.002877174,0.006695237,-0.000728211,0.036243789,0.002524277
-0.027716570,-0.001650582,-0.005439284,-0.002607397,-0.002347059,0.006746035,-0.000872714,0.036275455,0.002534340
-0.027719829,-0.010929079,-0.007723140,-0.001536731,-0.001797317,0.006793836,-0.001016891,0.036306977,0.002544397
-0.027723086,-0.012861176,-0.008302533,0.000465662,-0.001227365,0.006838653,-0.001160735,0.036338356,0.002554446
-0.027726342,0.004320832,-0.008212053,0.002666070,-0.000636620,0.006880493,-0.001304238,0.036369591,0.002564489
-0.027729597,-0.006031989,-0.005781369,0.005042493,-0.000024500,0.006919369,-0.001447392,0.036400683,0.002574525
-0.027732851,0.012240225,-0.007148941,0.007572930,0.000609577,0.006955289,-0.001590192,0.036431631,0.002584554
-0.027736104,-0.012856658,-0.010299239,0.010235381,0.001266195,0.006988264,-0.001732629,0.036462435,0.002594576
-0.027739355,-0.023147478,-0.013386021,0.013007845,0.001945935,0.007018305,-0.001874696,0.036493095,0.002604591
-0.027742605,-0.023481640,-0.011538482,0.015868323,0.002649381,0.007045421,-0.002016386,0.036523611,0.002614600
-0.027745854,-0.000089959,-0.008504407,0.018794814,0.003377115,0.007069622,-0.002157691,0.036553982,0.002624601
-0.027749102,0.002326398,-0.004561227,0.021765317,0.004129719,0.007090919,-0.002298605,0.036584208,0.002634595
-0.027752348,0.014066262,0.000013624,0.024757832,0.004907777,0.007109322,-0.002439120,0.036614290,0.002644582
-0.027755594,0.005045579,0.005325605,0.027750359,0.005711870,0.007124841,-0.002579229,0.036644226,0.002654563
-0.027758838,-0.008851263,0.010511727,0.030720898,0.006542582,0.007137487,-0.002718924,0.036674018,0.002664536
-0.027762080,-0.010963461,0.013932587,0.033647448,0.007400494,0.007147268,-0.002858199,0.036703664,0.002674502
-0.027765322,-0.007492992,0.016811562,0.036508009,0.008286190,0.007154197,-0.002997046,0.036733164,0.002684461
-0.027768563,0.006517470,0.019212726,0.039280580,0.009200253,0.007158282,-0.003135458,0.036762518,0.002694413
-0.027771802,0.011025254,0.021200154,0.041943161,0.010143264,0.007159534,-0.003273427,0.036791727,0.002704358
-0.027775040,0.006726671,0.022098931,0.044473751,0.011115806,0.007157963,-0.003410946,0.036820789,0.002714296
-0.027778276,-0.012101018,0.022653200,0.046850352,0.012118462,0.007153579,-0.003548008,0.036849706,0.002724227
-0.027781512,0.001013075,0.021413472,0.049050961,0.013151814,0.007146393,-0.003684607,0.036878475,0.002734151
-0.027784746,0.014786977,0.019683121,0.051053578,0.014216446,0.007136414,-0.003820733,0.036907098,0.002744067
-0.027787979,0.015986846,0.017128610,0.051424983,0.015312939,0.007123654,-0.003956381,0.036935575,0.002753976
-0.027791211,0.012842088,0.014133188,0.051551921,0.016441876,0.007108121,-0.004091543,0.036963904,0.002763878
-0.027794442,0.015175600,0.010897832,0.051409918,0.017603840,0.007089826,-0.004226211,0.036992086,0.002773773
-0.027797671,-0.002189723,0.007623523,0.050974498,0.018799414,0.007068780,-0.004360379,0.037020121,0.002783661
-0.027800900,-0.009430985,0.004511240,0.050221186,0.020029179,0.007044992,-0.004494039,0.037048008,0.002793541
-0.027804127,0.004311463,0.000725208,0.049125508,0.021293719,0.007018473,-0.004627184,0.037075747,0.002803414
-0.027807352,0.012615713,-0.002288788,0.047635883,0.022620722,0.006989232,-0.004759806,0.037103339,0.002813280
-0.027810577,0.004072832,-0.003097941,0.045758511,0.023980095,0.006957281,-0.004891899,0.037130782,0.002823138
-0.027813800,-0.010035505,-0.002960051,0.043472487,0.025368852,0.006922629,-0.005023455,0.037158077,0.002832989
-0.027817022,-0.024451399,-0.002109142,0.040756906,0.026784004,0.006885286,-0.005154466,0.037185224,0.002842833
-0.027820243,-0.019476982,0.001384608,0.035987046,0.028222566,0.006845262,-0.005284927,0.037212222,0.002852669
-0.027823463,-0.003904505,0.005136819,0.030342510,0.029681550,0.006802569,-0.005414828,0.037239071,0.002862498
-0.027826681,0.027913751,0.008031489,0.024294552,0.031157969,0.006757215,-0.005544164,0.037265772,0.002872320
-0.027829898,0.035607415,0.005394554,0.017890572,0.032648837,0.006709211,-0.005672926,0.037292323,0.002882134
-0.027833114,0.014733766,0.001624306,0.011177973,0.034151166,0.006658568,-0.005801108,0.037318725,0.002891941
-0.027836329,-0.010168005,-0.002862880,0.004204156,0.035661969,0.006605295,-0.005928702,0.037344977,0.002901740
-0.027839542,0.007225883,-0.009435214,-0.002983477,0.037178260,0.006549402,-0.006055701,0.037371080,0.002911532
-0.027842754,0.016489426,-0.012711126,-0.010337526,0.038697051,0.006490900,-0.006182098,0.037397033,0.002921317
-0.027845965,0.005095338,-0.015207761,-0.017810587,0.040215355,0.006429799,-0.006307886,0.037422836,0.002931093
-0.027849175,-0.002121806,-0.016804127,-0.025355261,0.041730186,0.006366109,-0.006433056,0.037448489,0.002940863
-0.027852384,-0.010327427,-0.017379233,-0.032924145,0.043238556,0.006299841,-0.006557602,0.037473991,0.002950624
-0.027855591,-0.019686948,-0.016812088,-0.040469838,0.044737479,0.006231004,-0.006681517,0.037499343,0.002960379
-0.027858797,-0.018186549,-0.012160945,-0.047944938,0.046223967,0.006159608,-0.006804794,0.037524543,0.002970125
-0.027862002,-0.002595433,-0.006701031,-0.055302044,0.047695034,0.006085664,-0.006927424,0.037549593,0.002979864
-0.027865205,0.007496440,-0.000886820,-0.062493754,0.049147693,0.006009182,-0.007049402,0.037574492,0.002989596
-0.027868407,0.012499109,0.004827219,-0.069472667,0.050578955,0.005930173,-0.007170719,0.037599240,0.002999320
-0.027871609,0.007744453,0.010064773,-0.076191381,0.051985836,0.005848645,-0.007291368,0.037623836,0.003009036
-0.027874808,-0.006539963,0.014553849,-0.082602495,0.053365347,0.005764610,-0.007411343,0.037648281,0.003018745
-0.027878007,-0.004124991,0.017020863,-0.088658607,0.054714502,0.005678078,-0.007530635,0.037672573,0.003028445
-0.027881204,0.003751789,0.018658966,-0.094312315,0.056030313,0.005589058,-0.007649238,0.037696714,0.003038139
-0.027884400,0.006724411,0.019789691,-0.099516219,0.057309794,0.005497562,-0.007767144,0.037720703,0.003047824
-0.027887595,-0.000066349,0.020227831,-0.104222916,0.058549958,0.005403598,-0.007884346,0.037744539,0.003057502
-0.027890789,-0.006687846,0.019996309,-0.108385005,0.059747817,0.005307178,-0.008000836,0.037768223,0.003067172
-0.027893981,-0.008207438,0.019118050,-0.111955084,0.060900385,0.005208311,-0.008116609,0.037791754,0.003076834
-0.027897172,-0.004692481,0.017615980,-0.114885753,0.062004675,0.005107008,-0.008231655,0.037815132,0.003086488
-0.027900362,-0.001030739,0.015333430,-0.117129609,0.063057700,0.005003279,-0.008345969,0.037838357,0.003096135
-0.027903551,0.007269115,0.012734642,-0.118639251,0.064056472,0.004897134,-0.008459542,0.037861429,0.003105774
-0.027906738,0.004507906,0.010474358,-0.119339788,0.064970516,0.004788583,-0.008572368,0.037884347,0.003115405
-0.027909924,-0.009083190,0.008276972,-0.119211434,0.065824461,0.004677637,-0.008684438,0.037907112,0.003125028
-0.027913109,-0.005209702,0.006773834,-0.117177169,0.066615445,0.004564305,-0.008795747,0.037929723,0.003134643
-0.027916293,0.003781390,0.004367449,-0.114289673,0.067340608,0.004448598,-0.008906286,0.037952180,0.003144250
-0.027919475,-0.002494328,0.001468008,-0.110571880,0.067997089,0.004330525,-0.009016049,0.037974483,0.003153850
-0.027922656,0.010166517,-0.013373865,-0.098774944,0.068582028,0.004210098,-0.009125028,0.037996631,0.003163441
-0.027925836,-0.005629239,-0.009901838,-0.086759190,0.069092565,0.004087326,-0.009233216,0.038018625,0.003173025
-0.027929015,-0.030151976,-0.003191122,-0.074176183,0.069525838,0.003962219,-0.009340605,0.038040465,0.003182600
-0.027932192,-0.067954871,0.006402914,-0.061114533,0.069878987,0.003834788,-0.009447188,0.038062149,0.003192168
-0.027935368,-0.108591106,0.018524905,-0.047662851,0.070149152,0.003705042,-0.009552959,0.038083679,0.003201728
-0.027938543,-0.161613859,0.032819484,-0.033909747,0.070487995,0.003418469,-0.009657909,0.038105053,0.003211279
-0.027941717,-0.211576310,0.048931283,-0.019943832,0.070738020,0.003129714,-0.009762032,0.038126272,0.003220823
-0.027944889,-0.258031639,0.066504937,-0.005853716,0.070896254,0.002838901,-0.009865320,0.038147336,0.003230359
-0.027948060,-0.320533024,0.085185077,0.008271992,0.070959723,0.002546152,-0.009967767,0.038168244,0.003239886
-0.027951230,-0.403633646,0.104616338,0.022344679,0.070925453,0.002251590,-0.010069363,0.038188995,0.003249405
-0.027954398,-0.456886684,0.124443353,0.036275737,0.070790472,0.001955338,-0.010170104,0.038209591,0.003258917
-0.027957566,-0.445163123,0.149628560,0.049976555,0.070551806,0.001657520,-0.010269980,0.038230031,0.003268420
-0.027960732,-0.382377891,0.174178341,0.063358522,0.070206483,0.001358257,-0.010368986,0.038250314,0.003277915
-0.027963896,-0.287763724,0.197416886,0.076333028,0.069751528,0.001057673,-0.010467113,0.038270440,0.003287402
-0.027967060,-0.175553355,0.218668382,0.088811462,0.069183968,0.000755890,-0.010564355,0.038290410,0.003296881
-0.027970222,-0.004979521,0.237257018,0.100705215,0.068500831,0.000453031,-0.010660704,0.038310222,0.003306351
-0.027973383,0.244725046,0.252506982,0.111925676,0.067699143,0.000149219,-0.010756152,0.038329878,0.003315813
-0.027976543,0.479327610,0.263742462,0.122384234,0.066775931,-0.000155422,-0.010850693,0.038349376,0.003325267
-0.027979701,0.629595438,0.270287647,0.131992280,0.065728221,-0.000460771,-0.010944320,0.038368716,0.003334713
-0.027982859,0.676295793,0.271466724,0.140661202,0.064553040,-0.000766704,-0.011037025,0.038387899,0.003344151
-0.027986014,0.602762435,0.236162320,0.138727102,0.060697774,-0.001073099,-0.011128800,0.038406924,0.003353580
-0.027989169,0.340119010,0.196048895,0.135833301,0.056720865,-0.001379833,-0.011219639,0.038425791,0.003363001
-0.027992322,0.012055659,0.152359345,0.132047832,0.052631113,-0.001686783,-0.011309535,0.038444500,0.003372414
-0.027995475,-0.217737480,0.106326568,0.127438728,0.048437317,-0.001993825,-0.011398479,0.038463051,0.003381818
-0.027998625,-0.320570267,0.059183461,0.122074021,0.044148279,-0.002300838,-0.011486466,0.038481442,0.003391214
-0.028001775,-0.317752562,0.012162922,0.116021745,0.039772800,-0.002607699,-0.011573486,0.038499675,0.003400602
-0.028004923,-0.256388686,-0.032707692,0.109349932,0.035319679,-0.002914284,-0.011659534,0.038517749,0.003409981
-0.028008070,-0.172094132,-0.074889851,0.102126615,0.030797716,-0.003220470,-0.011744602,0.038535664,0.003419352
-0.028011216,-0.081278855,-0.113050562,0.094419827,0.026215713,-0.003526136,-0.011828683,0.038553420,0.003428715
-0.028014361,-0.015352810,-0.145856835,0.086297600,0.021582470,-0.003831158,-0.011911769,0.038571016,0.003438069
-0.028017504,0.029274051,-0.171975680,0.077827967,0.016906786,-0.004135413,-0.011993853,0.038588453,0.003447414
-0.028020646,0.029845102,-0.163727434,0.069078962,0.012197463,-0.004438778,-0.012074929,0.038605729,0.003456751
-0.028023786,0.029535223,-0.149829725,0.060584401,0.007463302,-0.004741131,-0.012154987,0.038622846,0.003466080
-0.028026926,0.010172620,-0.131715462,0.051940057,0.002713101,-0.005042349,-0.012234023,0.038639803,0.003475400
-0.028030064,-0.006414497,-0.111283340,0.043207486,-0.002044338,-0.005342309,-0.012312027,0.038656599,0.003484712
-0.028033201,0.007316210,-0.091146185,0.034448244,-0.006800215,-0.005640887,-0.012388993,0.038673234,0.003494015
-0.028036336,-0.003964219,-0.071045523,0.025723888,-0.011545729,-0.005937962,-0.012464914,0.038689709,0.003503309
-0.028039471,-0.008829527,-0.052478099,0.017095974,-0.016272080,-0.006233411,-0.012539782,0.038706023,0.003512595
-0.028042604,-0.011189565,-0.036604548,0.008626059,-0.020970468,-0.006527110,-0.012613591,0.038722176,0.003521873
-0.028045735,-0.012553986,-0.021985705,0.000375700,-0.025632092,-0.006818937,-0.012686332,0.038738168,0.003531141
-0.028048866,0.001792606,-0.008407451,-0.007593548,-0.030248152,-0.007108768,-0.012757998,0.038753998,0.003540402
-0.028051995,0.001565607,0.004344330,-0.015220126,-0.034809847,-0.007396482,-0.012828583,0.038769667,0.003549653
-0.028055123,0.011480413,0.016483755,-0.022442480,-0.039308377,-0.007681955,-0.012898079,0.038785173,0.003558896
-0.028058249,-0.007769114,0.021497893,-0.023450469,-0.043734942,-0.007965065,-0.012966479,0.038800518,0.003568130
-0.028061375,-0.007110972,0.026078595,-0.024016878,-0.048080741,-0.008245688,-0.013033775,0.038815701,0.003577355
-0.028064499,-0.011494692,0.030190662,-0.024165907,-0.052336973,-0.008523702,-0.013099961,0.038830721,0.003586572
-0.028067621,0.004346790,0.033582302,-0.023921756,-0.056494839,-0.008798984,-0.013165028,0.038845579,0.003595780
-0.028070743,0.005296921,0.036385337,-0.023308628,-0.060545538,-0.009071411,-0.013228970,0.038860274,0.003604979
-0.028073863,0.011455745,0.038514996,-0.022350723,-0.064480270,-0.009340860,-0.013291780,0.038874807,0.003614170
-0.028076982,0.003675993,0.039133816,-0.021072241,-0.068290233,-0.009607209,-0.013353449,0.038889176,0.003623351
-0.028080099,-0.003928852,0.039143586,-0.019497384,-0.071966628,-0.009870334,-0.013413972,0.038903382,0.003632524
-0.028083216,-0.006492617,0.038693403,-0.017650353,-0.075500655,-0.010130113,-0.013473340,0.038917425,0.003641688
-0.028086331,-0.004024177,0.037807412,-0.015555348,-0.078883512,-0.010386423,-0.013531547,0.038931304,0.003650843
-0.028089444,0.003342405,0.036634947,-0.013236570,-0.082106400,-0.010639141,-0.013588584,0.038945019,0.003659990
-0.028092557,0.005050111,0.035748298,-0.010718220,-0.085160518,-0.010888144,-0.013644446,0.038958571,0.003669127
-0.028095668,-0.003149723,0.034411398,-0.008024499,-0.088037065,-0.011133310,-0.013699124,0.038971958,0.003678256
-0.028098778,0.004364933,0.032017488,-0.005179608,-0.090727242,-0.011374515,-0.013752612,0.038985181,0.003687375
-0.028101886,-0.003665716,0.029841632,-0.002454755,-0.092975241,-0.011611637,-0.013804901,0.038998240,0.003696486
-0.028104994,-0.007307793,0.027965226,0.000375793,-0.095022194,-0.011844553,-0.013855985,0.039011134,0.003705588
